"Campaign name","Ad name","Ad set name",Age,Gender,Reach,Impressions,"Post engagements","Messaging conversations started","Clicks (all)",Currency,"Cost per post engagement","Cost per messaging conversation started","CTR (all)","Amount spent (THB)","Reporting starts","Reporting ends"
"3020 | BU DIA | Message | Wedding Package sale up to 60% off | 1-31 Oct 25","Wedding Package sale up to 60% off","3020 | BU DIA | Message | Wedding Package sale up to 60% off | 1-31 Oct 25 [Retargeting]",25-34,female,4072,10946,844,33,1165,THB,1.22846001,31.41879544,10.64315732,1036.82024941,2025-10-01,2025-10-31
"3020 | BU DIA | Engage | Wedding Package sale up to 60% off | 1-31 Oct 25","Wedding Package sale up to 60% off","3020 | BU DIA | Engage | Wedding Package sale up to 60% off | 1-31 Oct 25 [Retargeting]",25-34,female,13276,29344,3749,4,4741,THB,0.26444096,247.84728873,16.15662486,991.38915493,2025-10-01,2025-10-31
"3020 | BU DIA | Message | เพชรเเท้ที่ใช่ ในงบที่ชอบ Sale up to 60% off | 16-30 Oct 25","เพชรเเท้ที่ใช่ ในงบที่ชอบ Sale up to 60% off","3020 | BU DIA | Message | เพชรเเท้ที่ใช่ ในงบที่ชอบ Sale up to 60% off | 16-30 Oct 25 [Retargeting]",35-44,female,5126,13980,1110,18,1413,THB,0.8262373,50.95130038,10.10729614,917.12340677,2025-10-01,2025-10-31
"3020 | BU DIA | Message | One Price ราคาเดียว 13,900.- | 1-31 Oct 25","One Price ราคาเดียว 13,900.-","3020 | BU DIA | Message | One Price ราคาเดียว 13,900.- | 1-31 Oct 25 [Retargeting]",35-44,female,5314,11599,1255,33,1552,THB,0.6909591,26.27738401,13.38046383,867.15367231,2025-10-01,2025-10-31
"3020 | BU DIA | Message | Your Diamond Your Gift Sale up to 60% off | 1-15 Oct 25","Your Diamond Your Gift Sale up to 60% off","3020 | BU DIA | Message | Your Diamond Your Gift Sale up to 60% off | 1-15 Oct 25 [Retargeting]",35-44,female,3472,9413,769,23,1025,THB,1.06231469,35.51826087,10.88919579,816.92,2025-10-01,2025-10-31
"3020 | BU DIA | Message | Pearl Essential sale up to 70% | 1-31 Oct 25","Pearl Essential sale up to 70%","3020 | BU DIA | Message | Pearl Essential sale up to 70% | 1-31 Oct 25 [Retargeting]",35-44,female,3382,10191,853,39,1142,THB,0.88556906,19.36898482,11.20596605,755.39040795,2025-10-01,2025-10-31
"3020 | BU DIA | Message | One Price ราคาเดียว 13,900.- | 1-31 Oct 25","One Price ราคาเดียว 13,900.-","3020 | BU DIA | Message | One Price ราคาเดียว 13,900.- | 1-31 Oct 25 [Retargeting]",25-34,female,5282,12559,890,27,1230,THB,0.82349251,27.14475311,9.79377339,732.90833396,2025-10-01,2025-10-31
"3020 | BU DIA | Message | Your Diamond Your Gift Sale up to 60% off | 1-15 Oct 25","Your Diamond Your Gift Sale up to 60% off","3020 | BU DIA | Message | Your Diamond Your Gift Sale up to 60% off | 1-15 Oct 25 [Retargeting]",25-34,female,3487,9724,521,19,719,THB,1.36410749,37.40526316,7.39407651,710.7,2025-10-01,2025-10-31
"3020 | BU DIA | Engage  | One Price ราคาเดียว 13,900.- | 1-31 Oct 25","One Price ราคาเดียว 13,900.-","3020 | BU DIA | Engage  | One Price ราคาเดียว 13,900.- | 1-31 Oct 25 [Retargeting]",35-44,female,12246,23323,3515,9,4210,THB,0.19747021,77.12308773,18.05085109,694.10778954,2025-10-01,2025-10-31
"3020 | BU DIA | Engage | เพชรแท้ตามงบ ครบจบที่นี่ | 17-30 Oct 25","เพชรแท้ตามงบ ครบจบที่นี่","3020 | BU DIA | Engage | เพชรแท้ตามงบ ครบจบที่นี่ | 17-30 Oct 25 [Retargeting]",25-34,female,8567,19228,1514,2,1862,THB,0.45764424,346.43669249,9.68379447,692.87338497,2025-10-01,2025-10-31
"3020 | BU DIA | Message | One Price ราคาเดียว 13,900.- | 1-31 Oct 25","One Price ราคาเดียว 13,900.-","3020 | BU DIA | Message | One Price ราคาเดียว 13,900.- | 1-31 Oct 25 [Interest]",35-44,female,5108,11716,1197,45,1252,THB,0.52541691,13.97608979,10.68624104,628.92404055,2025-10-01,2025-10-31
"3020 | BU DIA | Engage | Pearl Essential sale up to 70% | 1-31 Oct 25","Pearl Essential sale up to 70%","3020 | BU DIA | Engage | Pearl Essential sale up to 70% | 1-31 Oct 25 [Retargeting]",25-34,female,7498,19061,1803,15,2302,THB,0.3435858,41.29901365,12.0770159,619.48520474,2025-10-01,2025-10-31
"3020 | BU DIA | Engage  | One Price ราคาเดียว 13,900.- | 1-31 Oct 25","One Price ราคาเดียว 13,900.-","3020 | BU DIA | Engage  | One Price ราคาเดียว 13,900.- | 1-31 Oct 25 [Retargeting]",25-34,female,10865,21560,2608,9,3165,THB,0.23572087,68.30667112,14.67996289,614.7600401,2025-10-01,2025-10-31
"3020 | BU DIA | Message | เพชรเเท้ที่ใช่ ในงบที่ชอบ Sale up to 60% off | 16-30 Oct 25","เพชรเเท้ที่ใช่ ในงบที่ชอบ Sale up to 60% off","3020 | BU DIA | Message | เพชรเเท้ที่ใช่ ในงบที่ชอบ Sale up to 60% off | 16-30 Oct 25 [Retargeting]",25-34,female,4131,11576,639,11,880,THB,0.91173753,52.96366173,7.60193504,582.60027899,2025-10-01,2025-10-31
"3020 | BU DIA | Engage | เพชรแท้ตามงบ ครบจบที่นี่ | 17-30 Oct 25","เพชรแท้ตามงบ ครบจบที่นี่","3020 | BU DIA | Engage | เพชรแท้ตามงบ ครบจบที่นี่ | 17-30 Oct 25 [Retargeting]",35-44,female,6137,14476,1408,4,1633,THB,0.41267018,145.25990263,11.28074054,581.0396105,2025-10-01,2025-10-31
"3020 | BU DIA | Message | Pearl Essential sale up to 70% | 1-31 Oct 25","Pearl Essential sale up to 70%","3020 | BU DIA | Message | Pearl Essential sale up to 70% | 1-31 Oct 25 [Retargeting]",25-34,female,3546,10060,629,24,863,THB,0.8444855,22.1325576,8.57852883,531.1813825,2025-10-01,2025-10-31
"3020 | BU DIA | Engage | Pearl Essential sale up to 70% | 1-31 Oct 25","Pearl Essential sale up to 70%","3020 | BU DIA | Engage | Pearl Essential sale up to 70% | 1-31 Oct 25 [Retargeting]",35-44,female,5597,14705,1503,6,1890,THB,0.34501194,86.42549195,12.85277117,518.55295169,2025-10-01,2025-10-31
"3020 | BU DIA | Message | เพชรเเท้ที่ใช่ ในงบที่ชอบ Sale up to 60% off | 16-30 Oct 25","เพชรเเท้ที่ใช่ ในงบที่ชอบ Sale up to 60% off","3020 | BU DIA | Message | เพชรเเท้ที่ใช่ ในงบที่ชอบ Sale up to 60% off | 16-30 Oct 25 [Retargeting]",45-54,female,2390,5907,589,10,714,THB,0.8411787,49.5454254,12.08735399,495.45425401,2025-10-01,2025-10-31
"3020 | BU DIA | Engage | เพชรเเท้ที่ใช่ ในงบที่ชอบ Sale up to 60% off | 16-30 Oct 25","เพชรเเท้ที่ใช่ ในงบที่ชอบ Sale up to 60% off","3020 | BU DIA | Engage | เพชรเเท้ที่ใช่ ในงบที่ชอบ Sale up to 60% off | 16-30 Oct 25 [Retargeting]",35-44,female,8740,17905,2144,6,2438,THB,0.23077271,82.46278127,13.61630829,494.77668763,2025-10-01,2025-10-31
"3020 | BU DIA | Message | One Price ราคาเดียว 13,900.- | 1-31 Oct 25","One Price ราคาเดียว 13,900.-","3020 | BU DIA | Message | One Price ราคาเดียว 13,900.- | 1-31 Oct 25 [Retargeting]",45-54,female,2221,4766,617,23,717,THB,0.75458327,20.24251636,15.04406211,465.57787624,2025-10-01,2025-10-31
"3020 | BU DIA | Message | Pearl Essential sale up to 70% | 1-31 Oct 25","Pearl Essential sale up to 70%","3020 | BU DIA | Message | Pearl Essential sale up to 70% | 1-31 Oct 25 [Interest]",35-44,female,2632,8396,604,24,788,THB,0.7131457,17.9475,9.38542163,430.74,2025-10-01,2025-10-31
"3020 | BU DIA | Message | Pearl Essential sale up to 70% | 1-31 Oct 25","Pearl Essential sale up to 70%","3020 | BU DIA | Message | Pearl Essential sale up to 70% | 1-31 Oct 25 [Retargeting]",45-54,female,1446,4375,416,19,563,THB,1.02893565,22.52827529,12.86857143,428.03723047,2025-10-01,2025-10-31
"3020 | BU DIA | Engage  | One Price ราคาเดียว 13,900.- | 1-31 Oct 25","One Price ราคาเดียว 13,900.-","3020 | BU DIA | Engage  | One Price ราคาเดียว 13,900.- | 1-31 Oct 25 [Interest]",35-44,female,10798,19655,2663,9,3243,THB,0.15571308,46.07377023,16.49961842,414.6639321,2025-10-01,2025-10-31
"3020 | BU DIA | Message | Wedding Package sale up to 60% off | 1-31 Oct 25","Wedding Package sale up to 60% off","3020 | BU DIA | Message | Wedding Package sale up to 60% off | 1-31 Oct 25 [Retargeting]",35-44,female,1295,3039,257,3,337,THB,1.58182078,135.5093132,11.08917407,406.52793961,2025-10-01,2025-10-31
"3020 | BU DIA | Message | Your Diamond Your Gift Sale up to 60% off | 1-15 Oct 25","Your Diamond Your Gift Sale up to 60% off","3020 | BU DIA | Message | Your Diamond Your Gift Sale up to 60% off | 1-15 Oct 25 [Retargeting]",45-54,female,1580,3806,409,12,524,THB,0.97393643,33.195,13.76773516,398.34,2025-10-01,2025-10-31
"3020 | BU DIA | Engage | Your Diamond Your Gift Sale up to 60% off | 1-15 Oct 25","Your Diamond Your Gift Sale up to 60% off","3020 | BU DIA | Engage | Your Diamond Your Gift Sale up to 60% off | 1-15 Oct 25 [Retargeting]",35-44,female,6409,13009,1473,2,1723,THB,0.26483565,195.05145809,13.24467676,390.10291619,2025-10-01,2025-10-31
"3020 | BU DIA | Engage  | One Price ราคาเดียว 13,900.- | 1-31 Oct 25","One Price ราคาเดียว 13,900.-","3020 | BU DIA | Engage  | One Price ราคาเดียว 13,900.- | 1-31 Oct 25 [Retargeting]",45-54,female,6340,11704,1877,3,2205,THB,0.20090934,125.70227662,18.83971292,377.10682987,2025-10-01,2025-10-31
"3020 | BU DIA | Engage | เพชรเเท้ที่ใช่ ในงบที่ชอบ Sale up to 60% off | 16-30 Oct 25","เพชรเเท้ที่ใช่ ในงบที่ชอบ Sale up to 60% off","3020 | BU DIA | Engage | เพชรเเท้ที่ใช่ ในงบที่ชอบ Sale up to 60% off | 16-30 Oct 25 [Retargeting]",25-34,female,7188,14484,1334,1,1567,THB,0.27939853,372.71763696,10.81883458,372.71763696,2025-10-01,2025-10-31
"3020 | BU DIA | Message | Wedding Package sale up to 60% off | 1-31 Oct 25","Wedding Package sale up to 60% off","3020 | BU DIA | Message | Wedding Package sale up to 60% off | 1-31 Oct 25 [Interest]",25-34,female,2947,5957,456,15,555,THB,0.81216752,24.68989271,9.31677019,370.34839063,2025-10-01,2025-10-31
"3020 | BU DIA | Engage | Your Diamond Your Gift Sale up to 60% off | 1-15 Oct 25","Your Diamond Your Gift Sale up to 60% off","3020 | BU DIA | Engage | Your Diamond Your Gift Sale up to 60% off | 1-15 Oct 25 [Retargeting]",25-34,female,6721,13215,1192,,1455,THB,0.30571372,,11.01021566,364.41074833,2025-10-01,2025-10-31
"3020 | BU DIA | Message | One Price ราคาเดียว 13,900.- | 1-31 Oct 25","One Price ราคาเดียว 13,900.-","3020 | BU DIA | Message | One Price ราคาเดียว 13,900.- | 1-31 Oct 25 [Interest]",45-54,female,2345,5446,802,23,765,THB,0.45237198,15.77401438,14.04700698,362.80233084,2025-10-01,2025-10-31
"3020 | BU DIA | Message | One Price ราคาเดียว 13,900.- | 1-31 Oct 25","One Price ราคาเดียว 13,900.-","3020 | BU DIA | Message | One Price ราคาเดียว 13,900.- | 1-31 Oct 25 [Interest]",25-34,female,3820,8210,582,12,683,THB,0.58122367,28.18934777,8.31912302,338.27217325,2025-10-01,2025-10-31
"3020 | BU DIA | Engage | เพชรแท้ตามงบ ครบจบที่นี่ | 17-30 Oct 25","เพชรแท้ตามงบ ครบจบที่นี่","3020 | BU DIA | Engage | เพชรแท้ตามงบ ครบจบที่นี่ | 17-30 Oct 25 [Retargeting]",45-54,female,3341,7094,869,1,982,THB,0.37025415,321.75085932,13.84268396,321.75085932,2025-10-01,2025-10-31
"3020 | BU DIA | Engage | Your Diamond Your Gift Sale up to 60% off | 1-15 Oct 25","Your Diamond Your Gift Sale up to 60% off","3020 | BU DIA | Engage | Your Diamond Your Gift Sale up to 60% off | 1-15 Oct 25 [Interest]",35-44,female,6590,13681,1368,4,1653,THB,0.23288012,79.645,12.08245011,318.58,2025-10-01,2025-10-31
"3020 | BU DIA | Engage  | One Price ราคาเดียว 13,900.- | 1-31 Oct 25","One Price ราคาเดียว 13,900.-","3020 | BU DIA | Engage  | One Price ราคาเดียว 13,900.- | 1-31 Oct 25 [Interest]",45-54,female,6823,12412,1884,4,2320,THB,0.15982636,75.27821384,18.69158879,301.11285534,2025-10-01,2025-10-31
"3020 | BU DIA | Message | Your Diamond Your Gift Sale up to 60% off | 1-15 Oct 25","Your Diamond Your Gift Sale up to 60% off","3020 | BU DIA | Message | Your Diamond Your Gift Sale up to 60% off | 1-15 Oct 25 [Interest]",35-44,female,2166,4750,373,5,470,THB,0.79880527,59.59087325,9.89473684,297.95436623,2025-10-01,2025-10-31
"3020 | BU DIA | Message | Wedding Package sale up to 60% off | 1-31 Oct 25","Wedding Package sale up to 60% off","3020 | BU DIA | Message | Wedding Package sale up to 60% off | 1-31 Oct 25 [Retargeting]",25-34,male,925,2629,143,8,195,THB,2.06472564,36.9069708,7.41726892,295.25576643,2025-10-01,2025-10-31
"3020 | BU DIA | Message | เพชรเเท้ที่ใช่ ในงบที่ชอบ Sale up to 60% off | 16-30 Oct 25","เพชรเเท้ที่ใช่ ในงบที่ชอบ Sale up to 60% off","3020 | BU DIA | Message | เพชรเเท้ที่ใช่ ในงบที่ชอบ Sale up to 60% off | 16-30 Oct 25 [Interest]",35-44,female,2583,6300,446,10,556,THB,0.65156951,29.06,8.82539683,290.6,2025-10-01,2025-10-31
"3020 | BU DIA | Engage | เพชรเเท้ที่ใช่ ในงบที่ชอบ Sale up to 60% off | 16-30 Oct 25","เพชรเเท้ที่ใช่ ในงบที่ชอบ Sale up to 60% off","3020 | BU DIA | Engage | เพชรเเท้ที่ใช่ ในงบที่ชอบ Sale up to 60% off | 16-30 Oct 25 [Retargeting]",45-54,female,4758,9281,1206,3,1332,THB,0.24007584,96.51048957,14.35190173,289.53146872,2025-10-01,2025-10-31
"3020 | BU DIA | Engage | เพชรแท้ตามงบ ครบจบที่นี่ | 17-30 Oct 25","เพชรแท้ตามงบ ครบจบที่นี่","3020 | BU DIA | Engage | เพชรแท้ตามงบ ครบจบที่นี่ | 17-30 Oct 25  [Interest]",35-44,female,5612,10549,829,1,1034,THB,0.34478341,285.82544285,9.80187696,285.82544285,2025-10-01,2025-10-31
"3020 | BU DIA | Engage | เพชรเเท้ที่ใช่ ในงบที่ชอบ Sale up to 60% off | 16-30 Oct 25","เพชรเเท้ที่ใช่ ในงบที่ชอบ Sale up to 60% off","3020 | BU DIA | Engage | เพชรเเท้ที่ใช่ ในงบที่ชอบ Sale up to 60% off | 16-30 Oct 25 [Interest]",35-44,female,6711,12631,1327,1,1529,THB,0.1947521,258.43603194,12.10513815,258.43603194,2025-10-01,2025-10-31
"3020 | BU DIA | Engage | Pearl Essential sale up to 70% | 1-31 Oct 25","Pearl Essential sale up to 70%","3020 | BU DIA | Engage | Pearl Essential sale up to 70% | 1-31 Oct 25 [Retargeting]",45-54,female,2550,6570,830,6,1038,THB,0.30695293,42.46182148,15.79908676,254.77092888,2025-10-01,2025-10-31
"3020 | BU DIA | Message | Pearl Essential sale up to 70% | 1-31 Oct 25","Pearl Essential sale up to 70%","3020 | BU DIA | Message | Pearl Essential sale up to 70% | 1-31 Oct 25 [Interest]",25-34,female,2174,5216,284,13,394,THB,0.88485915,19.33076923,7.55368098,251.3,2025-10-01,2025-10-31
"3020 | BU DIA | Engage | Your Diamond Your Gift Sale up to 60% off | 1-15 Oct 25","Your Diamond Your Gift Sale up to 60% off","3020 | BU DIA | Engage | Your Diamond Your Gift Sale up to 60% off | 1-15 Oct 25 [Retargeting]",45-54,female,3372,6572,864,2,992,THB,0.26079747,112.66450643,15.09433962,225.32901286,2025-10-01,2025-10-31
"3020 | BU DIA | Message | Pearl Essential sale up to 70% | 1-31 Oct 25","Pearl Essential sale up to 70%","3020 | BU DIA | Message | Pearl Essential sale up to 70% | 1-31 Oct 25 [Interest]",45-54,female,1124,3328,316,8,382,THB,0.70848101,27.985,11.47836538,223.88,2025-10-01,2025-10-31
"3020 | BU DIA | Message | Wedding Package sale up to 60% off | 1-31 Oct 25","Wedding Package sale up to 60% off","3020 | BU DIA | Message | Wedding Package sale up to 60% off | 1-31 Oct 25 [Interest]",35-44,female,1256,2661,254,4,257,THB,0.87584675,55.61626869,9.6580233,222.46507474,2025-10-01,2025-10-31
"3020 | BU DIA | Engage | Wedding Package sale up to 60% off | 1-31 Oct 25","Wedding Package sale up to 60% off","3020 | BU DIA | Engage | Wedding Package sale up to 60% off | 1-31 Oct 25 [Interest]",25-34,female,5215,7382,984,,1244,THB,0.21810675,,16.85180168,214.61704603,2025-10-01,2025-10-31
"3020 | BU DIA | Engage | Wedding Package sale up to 60% off | 1-31 Oct 25","Wedding Package sale up to 60% off","3020 | BU DIA | Engage | Wedding Package sale up to 60% off | 1-31 Oct 25 [Retargeting]",35-44,female,2961,5810,832,1,1010,THB,0.2552247,212.3469543,17.383821,212.3469543,2025-10-01,2025-10-31
"3020 | BU DIA | Engage | เพชรแท้ตามงบ ครบจบที่นี่ | 17-30 Oct 25","เพชรแท้ตามงบ ครบจบที่นี่","3020 | BU DIA | Engage | เพชรแท้ตามงบ ครบจบที่นี่ | 17-30 Oct 25  [Interest]",45-54,female,3781,6732,603,,735,THB,0.35194273,,10.91800357,212.2214661,2025-10-01,2025-10-31
"3020 | BU DIA | Engage | เพชรเเท้ที่ใช่ ในงบที่ชอบ Sale up to 60% off | 16-30 Oct 25","เพชรเเท้ที่ใช่ ในงบที่ชอบ Sale up to 60% off","3020 | BU DIA | Engage | เพชรเเท้ที่ใช่ ในงบที่ชอบ Sale up to 60% off | 16-30 Oct 25 [Interest]",45-54,female,4431,7798,907,2,1066,THB,0.20657897,93.68356157,13.67017184,187.36712314,2025-10-01,2025-10-31
"3020 | BU DIA | Message | Your Diamond Your Gift Sale up to 60% off | 1-15 Oct 25","Your Diamond Your Gift Sale up to 60% off","3020 | BU DIA | Message | Your Diamond Your Gift Sale up to 60% off | 1-15 Oct 25 [Interest]",25-34,female,1787,3416,172,6,233,THB,1.07979761,30.95419805,6.82084309,185.72518831,2025-10-01,2025-10-31
"3020 | BU DIA | Engage | เพชรแท้ตามงบ ครบจบที่นี่ | 17-30 Oct 25","เพชรแท้ตามงบ ครบจบที่นี่","3020 | BU DIA | Engage | เพชรแท้ตามงบ ครบจบที่นี่ | 17-30 Oct 25  [Interest]",25-34,female,4296,6788,499,1,625,THB,0.34871624,174.00940154,9.20742487,174.00940154,2025-10-01,2025-10-31
"3020 | BU DIA | Engage | Your Diamond Your Gift Sale up to 60% off | 1-15 Oct 25","Your Diamond Your Gift Sale up to 60% off","3020 | BU DIA | Engage | Your Diamond Your Gift Sale up to 60% off | 1-15 Oct 25 [Interest]",45-54,female,3409,6453,736,2,859,THB,0.23396739,86.1,13.311638,172.2,2025-10-01,2025-10-31
"3020 | BU DIA | Engage | Your Diamond Your Gift Sale up to 60% off | 1-15 Oct 25","Your Diamond Your Gift Sale up to 60% off","3020 | BU DIA | Engage | Your Diamond Your Gift Sale up to 60% off | 1-15 Oct 25 [Interest]",25-34,female,4229,7699,708,4,861,THB,0.23224576,41.1075,11.18327055,164.43,2025-10-01,2025-10-31
"3020 | BU DIA | Engage  | One Price ราคาเดียว 13,900.- | 1-31 Oct 25","One Price ราคาเดียว 13,900.-","3020 | BU DIA | Engage  | One Price ราคาเดียว 13,900.- | 1-31 Oct 25 [Interest]",25-34,female,5216,8725,1030,3,1308,THB,0.15847723,54.41051595,14.99140401,163.23154786,2025-10-01,2025-10-31
"3020 | BU DIA | Message | เพชรเเท้ที่ใช่ ในงบที่ชอบ Sale up to 60% off | 16-30 Oct 25","เพชรเเท้ที่ใช่ ในงบที่ชอบ Sale up to 60% off","3020 | BU DIA | Message | เพชรเเท้ที่ใช่ ในงบที่ชอบ Sale up to 60% off | 16-30 Oct 25 [Interest]",45-54,female,1330,2936,271,,315,THB,0.59726937,,10.72888283,161.86,2025-10-01,2025-10-31
"3020 | BU DIA | Engage | Wedding Package sale up to 60% off | 1-31 Oct 25","Wedding Package sale up to 60% off","3020 | BU DIA | Engage | Wedding Package sale up to 60% off | 1-31 Oct 25 [Retargeting]",25-34,male,2116,4472,647,2,811,THB,0.24304877,78.62627771,18.13506261,157.25255543,2025-10-01,2025-10-31
"3020 | BU DIA | Engage | Pearl Essential sale up to 70% | 1-31 Oct 25","Pearl Essential sale up to 70%","3020 | BU DIA | Engage | Pearl Essential sale up to 70% | 1-31 Oct 25 [Interest]",35-44,female,3211,5662,584,5,739,THB,0.25429295,29.70141615,13.05192511,148.50708077,2025-10-01,2025-10-31
"3020 | BU DIA | Message | Your Diamond Your Gift Sale up to 60% off | 1-15 Oct 25","Your Diamond Your Gift Sale up to 60% off","3020 | BU DIA | Message | Your Diamond Your Gift Sale up to 60% off | 1-15 Oct 25 [Interest]",45-54,female,870,1823,162,3,199,THB,0.90544442,48.89399847,10.91607241,146.68199542,2025-10-01,2025-10-31
"3020 | BU DIA | Engage | เพชรแท้ตามงบ ครบจบที่นี่ | 17-30 Oct 25","เพชรแท้ตามงบ ครบจบที่นี่","3020 | BU DIA | Engage | เพชรแท้ตามงบ ครบจบที่นี่ | 17-30 Oct 25 [Retargeting]",25-34,male,1575,3079,303,,351,THB,0.4590584,,11.39980513,139.09469455,2025-10-01,2025-10-31
"3020 | BU DIA | Message | เพชรเเท้ที่ใช่ ในงบที่ชอบ Sale up to 60% off | 16-30 Oct 25","เพชรเเท้ที่ใช่ ในงบที่ชอบ Sale up to 60% off","3020 | BU DIA | Message | เพชรเเท้ที่ใช่ ในงบที่ชอบ Sale up to 60% off | 16-30 Oct 25 [Interest]",25-34,female,1825,3891,215,3,290,THB,0.59827907,42.87666667,7.45309689,128.63,2025-10-01,2025-10-31
"3020 | BU DIA | Message | เพชรเเท้ที่ใช่ ในงบที่ชอบ Sale up to 60% off | 16-30 Oct 25","เพชรเเท้ที่ใช่ ในงบที่ชอบ Sale up to 60% off","3020 | BU DIA | Message | เพชรเเท้ที่ใช่ ในงบที่ชอบ Sale up to 60% off | 16-30 Oct 25 [Retargeting]",55-64,female,553,1185,131,2,165,THB,0.97663241,63.96942263,13.92405063,127.93884525,2025-10-01,2025-10-31
"3020 | BU DIA | Message | One Price ราคาเดียว 13,900.- | 1-31 Oct 25","One Price ราคาเดียว 13,900.-","3020 | BU DIA | Message | One Price ราคาเดียว 13,900.- | 1-31 Oct 25 [Retargeting]",55-64,female,540,1074,192,4,212,THB,0.64522595,30.97084564,19.73929236,123.88338257,2025-10-01,2025-10-31
"3020 | BU DIA | Message | Wedding Package sale up to 60% off | 1-31 Oct 25","Wedding Package sale up to 60% off","3020 | BU DIA | Message | Wedding Package sale up to 60% off | 1-31 Oct 25 [Retargeting]",35-44,male,387,871,84,2,107,THB,1.46217141,61.41119938,12.2847302,122.82239876,2025-10-01,2025-10-31
"3020 | BU DIA | Message | Your Diamond Your Gift Sale up to 60% off | 1-15 Oct 25","Your Diamond Your Gift Sale up to 60% off","3020 | BU DIA | Message | Your Diamond Your Gift Sale up to 60% off | 1-15 Oct 25 [Retargeting]",55-64,female,374,863,120,2,137,THB,1.00816667,60.49,15.87485516,120.98,2025-10-01,2025-10-31
"3020 | BU DIA | Message | Pearl Essential sale up to 70% | 1-31 Oct 25","Pearl Essential sale up to 70%","3020 | BU DIA | Message | Pearl Essential sale up to 70% | 1-31 Oct 25 [Retargeting]",55-64,female,341,896,115,3,145,THB,0.98334393,37.69485072,16.18303571,113.08455217,2025-10-01,2025-10-31
"3020 | BU DIA | Engage | Pearl Essential sale up to 70% | 1-31 Oct 25","Pearl Essential sale up to 70%","3020 | BU DIA | Engage | Pearl Essential sale up to 70% | 1-31 Oct 25 [Interest]",25-34,female,2422,3680,357,1,472,THB,0.30238772,107.95241632,12.82608696,107.95241632,2025-10-01,2025-10-31
"3020 | BU DIA | Engage | Wedding Package sale up to 60% off | 1-31 Oct 25","Wedding Package sale up to 60% off","3020 | BU DIA | Engage | Wedding Package sale up to 60% off | 1-31 Oct 25 [Interest]",18-24,female,2372,3514,479,1,593,THB,0.21877594,104.79367481,16.87535572,104.79367481,2025-10-01,2025-10-31
"3020 | BU DIA | Message | Wedding Package sale up to 60% off | 1-31 Oct 25","Wedding Package sale up to 60% off","3020 | BU DIA | Message | Wedding Package sale up to 60% off | 1-31 Oct 25 [Retargeting]",45-54,female,262,583,65,,61,THB,1.60433903,,10.46312178,104.28203666,2025-10-01,2025-10-31
"3020 | BU DIA | Engage | เพชรแท้ตามงบ ครบจบที่นี่ | 17-30 Oct 25","เพชรแท้ตามงบ ครบจบที่นี่","3020 | BU DIA | Engage | เพชรแท้ตามงบ ครบจบที่นี่ | 17-30 Oct 25 [Retargeting]",35-44,male,875,1880,207,,213,THB,0.48740775,,11.32978723,100.89340522,2025-10-01,2025-10-31
"3020 | BU DIA | Engage | เพชรแท้ตามงบ ครบจบที่นี่ | 17-30 Oct 25","เพชรแท้ตามงบ ครบจบที่นี่","3020 | BU DIA | Engage | เพชรแท้ตามงบ ครบจบที่นี่ | 17-30 Oct 25 [Retargeting]",55-64,female,998,2149,247,,293,THB,0.39794865,,13.63424849,98.29331747,2025-10-01,2025-10-31
"3020 | BU DIA | Engage  | One Price ราคาเดียว 13,900.- | 1-31 Oct 25","One Price ราคาเดียว 13,900.-","3020 | BU DIA | Engage  | One Price ราคาเดียว 13,900.- | 1-31 Oct 25 [Retargeting]",55-64,female,1655,3050,445,,538,THB,0.22060581,,17.63934426,98.16958766,2025-10-01,2025-10-31
"3020 | BU DIA | Engage | Pearl Essential sale up to 70% | 1-31 Oct 25","Pearl Essential sale up to 70%","3020 | BU DIA | Engage | Pearl Essential sale up to 70% | 1-31 Oct 25 [Interest]",45-54,female,1791,3160,397,4,513,THB,0.24660267,24.47531507,16.23417722,97.90126027,2025-10-01,2025-10-31
"3020 | BU DIA | Message | Wedding Package sale up to 60% off | 1-31 Oct 25","Wedding Package sale up to 60% off","3020 | BU DIA | Message | Wedding Package sale up to 60% off | 1-31 Oct 25 [Interest]",25-34,male,620,1314,85,5,115,THB,1.12641289,19.14901911,8.75190259,95.74509556,2025-10-01,2025-10-31
"3020 | BU DIA | Engage | เพชรเเท้ที่ใช่ ในงบที่ชอบ Sale up to 60% off | 16-30 Oct 25","เพชรเเท้ที่ใช่ ในงบที่ชอบ Sale up to 60% off","3020 | BU DIA | Engage | เพชรเเท้ที่ใช่ ในงบที่ชอบ Sale up to 60% off | 16-30 Oct 25 [Interest]",25-34,female,3156,5178,481,1,567,THB,0.1988535,95.6485314,10.95017381,95.6485314,2025-10-01,2025-10-31
"3020 | BU DIA | Message | Wedding Package sale up to 60% off | 1-31 Oct 25","Wedding Package sale up to 60% off","3020 | BU DIA | Message | Wedding Package sale up to 60% off | 1-31 Oct 25 [Interest]",45-54,female,323,643,64,2,37,THB,1.45429179,46.53733727,5.75427683,93.07467453,2025-10-01,2025-10-31
"3020 | BU DIA | Engage | Your Diamond Your Gift Sale up to 60% off | 1-15 Oct 25","Your Diamond Your Gift Sale up to 60% off","3020 | BU DIA | Engage | Your Diamond Your Gift Sale up to 60% off | 1-15 Oct 25 [Retargeting]",55-64,female,1238,2311,330,,397,THB,0.2608705,,17.17871051,86.08726389,2025-10-01,2025-10-31
"3020 | BU DIA | Engage  | One Price ราคาเดียว 13,900.- | 1-31 Oct 25","One Price ราคาเดียว 13,900.-","3020 | BU DIA | Engage  | One Price ราคาเดียว 13,900.- | 1-31 Oct 25 [Interest]",55-64,female,1867,3181,514,2,670,THB,0.15860073,40.76038652,21.06255894,81.52077303,2025-10-01,2025-10-31
"3020 | BU DIA | Message | One Price ราคาเดียว 13,900.- | 1-31 Oct 25","One Price ราคาเดียว 13,900.-","3020 | BU DIA | Message | One Price ราคาเดียว 13,900.- | 1-31 Oct 25 [Interest]",55-64,female,534,1065,212,4,145,THB,0.35542681,18.83762102,13.61502347,75.35048409,2025-10-01,2025-10-31
"3020 | BU DIA | Message | One Price ราคาเดียว 13,900.- | 1-31 Oct 25","One Price ราคาเดียว 13,900.-","3020 | BU DIA | Message | One Price ราคาเดียว 13,900.- | 1-31 Oct 25 [Retargeting]",25-34,male,539,1173,52,1,76,THB,1.42815417,74.26401708,6.47911338,74.26401708,2025-10-01,2025-10-31
"3020 | BU DIA | Engage | เพชรเเท้ที่ใช่ ในงบที่ชอบ Sale up to 60% off | 16-30 Oct 25","เพชรเเท้ที่ใช่ ในงบที่ชอบ Sale up to 60% off","3020 | BU DIA | Engage | เพชรเเท้ที่ใช่ ในงบที่ชอบ Sale up to 60% off | 16-30 Oct 25 [Retargeting]",55-64,female,1225,2378,289,,322,THB,0.25534765,,13.54079058,73.79547192,2025-10-01,2025-10-31
"3020 | BU DIA | Message | Your Diamond Your Gift Sale up to 60% off | 1-15 Oct 25","Your Diamond Your Gift Sale up to 60% off","3020 | BU DIA | Message | Your Diamond Your Gift Sale up to 60% off | 1-15 Oct 25 [Retargeting]",25-34,male,349,803,26,1,41,THB,2.69846154,70.16,5.10585305,70.16,2025-10-01,2025-10-31
"3020 | BU DIA | Engage | Pearl Essential sale up to 70% | 1-31 Oct 25","Pearl Essential sale up to 70%","3020 | BU DIA | Engage | Pearl Essential sale up to 70% | 1-31 Oct 25 [Retargeting]",55-64,female,697,1819,236,1,281,THB,0.29639191,69.94849166,15.44804838,69.94849166,2025-10-01,2025-10-31
"3020 | BU DIA | Engage | เพชรแท้ตามงบ ครบจบที่นี่ | 17-30 Oct 25","เพชรแท้ตามงบ ครบจบที่นี่","3020 | BU DIA | Engage | เพชรแท้ตามงบ ครบจบที่นี่ | 17-30 Oct 25  [Interest]",55-64,female,1162,2032,181,,224,THB,0.37477163,,11.02362205,67.83366498,2025-10-01,2025-10-31
"3020 | BU DIA | Engage | Wedding Package sale up to 60% off | 1-31 Oct 25","Wedding Package sale up to 60% off","3020 | BU DIA | Engage | Wedding Package sale up to 60% off | 1-31 Oct 25 [Interest]",35-44,female,1723,2452,318,1,384,THB,0.20913832,66.5059858,15.66068515,66.5059858,2025-10-01,2025-10-31
"3020 | BU DIA | Engage | Your Diamond Your Gift Sale up to 60% off | 1-15 Oct 25","Your Diamond Your Gift Sale up to 60% off","3020 | BU DIA | Engage | Your Diamond Your Gift Sale up to 60% off | 1-15 Oct 25 [Interest]",55-64,female,1299,2253,308,,365,THB,0.20970779,,16.20062139,64.59,2025-10-01,2025-10-31
"3020 | BU DIA | Message | เพชรเเท้ที่ใช่ ในงบที่ชอบ Sale up to 60% off | 16-30 Oct 25","เพชรเเท้ที่ใช่ ในงบที่ชอบ Sale up to 60% off","3020 | BU DIA | Message | เพชรเเท้ที่ใช่ ในงบที่ชอบ Sale up to 60% off | 16-30 Oct 25 [Retargeting]",25-34,male,366,961,39,,49,THB,1.64011339,,5.09885536,63.96442228,2025-10-01,2025-10-31
"3020 | BU DIA | Message | Wedding Package sale up to 60% off | 1-31 Oct 25","Wedding Package sale up to 60% off","3020 | BU DIA | Message | Wedding Package sale up to 60% off | 1-31 Oct 25 [Interest]",18-24,female,340,891,45,5,67,THB,1.33754422,12.03789794,7.51964085,60.18948972,2025-10-01,2025-10-31
"3020 | BU DIA | Message | One Price ราคาเดียว 13,900.- | 1-31 Oct 25","One Price ราคาเดียว 13,900.-","3020 | BU DIA | Message | One Price ราคาเดียว 13,900.- | 1-31 Oct 25 [Retargeting]",35-44,male,423,891,76,3,89,THB,0.77369866,19.60036617,9.98877666,58.80109851,2025-10-01,2025-10-31
"3020 | BU DIA | Engage | เพชรแท้ตามงบ ครบจบที่นี่ | 17-30 Oct 25","เพชรแท้ตามงบ ครบจบที่นี่","3020 | BU DIA | Engage | เพชรแท้ตามงบ ครบจบที่นี่ | 17-30 Oct 25  [Interest]",18-24,female,1177,1891,164,,199,THB,0.34843346,,10.52353252,57.14308738,2025-10-01,2025-10-31
"3020 | BU DIA | Engage | เพชรแท้ตามงบ ครบจบที่นี่ | 17-30 Oct 25","เพชรแท้ตามงบ ครบจบที่นี่","3020 | BU DIA | Engage | เพชรแท้ตามงบ ครบจบที่นี่ | 17-30 Oct 25 [Retargeting]",45-54,male,444,996,119,,127,THB,0.46850321,,12.75100402,55.75188167,2025-10-01,2025-10-31
"3020 | BU DIA | Message | Wedding Package sale up to 60% off | 1-31 Oct 25","Wedding Package sale up to 60% off","3020 | BU DIA | Message | Wedding Package sale up to 60% off | 1-31 Oct 25 [Interest]",35-44,male,299,582,42,1,44,THB,1.31377856,55.1786997,7.56013746,55.1786997,2025-10-01,2025-10-31
"3020 | BU DIA | Message | Your Diamond Your Gift Sale up to 60% off | 1-15 Oct 25","Your Diamond Your Gift Sale up to 60% off","3020 | BU DIA | Message | Your Diamond Your Gift Sale up to 60% off | 1-15 Oct 25 [Retargeting]",35-44,male,243,571,37,1,46,THB,1.41702703,52.43,8.05604203,52.43,2025-10-01,2025-10-31
"3020 | BU DIA | Engage | เพชรเเท้ที่ใช่ ในงบที่ชอบ Sale up to 60% off | 16-30 Oct 25","เพชรเเท้ที่ใช่ ในงบที่ชอบ Sale up to 60% off","3020 | BU DIA | Engage | เพชรเเท้ที่ใช่ ในงบที่ชอบ Sale up to 60% off | 16-30 Oct 25 [Interest]",55-64,female,1141,2049,247,1,301,THB,0.20449079,50.50922447,14.69009273,50.50922447,2025-10-01,2025-10-31
"3020 | BU DIA | Engage | Wedding Package sale up to 60% off | 1-31 Oct 25","Wedding Package sale up to 60% off","3020 | BU DIA | Engage | Wedding Package sale up to 60% off | 1-31 Oct 25 [Retargeting]",35-44,male,656,1244,182,1,189,THB,0.25782278,46.92374651,15.19292605,46.92374651,2025-10-01,2025-10-31
"3020 | BU DIA | Engage | Wedding Package sale up to 60% off | 1-31 Oct 25","Wedding Package sale up to 60% off","3020 | BU DIA | Engage | Wedding Package sale up to 60% off | 1-31 Oct 25 [Interest]",25-34,male,1108,1500,205,,273,THB,0.21974283,,18.2,45.04728101,2025-10-01,2025-10-31
"3020 | BU DIA | Engage  | One Price ราคาเดียว 13,900.- | 1-31 Oct 25","One Price ราคาเดียว 13,900.-","3020 | BU DIA | Engage  | One Price ราคาเดียว 13,900.- | 1-31 Oct 25 [Retargeting]",25-34,male,884,1620,203,,250,THB,0.22041562,,15.43209877,44.74436993,2025-10-01,2025-10-31
"3020 | BU DIA | Message | Pearl Essential sale up to 70% | 1-31 Oct 25","Pearl Essential sale up to 70%","3020 | BU DIA | Message | Pearl Essential sale up to 70% | 1-31 Oct 25 [Interest]",55-64,female,235,582,85,3,84,THB,0.51035294,14.46,14.43298969,43.38,2025-10-01,2025-10-31
"3020 | BU DIA | Engage | Wedding Package sale up to 60% off | 1-31 Oct 25","Wedding Package sale up to 60% off","3020 | BU DIA | Engage | Wedding Package sale up to 60% off | 1-31 Oct 25 [Retargeting]",45-54,female,667,1151,179,1,200,THB,0.23633172,42.30337761,17.37619461,42.30337761,2025-10-01,2025-10-31
"3020 | BU DIA | Engage  | One Price ราคาเดียว 13,900.- | 1-31 Oct 25","One Price ราคาเดียว 13,900.-","3020 | BU DIA | Engage  | One Price ราคาเดียว 13,900.- | 1-31 Oct 25 [Retargeting]",35-44,male,762,1321,180,,200,THB,0.2228551,,15.14004542,40.1139177,2025-10-01,2025-10-31
"3020 | BU DIA | Message | Pearl Essential sale up to 70% | 1-31 Oct 25","Pearl Essential sale up to 70%","3020 | BU DIA | Message | Pearl Essential sale up to 70% | 1-31 Oct 25 [Retargeting]",25-34,male,228,542,31,2,41,THB,1.26779297,19.65079103,7.56457565,39.30158207,2025-10-01,2025-10-31
"3020 | BU DIA | Message | เพชรเเท้ที่ใช่ ในงบที่ชอบ Sale up to 60% off | 16-30 Oct 25","เพชรเเท้ที่ใช่ ในงบที่ชอบ Sale up to 60% off","3020 | BU DIA | Message | เพชรเเท้ที่ใช่ ในงบที่ชอบ Sale up to 60% off | 16-30 Oct 25 [Retargeting]",45-54,male,160,335,20,1,28,THB,1.9541351,39.08270204,8.35820896,39.08270204,2025-10-01,2025-10-31
"3020 | BU DIA | Message | เพชรเเท้ที่ใช่ ในงบที่ชอบ Sale up to 60% off | 16-30 Oct 25","เพชรเเท้ที่ใช่ ในงบที่ชอบ Sale up to 60% off","3020 | BU DIA | Message | เพชรเเท้ที่ใช่ ในงบที่ชอบ Sale up to 60% off | 16-30 Oct 25 [Retargeting]",35-44,male,319,735,42,1,51,THB,0.92958808,39.04269928,6.93877551,39.04269928,2025-10-01,2025-10-31
"3020 | BU DIA | Message | One Price ราคาเดียว 13,900.- | 1-31 Oct 25","One Price ราคาเดียว 13,900.-","3020 | BU DIA | Message | One Price ราคาเดียว 13,900.- | 1-31 Oct 25 [Retargeting]",45-54,male,171,314,44,2,52,THB,0.88493976,19.46867465,16.56050955,38.93734929,2025-10-01,2025-10-31
"3020 | BU DIA | Engage | Your Diamond Your Gift Sale up to 60% off | 1-15 Oct 25","Your Diamond Your Gift Sale up to 60% off","3020 | BU DIA | Engage | Your Diamond Your Gift Sale up to 60% off | 1-15 Oct 25 [Retargeting]",25-34,male,707,1354,144,,165,THB,0.26571687,,12.18611521,38.26322858,2025-10-01,2025-10-31
"3020 | BU DIA | Message | One Price ราคาเดียว 13,900.- | 1-31 Oct 25","One Price ราคาเดียว 13,900.-","3020 | BU DIA | Message | One Price ราคาเดียว 13,900.- | 1-31 Oct 25 [Retargeting]",65+,female,150,298,32,1,34,THB,1.1242747,35.9767905,11.40939597,35.9767905,2025-10-01,2025-10-31
"3020 | BU DIA | Message | เพชรเเท้ที่ใช่ ในงบที่ชอบ Sale up to 60% off | 16-30 Oct 25","เพชรเเท้ที่ใช่ ในงบที่ชอบ Sale up to 60% off","3020 | BU DIA | Message | เพชรเเท้ที่ใช่ ในงบที่ชอบ Sale up to 60% off | 16-30 Oct 25 [Interest]",55-64,female,254,526,65,2,75,THB,0.54323077,17.655,14.25855513,35.31,2025-10-01,2025-10-31
"3020 | BU DIA | Message | One Price ราคาเดียว 13,900.- | 1-31 Oct 25","One Price ราคาเดียว 13,900.-","3020 | BU DIA | Message | One Price ราคาเดียว 13,900.- | 1-31 Oct 25 [Interest]",18-24,female,264,615,36,1,51,THB,0.97528404,35.11022557,8.29268293,35.11022557,2025-10-01,2025-10-31
"3020 | BU DIA | Message | เพชรเเท้ที่ใช่ ในงบที่ชอบ Sale up to 60% off | 16-30 Oct 25","เพชรเเท้ที่ใช่ ในงบที่ชอบ Sale up to 60% off","3020 | BU DIA | Message | เพชรเเท้ที่ใช่ ในงบที่ชอบ Sale up to 60% off | 16-30 Oct 25 [Retargeting]",65+,female,142,368,26,2,33,THB,1.33663087,17.37620133,8.9673913,34.75240266,2025-10-01,2025-10-31
"3020 | BU DIA | Engage | เพชรเเท้ที่ใช่ ในงบที่ชอบ Sale up to 60% off | 16-30 Oct 25","เพชรเเท้ที่ใช่ ในงบที่ชอบ Sale up to 60% off","3020 | BU DIA | Engage | เพชรเเท้ที่ใช่ ในงบที่ชอบ Sale up to 60% off | 16-30 Oct 25 [Retargeting]",25-34,male,601,1200,117,,124,THB,0.29275675,,10.33333333,34.25253982,2025-10-01,2025-10-31
"3020 | BU DIA | Message | One Price ราคาเดียว 13,900.- | 1-31 Oct 25","One Price ราคาเดียว 13,900.-","3020 | BU DIA | Message | One Price ราคาเดียว 13,900.- | 1-31 Oct 25 [Interest]",25-34,male,326,681,36,2,50,THB,0.95028388,17.10510989,7.34214391,34.21021979,2025-10-01,2025-10-31
"3020 | BU DIA | Engage | เพชรแท้ตามงบ ครบจบที่นี่ | 17-30 Oct 25","เพชรแท้ตามงบ ครบจบที่นี่","3020 | BU DIA | Engage | เพชรแท้ตามงบ ครบจบที่นี่ | 17-30 Oct 25 [Retargeting]",55-64,male,188,441,88,,68,THB,0.38501299,,15.41950113,33.88114351,2025-10-01,2025-10-31
"3020 | BU DIA | Engage | เพชรแท้ตามงบ ครบจบที่นี่ | 17-30 Oct 25","เพชรแท้ตามงบ ครบจบที่นี่","3020 | BU DIA | Engage | เพชรแท้ตามงบ ครบจบที่นี่ | 17-30 Oct 25 [Retargeting]",65+,female,317,654,66,,83,THB,0.48910742,,12.6911315,32.28108951,2025-10-01,2025-10-31
"3020 | BU DIA | Message | Pearl Essential sale up to 70% | 1-31 Oct 25","Pearl Essential sale up to 70%","3020 | BU DIA | Message | Pearl Essential sale up to 70% | 1-31 Oct 25 [Retargeting]",65+,female,101,294,28,1,41,THB,1.14504609,32.06129061,13.94557823,32.06129061,2025-10-01,2025-10-31
"3020 | BU DIA | Message | Wedding Package sale up to 60% off | 1-31 Oct 25","Wedding Package sale up to 60% off","3020 | BU DIA | Message | Wedding Package sale up to 60% off | 1-31 Oct 25 [Interest]",45-54,male,71,120,11,1,12,THB,2.86045099,31.46496089,10,31.46496089,2025-10-01,2025-10-31
"3020 | BU DIA | Engage | Pearl Essential sale up to 70% | 1-31 Oct 25","Pearl Essential sale up to 70%","3020 | BU DIA | Engage | Pearl Essential sale up to 70% | 1-31 Oct 25 [Retargeting]",25-34,male,426,932,87,,105,THB,0.35728475,,11.26609442,31.08377353,2025-10-01,2025-10-31
"3020 | BU DIA | Engage | Pearl Essential sale up to 70% | 1-31 Oct 25","Pearl Essential sale up to 70%","3020 | BU DIA | Engage | Pearl Essential sale up to 70% | 1-31 Oct 25 [Interest]",55-64,female,513,980,118,,140,THB,0.26189453,,14.28571429,30.90355442,2025-10-01,2025-10-31
"3020 | BU DIA | Message | Your Diamond Your Gift Sale up to 60% off | 1-15 Oct 25","Your Diamond Your Gift Sale up to 60% off","3020 | BU DIA | Message | Your Diamond Your Gift Sale up to 60% off | 1-15 Oct 25 [Interest]",55-64,female,183,324,33,1,38,THB,0.91371109,30.15246582,11.72839506,30.15246582,2025-10-01,2025-10-31
"3020 | BU DIA | Engage | เพชรเเท้ที่ใช่ ในงบที่ชอบ Sale up to 60% off | 16-30 Oct 25","เพชรเเท้ที่ใช่ ในงบที่ชอบ Sale up to 60% off","3020 | BU DIA | Engage | เพชรเเท้ที่ใช่ ในงบที่ชอบ Sale up to 60% off | 16-30 Oct 25 [Retargeting]",35-44,male,497,995,129,,136,THB,0.23327311,,13.66834171,30.09223134,2025-10-01,2025-10-31
"3020 | BU DIA | Message | Wedding Package sale up to 60% off | 1-31 Oct 25","Wedding Package sale up to 60% off","3020 | BU DIA | Message | Wedding Package sale up to 60% off | 1-31 Oct 25 [Retargeting]",45-54,male,62,123,15,,19,THB,2.00337246,,15.44715447,30.0505869,2025-10-01,2025-10-31
"3020 | BU DIA | Engage | เพชรแท้ตามงบ ครบจบที่นี่ | 17-30 Oct 25","เพชรแท้ตามงบ ครบจบที่นี่","3020 | BU DIA | Engage | เพชรแท้ตามงบ ครบจบที่นี่ | 17-30 Oct 25  [Interest]",25-34,male,692,997,75,,90,THB,0.39548803,,9.02708124,29.66160258,2025-10-01,2025-10-31
"3020 | BU DIA | Message | One Price ราคาเดียว 13,900.- | 1-31 Oct 25","One Price ราคาเดียว 13,900.-","3020 | BU DIA | Message | One Price ราคาเดียว 13,900.- | 1-31 Oct 25 [Interest]",35-44,male,306,696,63,1,54,THB,0.47016175,29.6201903,7.75862069,29.6201903,2025-10-01,2025-10-31
"3020 | BU DIA | Message | Pearl Essential sale up to 70% | 1-31 Oct 25","Pearl Essential sale up to 70%","3020 | BU DIA | Message | Pearl Essential sale up to 70% | 1-31 Oct 25 [Retargeting]",35-44,male,160,380,26,1,30,THB,1.13273791,29.45118555,7.89473684,29.45118555,2025-10-01,2025-10-31
"3020 | BU DIA | Engage | เพชรแท้ตามงบ ครบจบที่นี่ | 17-30 Oct 25","เพชรแท้ตามงบ ครบจบที่นี่","3020 | BU DIA | Engage | เพชรแท้ตามงบ ครบจบที่นี่ | 17-30 Oct 25  [Interest]",35-44,male,527,857,90,,105,THB,0.32023952,,12.25204201,28.8215572,2025-10-01,2025-10-31
"3020 | BU DIA | Message | Your Diamond Your Gift Sale up to 60% off | 1-15 Oct 25","Your Diamond Your Gift Sale up to 60% off","3020 | BU DIA | Message | Your Diamond Your Gift Sale up to 60% off | 1-15 Oct 25 [Retargeting]",45-54,male,100,181,19,2,22,THB,1.47052632,13.97,12.15469613,27.94,2025-10-01,2025-10-31
"3020 | BU DIA | Engage  | One Price ราคาเดียว 13,900.- | 1-31 Oct 25","One Price ราคาเดียว 13,900.-","3020 | BU DIA | Engage  | One Price ราคาเดียว 13,900.- | 1-31 Oct 25 [Retargeting]",45-54,male,448,819,158,,181,THB,0.17090277,,22.1001221,27.00263719,2025-10-01,2025-10-31
"3020 | BU DIA | Engage  | One Price ราคาเดียว 13,900.- | 1-31 Oct 25","One Price ราคาเดียว 13,900.-","3020 | BU DIA | Engage  | One Price ราคาเดียว 13,900.- | 1-31 Oct 25 [Retargeting]",65+,female,454,751,137,,148,THB,0.19118656,,19.70705726,26.19255808,2025-10-01,2025-10-31
"3020 | BU DIA | Message | Your Diamond Your Gift Sale up to 60% off | 1-15 Oct 25","Your Diamond Your Gift Sale up to 60% off","3020 | BU DIA | Message | Your Diamond Your Gift Sale up to 60% off | 1-15 Oct 25 [Retargeting]",65+,female,102,232,22,,27,THB,1.16954545,,11.63793103,25.73,2025-10-01,2025-10-31
"3020 | BU DIA | Engage | Your Diamond Your Gift Sale up to 60% off | 1-15 Oct 25","Your Diamond Your Gift Sale up to 60% off","3020 | BU DIA | Engage | Your Diamond Your Gift Sale up to 60% off | 1-15 Oct 25 [Retargeting]",35-44,male,480,826,109,,118,THB,0.22901015,,14.28571429,24.96210626,2025-10-01,2025-10-31
"3020 | BU DIA | Message | Pearl Essential sale up to 70% | 1-31 Oct 25","Pearl Essential sale up to 70%","3020 | BU DIA | Message | Pearl Essential sale up to 70% | 1-31 Oct 25 [Retargeting]",18-24,female,141,390,33,1,46,THB,0.74306021,24.52098708,11.79487179,24.52098708,2025-10-01,2025-10-31
"3020 | BU DIA | Engage | Pearl Essential sale up to 70% | 1-31 Oct 25","Pearl Essential sale up to 70%","3020 | BU DIA | Engage | Pearl Essential sale up to 70% | 1-31 Oct 25 [Retargeting]",35-44,male,279,639,65,,78,THB,0.37296835,,12.20657277,24.24294306,2025-10-01,2025-10-31
"3020 | BU DIA | Message | Your Diamond Your Gift Sale up to 60% off | 1-15 Oct 25","Your Diamond Your Gift Sale up to 60% off","3020 | BU DIA | Message | Your Diamond Your Gift Sale up to 60% off | 1-15 Oct 25 [Retargeting]",55-64,male,35,68,7,1,9,THB,3.39428571,23.76,13.23529412,23.76,2025-10-01,2025-10-31
"3020 | BU DIA | Message | One Price ราคาเดียว 13,900.- | 1-31 Oct 25","One Price ราคาเดียว 13,900.-","3020 | BU DIA | Message | One Price ราคาเดียว 13,900.- | 1-31 Oct 25 [Interest]",65+,female,158,347,48,,35,THB,0.47479472,,10.08645533,22.79014642,2025-10-01,2025-10-31
"3020 | BU DIA | Engage | Your Diamond Your Gift Sale up to 60% off | 1-15 Oct 25","Your Diamond Your Gift Sale up to 60% off","3020 | BU DIA | Engage | Your Diamond Your Gift Sale up to 60% off | 1-15 Oct 25 [Interest]",65+,female,463,753,81,,92,THB,0.27938272,,12.21779548,22.63,2025-10-01,2025-10-31
"3020 | BU DIA | Message | One Price ราคาเดียว 13,900.- | 1-31 Oct 25","One Price ราคาเดียว 13,900.-","3020 | BU DIA | Message | One Price ราคาเดียว 13,900.- | 1-31 Oct 25 [Retargeting]",55-64,male,35,65,11,1,14,THB,2.05129627,22.56425893,21.53846154,22.56425893,2025-10-01,2025-10-31
"3020 | BU DIA | Engage  | One Price ราคาเดียว 13,900.- | 1-31 Oct 25","One Price ราคาเดียว 13,900.-","3020 | BU DIA | Engage  | One Price ราคาเดียว 13,900.- | 1-31 Oct 25 [Interest]",65+,female,548,889,120,,162,THB,0.1860851,,18.22272216,22.33021175,2025-10-01,2025-10-31
"3020 | BU DIA | Engage | เพชรแท้ตามงบ ครบจบที่นี่ | 17-30 Oct 25","เพชรแท้ตามงบ ครบจบที่นี่","3020 | BU DIA | Engage | เพชรแท้ตามงบ ครบจบที่นี่ | 17-30 Oct 25  [Interest]",45-54,male,389,632,72,,85,THB,0.30904448,,13.44936709,22.25120221,2025-10-01,2025-10-31
"3020 | BU DIA | Engage | Your Diamond Your Gift Sale up to 60% off | 1-15 Oct 25","Your Diamond Your Gift Sale up to 60% off","3020 | BU DIA | Engage | Your Diamond Your Gift Sale up to 60% off | 1-15 Oct 25 [Interest]",18-24,female,560,904,106,,131,THB,0.20924528,,14.49115044,22.18,2025-10-01,2025-10-31
"3020 | BU DIA | Engage | Pearl Essential sale up to 70% | 1-31 Oct 25","Pearl Essential sale up to 70%","3020 | BU DIA | Engage | Pearl Essential sale up to 70% | 1-31 Oct 25 [Interest]",18-24,female,398,732,64,,85,THB,0.34582103,,11.61202186,22.13254561,2025-10-01,2025-10-31
"3020 | BU DIA | Engage | Your Diamond Your Gift Sale up to 60% off | 1-15 Oct 25","Your Diamond Your Gift Sale up to 60% off","3020 | BU DIA | Engage | Your Diamond Your Gift Sale up to 60% off | 1-15 Oct 25 [Retargeting]",65+,female,355,604,60,,72,THB,0.35719681,,11.9205298,21.43180838,2025-10-01,2025-10-31
"3020 | BU DIA | Engage | เพชรเเท้ที่ใช่ ในงบที่ชอบ Sale up to 60% off | 16-30 Oct 25","เพชรเเท้ที่ใช่ ในงบที่ชอบ Sale up to 60% off","3020 | BU DIA | Engage | เพชรเเท้ที่ใช่ ในงบที่ชอบ Sale up to 60% off | 16-30 Oct 25 [Retargeting]",45-54,male,303,605,77,,87,THB,0.25183686,,14.38016529,19.39143787,2025-10-01,2025-10-31
"3020 | BU DIA | Engage | Wedding Package sale up to 60% off | 1-31 Oct 25","Wedding Package sale up to 60% off","3020 | BU DIA | Engage | Wedding Package sale up to 60% off | 1-31 Oct 25 [Interest]",45-54,female,449,653,107,,125,THB,0.1806433,,19.1424196,19.32883334,2025-10-01,2025-10-31
"3020 | BU DIA | Engage | Pearl Essential sale up to 70% | 1-31 Oct 25","Pearl Essential sale up to 70%","3020 | BU DIA | Engage | Pearl Essential sale up to 70% | 1-31 Oct 25 [Retargeting]",65+,female,193,460,69,,85,THB,0.27655531,,18.47826087,19.08231657,2025-10-01,2025-10-31
"3020 | BU DIA | Message | Your Diamond Your Gift Sale up to 60% off | 1-15 Oct 25","Your Diamond Your Gift Sale up to 60% off","3020 | BU DIA | Message | Your Diamond Your Gift Sale up to 60% off | 1-15 Oct 25 [Interest]",18-24,female,150,333,17,,22,THB,1.09950168,,6.60660661,18.69152856,2025-10-01,2025-10-31
"3020 | BU DIA | Engage | เพชรแท้ตามงบ ครบจบที่นี่ | 17-30 Oct 25","เพชรแท้ตามงบ ครบจบที่นี่","3020 | BU DIA | Engage | เพชรแท้ตามงบ ครบจบที่นี่ | 17-30 Oct 25  [Interest]",65+,female,341,575,50,,63,THB,0.37102005,,10.95652174,18.55100229,2025-10-01,2025-10-31
"3020 | BU DIA | Engage | เพชรเเท้ที่ใช่ ในงบที่ชอบ Sale up to 60% off | 16-30 Oct 25","เพชรเเท้ที่ใช่ ในงบที่ชอบ Sale up to 60% off","3020 | BU DIA | Engage | เพชรเเท้ที่ใช่ ในงบที่ชอบ Sale up to 60% off | 16-30 Oct 25 [Retargeting]",65+,female,314,572,64,,80,THB,0.28736506,,13.98601399,18.39136372,2025-10-01,2025-10-31
"3020 | BU DIA | Engage  | One Price ราคาเดียว 13,900.- | 1-31 Oct 25","One Price ราคาเดียว 13,900.-","3020 | BU DIA | Engage  | One Price ราคาเดียว 13,900.- | 1-31 Oct 25 [Interest]",18-24,female,508,826,105,,137,THB,0.17238259,,16.58595642,18.10017164,2025-10-01,2025-10-31
"3020 | BU DIA | Engage  | One Price ราคาเดียว 13,900.- | 1-31 Oct 25","One Price ราคาเดียว 13,900.-","3020 | BU DIA | Engage  | One Price ราคาเดียว 13,900.- | 1-31 Oct 25 [Interest]",35-44,male,525,797,97,1,114,THB,0.17453774,16.93016054,14.30363864,16.93016054,2025-10-01,2025-10-31
"3020 | BU DIA | Message | Pearl Essential sale up to 70% | 1-31 Oct 25","Pearl Essential sale up to 70%","3020 | BU DIA | Message | Pearl Essential sale up to 70% | 1-31 Oct 25 [Retargeting]",45-54,male,70,125,17,1,24,THB,0.96180342,16.35065819,19.2,16.35065819,2025-10-01,2025-10-31
"3020 | BU DIA | Message | เพชรเเท้ที่ใช่ ในงบที่ชอบ Sale up to 60% off | 16-30 Oct 25","เพชรเเท้ที่ใช่ ในงบที่ชอบ Sale up to 60% off","3020 | BU DIA | Message | เพชรเเท้ที่ใช่ ในงบที่ชอบ Sale up to 60% off | 16-30 Oct 25 [Interest]",25-34,male,146,327,13,1,19,THB,1.22,15.86,5.81039755,15.86,2025-10-01,2025-10-31
"3020 | BU DIA | Engage | Wedding Package sale up to 60% off | 1-31 Oct 25","Wedding Package sale up to 60% off","3020 | BU DIA | Engage | Wedding Package sale up to 60% off | 1-31 Oct 25 [Interest]",35-44,male,387,500,69,,83,THB,0.22665299,,16.6,15.63905605,2025-10-01,2025-10-31
"3020 | BU DIA | Engage | Your Diamond Your Gift Sale up to 60% off | 1-15 Oct 25","Your Diamond Your Gift Sale up to 60% off","3020 | BU DIA | Engage | Your Diamond Your Gift Sale up to 60% off | 1-15 Oct 25 [Retargeting]",45-54,male,258,470,49,,62,THB,0.31553683,,13.19148936,15.4613046,2025-10-01,2025-10-31
"3020 | BU DIA | Message | Pearl Essential sale up to 70% | 1-31 Oct 25","Pearl Essential sale up to 70%","3020 | BU DIA | Message | Pearl Essential sale up to 70% | 1-31 Oct 25 [Interest]",25-34,male,121,264,15,1,24,THB,1.02533333,15.38,9.09090909,15.38,2025-10-01,2025-10-31
"3020 | BU DIA | Message | เพชรเเท้ที่ใช่ ในงบที่ชอบ Sale up to 60% off | 16-30 Oct 25","เพชรเเท้ที่ใช่ ในงบที่ชอบ Sale up to 60% off","3020 | BU DIA | Message | เพชรเเท้ที่ใช่ ในงบที่ชอบ Sale up to 60% off | 16-30 Oct 25 [Interest]",18-24,female,191,390,23,1,31,THB,0.66782609,15.36,7.94871795,15.36,2025-10-01,2025-10-31
"3020 | BU DIA | Message | One Price ราคาเดียว 13,900.- | 1-31 Oct 25","One Price ราคาเดียว 13,900.-","3020 | BU DIA | Message | One Price ราคาเดียว 13,900.- | 1-31 Oct 25 [Interest]",45-54,male,140,231,34,,25,THB,0.4455911,,10.82251082,15.15009733,2025-10-01,2025-10-31
"3020 | BU DIA | Engage | Wedding Package sale up to 60% off | 1-31 Oct 25","Wedding Package sale up to 60% off","3020 | BU DIA | Engage | Wedding Package sale up to 60% off | 1-31 Oct 25 [Retargeting]",55-64,female,225,407,59,,70,THB,0.2547661,,17.1990172,15.03120013,2025-10-01,2025-10-31
"3020 | BU DIA | Engage | เพชรเเท้ที่ใช่ ในงบที่ชอบ Sale up to 60% off | 16-30 Oct 25","เพชรเเท้ที่ใช่ ในงบที่ชอบ Sale up to 60% off","3020 | BU DIA | Engage | เพชรเเท้ที่ใช่ ในงบที่ชอบ Sale up to 60% off | 16-30 Oct 25 [Interest]",18-24,female,406,674,74,1,94,THB,0.20296986,15.01976938,13.94658754,15.01976938,2025-10-01,2025-10-31
"3020 | BU DIA | Message | Wedding Package sale up to 60% off | 1-31 Oct 25","Wedding Package sale up to 60% off","3020 | BU DIA | Message | Wedding Package sale up to 60% off | 1-31 Oct 25 [Retargeting]",45-54,unknown,2,4,1,,1,THB,14.85029003,,25,14.85029003,2025-10-01,2025-10-31
"3020 | BU DIA | Engage  | One Price ราคาเดียว 13,900.- | 1-31 Oct 25","One Price ราคาเดียว 13,900.-","3020 | BU DIA | Engage  | One Price ราคาเดียว 13,900.- | 1-31 Oct 25 [Interest]",45-54,male,374,645,102,,120,THB,0.14274645,,18.60465116,14.56013807,2025-10-01,2025-10-31
"3020 | BU DIA | Engage | Your Diamond Your Gift Sale up to 60% off | 1-15 Oct 25","Your Diamond Your Gift Sale up to 60% off","3020 | BU DIA | Engage | Your Diamond Your Gift Sale up to 60% off | 1-15 Oct 25 [Interest]",35-44,male,363,609,50,,55,THB,0.2876,,9.03119869,14.38,2025-10-01,2025-10-31
"3020 | BU DIA | Message | Pearl Essential sale up to 70% | 1-31 Oct 25","Pearl Essential sale up to 70%","3020 | BU DIA | Message | Pearl Essential sale up to 70% | 1-31 Oct 25 [Interest]",65+,female,71,156,10,1,10,THB,1.425,14.25,6.41025641,14.25,2025-10-01,2025-10-31
"3020 | BU DIA | Message | Your Diamond Your Gift Sale up to 60% off | 1-15 Oct 25","Your Diamond Your Gift Sale up to 60% off","3020 | BU DIA | Message | Your Diamond Your Gift Sale up to 60% off | 1-15 Oct 25 [Interest]",25-34,male,154,333,7,,7,THB,2.02873734,,2.1021021,14.20116135,2025-10-01,2025-10-31
"3020 | BU DIA | Engage | เพชรเเท้ที่ใช่ ในงบที่ชอบ Sale up to 60% off | 16-30 Oct 25","เพชรเเท้ที่ใช่ ในงบที่ชอบ Sale up to 60% off","3020 | BU DIA | Engage | เพชรเเท้ที่ใช่ ในงบที่ชอบ Sale up to 60% off | 16-30 Oct 25 [Interest]",65+,female,329,571,46,,58,THB,0.30673442,,10.15761821,14.10978336,2025-10-01,2025-10-31
"3020 | BU DIA | Message | Wedding Package sale up to 60% off | 1-31 Oct 25","Wedding Package sale up to 60% off","3020 | BU DIA | Message | Wedding Package sale up to 60% off | 1-31 Oct 25 [Retargeting]",55-64,female,46,91,7,,6,THB,1.88860831,,6.59340659,13.2202582,2025-10-01,2025-10-31
"3020 | BU DIA | Message | Your Diamond Your Gift Sale up to 60% off | 1-15 Oct 25","Your Diamond Your Gift Sale up to 60% off","3020 | BU DIA | Message | Your Diamond Your Gift Sale up to 60% off | 1-15 Oct 25 [Interest]",35-44,male,128,265,15,,19,THB,0.85340312,,7.16981132,12.80104685,2025-10-01,2025-10-31
"3020 | BU DIA | Engage | เพชรแท้ตามงบ ครบจบที่นี่ | 17-30 Oct 25","เพชรแท้ตามงบ ครบจบที่นี่","3020 | BU DIA | Engage | เพชรแท้ตามงบ ครบจบที่นี่ | 17-30 Oct 25  [Interest]",18-24,male,240,401,50,,53,THB,0.25601383,,13.21695761,12.80069161,2025-10-01,2025-10-31
"3020 | BU DIA | Engage | Wedding Package sale up to 60% off | 1-31 Oct 25","Wedding Package sale up to 60% off","3020 | BU DIA | Engage | Wedding Package sale up to 60% off | 1-31 Oct 25 [Interest]",18-24,male,305,427,60,,73,THB,0.21032064,,17.09601874,12.61923832,2025-10-01,2025-10-31
"3020 | BU DIA | Engage | Your Diamond Your Gift Sale up to 60% off | 1-15 Oct 25","Your Diamond Your Gift Sale up to 60% off","3020 | BU DIA | Engage | Your Diamond Your Gift Sale up to 60% off | 1-15 Oct 25 [Interest]",25-34,male,369,573,61,,65,THB,0.20639344,,11.34380454,12.59,2025-10-01,2025-10-31
"3020 | BU DIA | Engage | Your Diamond Your Gift Sale up to 60% off | 1-15 Oct 25","Your Diamond Your Gift Sale up to 60% off","3020 | BU DIA | Engage | Your Diamond Your Gift Sale up to 60% off | 1-15 Oct 25 [Retargeting]",55-64,male,85,189,45,,28,THB,0.27268968,,14.81481481,12.27103541,2025-10-01,2025-10-31
"3020 | BU DIA | Engage | Wedding Package sale up to 60% off | 1-31 Oct 25","Wedding Package sale up to 60% off","3020 | BU DIA | Engage | Wedding Package sale up to 60% off | 1-31 Oct 25 [Retargeting]",45-54,male,169,299,47,,53,THB,0.25619067,,17.72575251,12.04096138,2025-10-01,2025-10-31
"3020 | BU DIA | Engage | Pearl Essential sale up to 70% | 1-31 Oct 25","Pearl Essential sale up to 70%","3020 | BU DIA | Engage | Pearl Essential sale up to 70% | 1-31 Oct 25 [Retargeting]",45-54,male,127,344,30,,35,THB,0.39238097,,10.1744186,11.77142904,2025-10-01,2025-10-31
"3020 | BU DIA | Message | Wedding Package sale up to 60% off | 1-31 Oct 25","Wedding Package sale up to 60% off","3020 | BU DIA | Message | Wedding Package sale up to 60% off | 1-31 Oct 25 [Retargeting]",55-64,male,9,17,1,,1,THB,11.66022773,,5.88235294,11.66022773,2025-10-01,2025-10-31
"3020 | BU DIA | Message | Pearl Essential sale up to 70% | 1-31 Oct 25","Pearl Essential sale up to 70%","3020 | BU DIA | Message | Pearl Essential sale up to 70% | 1-31 Oct 25 [Interest]",18-24,female,120,273,13,,18,THB,0.87,,6.59340659,11.31,2025-10-01,2025-10-31
"3020 | BU DIA | Message | Pearl Essential sale up to 70% | 1-31 Oct 25","Pearl Essential sale up to 70%","3020 | BU DIA | Message | Pearl Essential sale up to 70% | 1-31 Oct 25 [Retargeting]",55-64,male,16,48,4,,7,THB,2.7451105,,14.58333333,10.98044201,2025-10-01,2025-10-31
"3020 | BU DIA | Message | Pearl Essential sale up to 70% | 1-31 Oct 25","Pearl Essential sale up to 70%","3020 | BU DIA | Message | Pearl Essential sale up to 70% | 1-31 Oct 25 [Interest]",35-44,male,95,241,15,1,17,THB,0.726,10.89,7.05394191,10.89,2025-10-01,2025-10-31
"3020 | BU DIA | Message | One Price ราคาเดียว 13,900.- | 1-31 Oct 25","One Price ราคาเดียว 13,900.-","3020 | BU DIA | Message | One Price ราคาเดียว 13,900.- | 1-31 Oct 25 [Retargeting]",35-44,unknown,34,70,6,,9,THB,1.80867471,,12.85714286,10.85204829,2025-10-01,2025-10-31
"3020 | BU DIA | Engage | เพชรแท้ตามงบ ครบจบที่นี่ | 17-30 Oct 25","เพชรแท้ตามงบ ครบจบที่นี่","3020 | BU DIA | Engage | เพชรแท้ตามงบ ครบจบที่นี่ | 17-30 Oct 25 [Retargeting]",65+,male,78,180,26,,20,THB,0.39424408,,11.11111111,10.25034596,2025-10-01,2025-10-31
"3020 | BU DIA | Engage  | One Price ราคาเดียว 13,900.- | 1-31 Oct 25","One Price ราคาเดียว 13,900.-","3020 | BU DIA | Engage  | One Price ราคาเดียว 13,900.- | 1-31 Oct 25 [Retargeting]",55-64,male,134,254,37,,43,THB,0.27381053,,16.92913386,10.13098944,2025-10-01,2025-10-31
"3020 | BU DIA | Message | เพชรเเท้ที่ใช่ ในงบที่ชอบ Sale up to 60% off | 16-30 Oct 25","เพชรเเท้ที่ใช่ ในงบที่ชอบ Sale up to 60% off","3020 | BU DIA | Message | เพชรเเท้ที่ใช่ ในงบที่ชอบ Sale up to 60% off | 16-30 Oct 25 [Interest]",65+,female,82,159,14,,14,THB,0.72285714,,8.80503145,10.12,2025-10-01,2025-10-31
"3020 | BU DIA | Message | Your Diamond Your Gift Sale up to 60% off | 1-15 Oct 25","Your Diamond Your Gift Sale up to 60% off","3020 | BU DIA | Message | Your Diamond Your Gift Sale up to 60% off | 1-15 Oct 25 [Interest]",45-54,male,42,63,5,1,5,THB,2.01616488,10.08082439,7.93650794,10.08082439,2025-10-01,2025-10-31
"3020 | BU DIA | Engage | Wedding Package sale up to 60% off | 1-31 Oct 25","Wedding Package sale up to 60% off","3020 | BU DIA | Engage | Wedding Package sale up to 60% off | 1-31 Oct 25 [Retargeting]",55-64,male,70,177,39,,28,THB,0.25489215,,15.81920904,9.9407937,2025-10-01,2025-10-31
"3020 | BU DIA | Engage  | One Price ราคาเดียว 13,900.- | 1-31 Oct 25","One Price ราคาเดียว 13,900.-","3020 | BU DIA | Engage  | One Price ราคาเดียว 13,900.- | 1-31 Oct 25 [Interest]",25-34,male,343,515,56,2,73,THB,0.17696596,4.95504699,14.17475728,9.91009397,2025-10-01,2025-10-31
"3020 | BU DIA | Message | Wedding Package sale up to 60% off | 1-31 Oct 25","Wedding Package sale up to 60% off","3020 | BU DIA | Message | Wedding Package sale up to 60% off | 1-31 Oct 25 [Interest]",55-64,female,54,100,11,,6,THB,0.87468336,,6,9.62151697,2025-10-01,2025-10-31
"3020 | BU DIA | Engage | Your Diamond Your Gift Sale up to 60% off | 1-15 Oct 25","Your Diamond Your Gift Sale up to 60% off","3020 | BU DIA | Engage | Your Diamond Your Gift Sale up to 60% off | 1-15 Oct 25 [Interest]",45-54,male,227,377,33,,42,THB,0.29,,11.14058355,9.57,2025-10-01,2025-10-31
"3020 | BU DIA | Message | Your Diamond Your Gift Sale up to 60% off | 1-15 Oct 25","Your Diamond Your Gift Sale up to 60% off","3020 | BU DIA | Message | Your Diamond Your Gift Sale up to 60% off | 1-15 Oct 25 [Interest]",65+,female,58,110,9,,11,THB,0.9545225,,10,8.59070253,2025-10-01,2025-10-31
"3020 | BU DIA | Engage | เพชรแท้ตามงบ ครบจบที่นี่ | 17-30 Oct 25","เพชรแท้ตามงบ ครบจบที่นี่","3020 | BU DIA | Engage | เพชรแท้ตามงบ ครบจบที่นี่ | 17-30 Oct 25  [Interest]",55-64,male,123,205,26,,24,THB,0.33001783,,11.70731707,8.58046359,2025-10-01,2025-10-31
"3020 | BU DIA | Engage | เพชรเเท้ที่ใช่ ในงบที่ชอบ Sale up to 60% off | 16-30 Oct 25","เพชรเเท้ที่ใช่ ในงบที่ชอบ Sale up to 60% off","3020 | BU DIA | Engage | เพชรเเท้ที่ใช่ ในงบที่ชอบ Sale up to 60% off | 16-30 Oct 25 [Interest]",35-44,male,253,415,53,,63,THB,0.15999754,,15.18072289,8.4798698,2025-10-01,2025-10-31
"3020 | BU DIA | Message | เพชรเเท้ที่ใช่ ในงบที่ชอบ Sale up to 60% off | 16-30 Oct 25","เพชรเเท้ที่ใช่ ในงบที่ชอบ Sale up to 60% off","3020 | BU DIA | Message | เพชรเเท้ที่ใช่ ในงบที่ชอบ Sale up to 60% off | 16-30 Oct 25 [Interest]",35-44,male,126,240,15,1,20,THB,0.55933333,8.39,8.33333333,8.39,2025-10-01,2025-10-31
"3020 | BU DIA | Engage | Pearl Essential sale up to 70% | 1-31 Oct 25","Pearl Essential sale up to 70%","3020 | BU DIA | Engage | Pearl Essential sale up to 70% | 1-31 Oct 25 [Interest]",65+,female,146,261,30,,44,THB,0.27769861,,16.85823755,8.3309582,2025-10-01,2025-10-31
"3020 | BU DIA | Engage | เพชรเเท้ที่ใช่ ในงบที่ชอบ Sale up to 60% off | 16-30 Oct 25","เพชรเเท้ที่ใช่ ในงบที่ชอบ Sale up to 60% off","3020 | BU DIA | Engage | เพชรเเท้ที่ใช่ ในงบที่ชอบ Sale up to 60% off | 16-30 Oct 25 [Retargeting]",55-64,male,80,175,33,,28,THB,0.24698801,,16,8.15060437,2025-10-01,2025-10-31
"3020 | BU DIA | Engage | เพชรเเท้ที่ใช่ ในงบที่ชอบ Sale up to 60% off | 16-30 Oct 25","เพชรเเท้ที่ใช่ ในงบที่ชอบ Sale up to 60% off","3020 | BU DIA | Engage | เพชรเเท้ที่ใช่ ในงบที่ชอบ Sale up to 60% off | 16-30 Oct 25 [Interest]",45-54,male,197,316,41,,47,THB,0.17633876,,14.87341772,7.22988899,2025-10-01,2025-10-31
"3020 | BU DIA | Message | เพชรเเท้ที่ใช่ ในงบที่ชอบ Sale up to 60% off | 16-30 Oct 25","เพชรเเท้ที่ใช่ ในงบที่ชอบ Sale up to 60% off","3020 | BU DIA | Message | เพชรเเท้ที่ใช่ ในงบที่ชอบ Sale up to 60% off | 16-30 Oct 25 [Interest]",45-54,male,47,76,6,,8,THB,1.04333333,,10.52631579,6.26,2025-10-01,2025-10-31
"3020 | BU DIA | Message | Wedding Package sale up to 60% off | 1-31 Oct 25","Wedding Package sale up to 60% off","3020 | BU DIA | Message | Wedding Package sale up to 60% off | 1-31 Oct 25 [Retargeting]",65+,female,24,60,3,,2,THB,2.05670683,,3.33333333,6.1701205,2025-10-01,2025-10-31
"3020 | BU DIA | Message | Your Diamond Your Gift Sale up to 60% off | 1-15 Oct 25","Your Diamond Your Gift Sale up to 60% off","3020 | BU DIA | Message | Your Diamond Your Gift Sale up to 60% off | 1-15 Oct 25 [Retargeting]",45-54,unknown,7,17,,,0,THB,,,0,6.08,2025-10-01,2025-10-31
"3020 | BU DIA | Engage | Wedding Package sale up to 60% off | 1-31 Oct 25","Wedding Package sale up to 60% off","3020 | BU DIA | Engage | Wedding Package sale up to 60% off | 1-31 Oct 25 [Retargeting]",25-34,unknown,64,142,20,,23,THB,0.30102403,,16.1971831,6.02048069,2025-10-01,2025-10-31
"3020 | BU DIA | Message | เพชรเเท้ที่ใช่ ในงบที่ชอบ Sale up to 60% off | 16-30 Oct 25","เพชรเเท้ที่ใช่ ในงบที่ชอบ Sale up to 60% off","3020 | BU DIA | Message | เพชรเเท้ที่ใช่ ในงบที่ชอบ Sale up to 60% off | 16-30 Oct 25 [Retargeting]",35-44,unknown,19,44,3,,3,THB,1.9801369,,6.81818182,5.9404107,2025-10-01,2025-10-31
"3020 | BU DIA | Engage | เพชรเเท้ที่ใช่ ในงบที่ชอบ Sale up to 60% off | 16-30 Oct 25","เพชรเเท้ที่ใช่ ในงบที่ชอบ Sale up to 60% off","3020 | BU DIA | Engage | เพชรเเท้ที่ใช่ ในงบที่ชอบ Sale up to 60% off | 16-30 Oct 25 [Interest]",25-34,male,189,306,29,,34,THB,0.20137622,,11.11111111,5.83991033,2025-10-01,2025-10-31
"3020 | BU DIA | Message | Your Diamond Your Gift Sale up to 60% off | 1-15 Oct 25","Your Diamond Your Gift Sale up to 60% off","3020 | BU DIA | Message | Your Diamond Your Gift Sale up to 60% off | 1-15 Oct 25 [Interest]",18-24,male,16,46,1,,1,THB,5.74046945,,2.17391304,5.74046945,2025-10-01,2025-10-31
"3020 | BU DIA | Message | One Price ราคาเดียว 13,900.- | 1-31 Oct 25","One Price ราคาเดียว 13,900.-","3020 | BU DIA | Message | One Price ราคาเดียว 13,900.- | 1-31 Oct 25 [Interest]",18-24,male,46,101,2,,4,THB,2.83001818,,3.96039604,5.66003636,2025-10-01,2025-10-31
"3020 | BU DIA | Message | เพชรเเท้ที่ใช่ ในงบที่ชอบ Sale up to 60% off | 16-30 Oct 25","เพชรเเท้ที่ใช่ ในงบที่ชอบ Sale up to 60% off","3020 | BU DIA | Message | เพชรเเท้ที่ใช่ ในงบที่ชอบ Sale up to 60% off | 16-30 Oct 25 [Interest]",18-24,male,32,64,5,1,4,THB,1.128,5.64,6.25,5.64,2025-10-01,2025-10-31
"3020 | BU DIA | Engage | Wedding Package sale up to 60% off | 1-31 Oct 25","Wedding Package sale up to 60% off","3020 | BU DIA | Engage | Wedding Package sale up to 60% off | 1-31 Oct 25 [Interest]",55-64,female,136,182,21,,30,THB,0.26331744,,16.48351648,5.52966624,2025-10-01,2025-10-31
"3020 | BU DIA | Engage | Pearl Essential sale up to 70% | 1-31 Oct 25","Pearl Essential sale up to 70%","3020 | BU DIA | Engage | Pearl Essential sale up to 70% | 1-31 Oct 25 [Retargeting]",55-64,male,41,98,18,,19,THB,0.30059205,,19.3877551,5.41065685,2025-10-01,2025-10-31
"3020 | BU DIA | Engage | Your Diamond Your Gift Sale up to 60% off | 1-15 Oct 25","Your Diamond Your Gift Sale up to 60% off","3020 | BU DIA | Engage | Your Diamond Your Gift Sale up to 60% off | 1-15 Oct 25 [Interest]",18-24,male,113,219,24,,31,THB,0.22125,,14.15525114,5.31,2025-10-01,2025-10-31
"3020 | BU DIA | Message | Wedding Package sale up to 60% off | 1-31 Oct 25","Wedding Package sale up to 60% off","3020 | BU DIA | Message | Wedding Package sale up to 60% off | 1-31 Oct 25 [Interest]",18-24,male,73,134,5,,8,THB,1.04216431,,5.97014925,5.21082156,2025-10-01,2025-10-31
"3020 | BU DIA | Engage | Wedding Package sale up to 60% off | 1-31 Oct 25","Wedding Package sale up to 60% off","3020 | BU DIA | Engage | Wedding Package sale up to 60% off | 1-31 Oct 25 [Interest]",45-54,male,124,153,29,,35,THB,0.16619687,,22.87581699,4.81970909,2025-10-01,2025-10-31
"3020 | BU DIA | Engage | Wedding Package sale up to 60% off | 1-31 Oct 25","Wedding Package sale up to 60% off","3020 | BU DIA | Engage | Wedding Package sale up to 60% off | 1-31 Oct 25 [Retargeting]",65+,female,70,127,11,,14,THB,0.42003354,,11.02362205,4.6203689,2025-10-01,2025-10-31
"3020 | BU DIA | Engage  | One Price ราคาเดียว 13,900.- | 1-31 Oct 25","One Price ราคาเดียว 13,900.-","3020 | BU DIA | Engage  | One Price ราคาเดียว 13,900.- | 1-31 Oct 25 [Retargeting]",35-44,unknown,61,128,11,,13,THB,0.41185841,,10.15625,4.53044246,2025-10-01,2025-10-31
"3020 | BU DIA | Engage | Pearl Essential sale up to 70% | 1-31 Oct 25","Pearl Essential sale up to 70%","3020 | BU DIA | Engage | Pearl Essential sale up to 70% | 1-31 Oct 25 [Interest]",45-54,male,82,153,18,,25,THB,0.25114,,16.33986928,4.52051993,2025-10-01,2025-10-31
"3020 | BU DIA | Message | Your Diamond Your Gift Sale up to 60% off | 1-15 Oct 25","Your Diamond Your Gift Sale up to 60% off","3020 | BU DIA | Message | Your Diamond Your Gift Sale up to 60% off | 1-15 Oct 25 [Retargeting]",25-34,unknown,11,39,3,,5,THB,1.49,,12.82051282,4.47,2025-10-01,2025-10-31
"3020 | BU DIA | Engage | Pearl Essential sale up to 70% | 1-31 Oct 25","Pearl Essential sale up to 70%","3020 | BU DIA | Engage | Pearl Essential sale up to 70% | 1-31 Oct 25 [Interest]",25-34,male,113,168,15,,16,THB,0.29403382,,9.52380952,4.41050728,2025-10-01,2025-10-31
"3020 | BU DIA | Engage | Pearl Essential sale up to 70% | 1-31 Oct 25","Pearl Essential sale up to 70%","3020 | BU DIA | Engage | Pearl Essential sale up to 70% | 1-31 Oct 25 [Interest]",35-44,male,118,180,19,,24,THB,0.22634182,,13.33333333,4.30049463,2025-10-01,2025-10-31
"3020 | BU DIA | Engage | เพชรแท้ตามงบ ครบจบที่นี่ | 17-30 Oct 25","เพชรแท้ตามงบ ครบจบที่นี่","3020 | BU DIA | Engage | เพชรแท้ตามงบ ครบจบที่นี่ | 17-30 Oct 25  [Interest]",65+,male,73,111,12,,12,THB,0.34251851,,10.81081081,4.11022207,2025-10-01,2025-10-31
"3020 | BU DIA | Message | Pearl Essential sale up to 70% | 1-31 Oct 25","Pearl Essential sale up to 70%","3020 | BU DIA | Message | Pearl Essential sale up to 70% | 1-31 Oct 25 [Interest]",45-54,male,32,48,4,,4,THB,1.0175,,8.33333333,4.07,2025-10-01,2025-10-31
"3020 | BU DIA | Engage | Your Diamond Your Gift Sale up to 60% off | 1-15 Oct 25","Your Diamond Your Gift Sale up to 60% off","3020 | BU DIA | Engage | Your Diamond Your Gift Sale up to 60% off | 1-15 Oct 25 [Interest]",55-64,male,82,145,14,,15,THB,0.28928571,,10.34482759,4.05,2025-10-01,2025-10-31
"3020 | BU DIA | Engage  | One Price ราคาเดียว 13,900.- | 1-31 Oct 25","One Price ราคาเดียว 13,900.-","3020 | BU DIA | Engage  | One Price ราคาเดียว 13,900.- | 1-31 Oct 25 [Interest]",55-64,male,116,170,26,,29,THB,0.15423223,,17.05882353,4.01003803,2025-10-01,2025-10-31
"3020 | BU DIA | Engage  | One Price ราคาเดียว 13,900.- | 1-31 Oct 25","One Price ราคาเดียว 13,900.-","3020 | BU DIA | Engage  | One Price ราคาเดียว 13,900.- | 1-31 Oct 25 [Retargeting]",65+,male,65,103,12,,11,THB,0.33253248,,10.67961165,3.99038972,2025-10-01,2025-10-31
"3020 | BU DIA | Engage | Pearl Essential sale up to 70% | 1-31 Oct 25","Pearl Essential sale up to 70%","3020 | BU DIA | Engage | Pearl Essential sale up to 70% | 1-31 Oct 25 [Retargeting]",35-44,unknown,37,96,13,,15,THB,0.28157264,,15.625,3.66044437,2025-10-01,2025-10-31
"3020 | BU DIA | Engage | เพชรแท้ตามงบ ครบจบที่นี่ | 17-30 Oct 25","เพชรแท้ตามงบ ครบจบที่นี่","3020 | BU DIA | Engage | เพชรแท้ตามงบ ครบจบที่นี่ | 17-30 Oct 25 [Retargeting]",25-34,unknown,45,76,6,,8,THB,0.54668512,,10.52631579,3.28011071,2025-10-01,2025-10-31
"3020 | BU DIA | Message | Wedding Package sale up to 60% off | 1-31 Oct 25","Wedding Package sale up to 60% off","3020 | BU DIA | Message | Wedding Package sale up to 60% off | 1-31 Oct 25 [Retargeting]",25-34,unknown,23,34,7,,9,THB,0.46429478,,26.47058824,3.25006347,2025-10-01,2025-10-31
"3020 | BU DIA | Engage  | One Price ราคาเดียว 13,900.- | 1-31 Oct 25","One Price ราคาเดียว 13,900.-","3020 | BU DIA | Engage  | One Price ราคาเดียว 13,900.- | 1-31 Oct 25 [Interest]",18-24,male,77,143,22,,24,THB,0.14727412,,16.78321678,3.24003072,2025-10-01,2025-10-31
"3020 | BU DIA | Engage | เพชรเเท้ที่ใช่ ในงบที่ชอบ Sale up to 60% off | 16-30 Oct 25","เพชรเเท้ที่ใช่ ในงบที่ชอบ Sale up to 60% off","3020 | BU DIA | Engage | เพชรเเท้ที่ใช่ ในงบที่ชอบ Sale up to 60% off | 16-30 Oct 25 [Retargeting]",65+,male,42,75,8,,8,THB,0.40377994,,10.66666667,3.23023952,2025-10-01,2025-10-31
"3020 | BU DIA | Engage | Pearl Essential sale up to 70% | 1-31 Oct 25","Pearl Essential sale up to 70%","3020 | BU DIA | Engage | Pearl Essential sale up to 70% | 1-31 Oct 25 [Retargeting]",65+,male,29,71,7,,8,THB,0.45719836,,11.26760563,3.20038852,2025-10-01,2025-10-31
"3020 | BU DIA | Engage | เพชรเเท้ที่ใช่ ในงบที่ชอบ Sale up to 60% off | 16-30 Oct 25","เพชรเเท้ที่ใช่ ในงบที่ชอบ Sale up to 60% off","3020 | BU DIA | Engage | เพชรเเท้ที่ใช่ ในงบที่ชอบ Sale up to 60% off | 16-30 Oct 25 [Interest]",55-64,male,73,110,14,,15,THB,0.22785364,,13.63636364,3.18995102,2025-10-01,2025-10-31
"3020 | BU DIA | Message | Pearl Essential sale up to 70% | 1-31 Oct 25","Pearl Essential sale up to 70%","3020 | BU DIA | Message | Pearl Essential sale up to 70% | 1-31 Oct 25 [Retargeting]",35-44,unknown,18,37,2,,4,THB,1.51006079,,10.81081081,3.02012157,2025-10-01,2025-10-31
"3020 | BU DIA | Engage | เพชรแท้ตามงบ ครบจบที่นี่ | 17-30 Oct 25","เพชรแท้ตามงบ ครบจบที่นี่","3020 | BU DIA | Engage | เพชรแท้ตามงบ ครบจบที่นี่ | 17-30 Oct 25 [Retargeting]",35-44,unknown,34,76,9,,13,THB,0.32778884,,17.10526316,2.95009957,2025-10-01,2025-10-31
"3020 | BU DIA | Message | One Price ราคาเดียว 13,900.- | 1-31 Oct 25","One Price ราคาเดียว 13,900.-","3020 | BU DIA | Message | One Price ราคาเดียว 13,900.- | 1-31 Oct 25 [Retargeting]",65+,male,14,28,4,,2,THB,0.72513687,,7.14285714,2.90054747,2025-10-01,2025-10-31
"3020 | BU DIA | Message | Your Diamond Your Gift Sale up to 60% off | 1-15 Oct 25","Your Diamond Your Gift Sale up to 60% off","3020 | BU DIA | Message | Your Diamond Your Gift Sale up to 60% off | 1-15 Oct 25 [Retargeting]",65+,male,16,52,1,,0,THB,2.82,,0,2.82,2025-10-01,2025-10-31
"3020 | BU DIA | Message | One Price ราคาเดียว 13,900.- | 1-31 Oct 25","One Price ราคาเดียว 13,900.-","3020 | BU DIA | Message | One Price ราคาเดียว 13,900.- | 1-31 Oct 25 [Interest]",65+,male,15,52,4,,5,THB,0.6850044,,9.61538462,2.7400176,2025-10-01,2025-10-31
"3020 | BU DIA | Engage | Wedding Package sale up to 60% off | 1-31 Oct 25","Wedding Package sale up to 60% off","3020 | BU DIA | Engage | Wedding Package sale up to 60% off | 1-31 Oct 25 [Retargeting]",65+,male,30,71,11,,11,THB,0.24547414,,15.49295775,2.70021559,2025-10-01,2025-10-31
"3020 | BU DIA | Message | Wedding Package sale up to 60% off | 1-31 Oct 25","Wedding Package sale up to 60% off","3020 | BU DIA | Message | Wedding Package sale up to 60% off | 1-31 Oct 25 [Interest]",65+,female,30,49,3,,4,THB,0.89014034,,8.16326531,2.67042103,2025-10-01,2025-10-31
"3020 | BU DIA | Message | เพชรเเท้ที่ใช่ ในงบที่ชอบ Sale up to 60% off | 16-30 Oct 25","เพชรเเท้ที่ใช่ ในงบที่ชอบ Sale up to 60% off","3020 | BU DIA | Message | เพชรเเท้ที่ใช่ ในงบที่ชอบ Sale up to 60% off | 16-30 Oct 25 [Retargeting]",55-64,male,31,57,2,,5,THB,1.3350923,,8.77192982,2.67018461,2025-10-01,2025-10-31
"3020 | BU DIA | Message | Your Diamond Your Gift Sale up to 60% off | 1-15 Oct 25","Your Diamond Your Gift Sale up to 60% off","3020 | BU DIA | Message | Your Diamond Your Gift Sale up to 60% off | 1-15 Oct 25 [Retargeting]",35-44,unknown,16,35,1,,2,THB,2.62,,5.71428571,2.62,2025-10-01,2025-10-31
"3020 | BU DIA | Engage | เพชรเเท้ที่ใช่ ในงบที่ชอบ Sale up to 60% off | 16-30 Oct 25","เพชรเเท้ที่ใช่ ในงบที่ชอบ Sale up to 60% off","3020 | BU DIA | Engage | เพชรเเท้ที่ใช่ ในงบที่ชอบ Sale up to 60% off | 16-30 Oct 25 [Interest]",18-24,male,80,149,17,,22,THB,0.15411528,,14.76510067,2.61995977,2025-10-01,2025-10-31
"3020 | BU DIA | Engage | Wedding Package sale up to 60% off | 1-31 Oct 25","Wedding Package sale up to 60% off","3020 | BU DIA | Engage | Wedding Package sale up to 60% off | 1-31 Oct 25 [Interest]",65+,female,63,77,7,,9,THB,0.37140615,,11.68831169,2.59984308,2025-10-01,2025-10-31
"3020 | BU DIA | Engage  | One Price ราคาเดียว 13,900.- | 1-31 Oct 25","One Price ราคาเดียว 13,900.-","3020 | BU DIA | Engage  | One Price ราคาเดียว 13,900.- | 1-31 Oct 25 [Retargeting]",45-54,unknown,46,77,6,,6,THB,0.42337468,,7.79220779,2.54024809,2025-10-01,2025-10-31
"3020 | BU DIA | Message | One Price ราคาเดียว 13,900.- | 1-31 Oct 25","One Price ราคาเดียว 13,900.-","3020 | BU DIA | Message | One Price ราคาเดียว 13,900.- | 1-31 Oct 25 [Interest]",55-64,male,28,45,5,,4,THB,0.48600312,,8.88888889,2.43001561,2025-10-01,2025-10-31
"3020 | BU DIA | Message | เพชรเเท้ที่ใช่ ในงบที่ชอบ Sale up to 60% off | 16-30 Oct 25","เพชรเเท้ที่ใช่ ในงบที่ชอบ Sale up to 60% off","3020 | BU DIA | Message | เพชรเเท้ที่ใช่ ในงบที่ชอบ Sale up to 60% off | 16-30 Oct 25 [Retargeting]",45-54,unknown,13,40,2,,3,THB,1.18508193,,7.5,2.37016387,2025-10-01,2025-10-31
"3020 | BU DIA | Engage | Pearl Essential sale up to 70% | 1-31 Oct 25","Pearl Essential sale up to 70%","3020 | BU DIA | Engage | Pearl Essential sale up to 70% | 1-31 Oct 25 [Interest]",18-24,male,51,80,7,,9,THB,0.32718049,,11.25,2.29026342,2025-10-01,2025-10-31
"3020 | BU DIA | Engage | Your Diamond Your Gift Sale up to 60% off | 1-15 Oct 25","Your Diamond Your Gift Sale up to 60% off","3020 | BU DIA | Engage | Your Diamond Your Gift Sale up to 60% off | 1-15 Oct 25 [Retargeting]",65+,male,39,57,9,,9,THB,0.24335387,,15.78947368,2.1901848,2025-10-01,2025-10-31
"3020 | BU DIA | Engage | Pearl Essential sale up to 70% | 1-31 Oct 25","Pearl Essential sale up to 70%","3020 | BU DIA | Engage | Pearl Essential sale up to 70% | 1-31 Oct 25 [Retargeting]",45-54,unknown,19,59,9,,10,THB,0.23891789,,16.94915254,2.15026104,2025-10-01,2025-10-31
"3020 | BU DIA | Message | เพชรเเท้ที่ใช่ ในงบที่ชอบ Sale up to 60% off | 16-30 Oct 25","เพชรเเท้ที่ใช่ ในงบที่ชอบ Sale up to 60% off","3020 | BU DIA | Message | เพชรเเท้ที่ใช่ ในงบที่ชอบ Sale up to 60% off | 16-30 Oct 25 [Retargeting]",25-34,unknown,17,31,,,0,THB,,,0,2.15014865,2025-10-01,2025-10-31
"3020 | BU DIA | Message | Wedding Package sale up to 60% off | 1-31 Oct 25","Wedding Package sale up to 60% off","3020 | BU DIA | Message | Wedding Package sale up to 60% off | 1-31 Oct 25 [Interest]",55-64,male,17,25,,,0,THB,,,0,2.06032484,2025-10-01,2025-10-31
"3020 | BU DIA | Engage | Wedding Package sale up to 60% off | 1-31 Oct 25","Wedding Package sale up to 60% off","3020 | BU DIA | Engage | Wedding Package sale up to 60% off | 1-31 Oct 25 [Interest]",55-64,male,37,55,11,,10,THB,0.18089817,,18.18181818,1.98987989,2025-10-01,2025-10-31
"3020 | BU DIA | Message | Wedding Package sale up to 60% off | 1-31 Oct 25","Wedding Package sale up to 60% off","3020 | BU DIA | Message | Wedding Package sale up to 60% off | 1-31 Oct 25 [Interest]",35-44,unknown,13,26,4,,5,THB,0.48757687,,19.23076923,1.95030749,2025-10-01,2025-10-31
"3020 | BU DIA | Engage | เพชรเเท้ที่ใช่ ในงบที่ชอบ Sale up to 60% off | 16-30 Oct 25","เพชรเเท้ที่ใช่ ในงบที่ชอบ Sale up to 60% off","3020 | BU DIA | Engage | เพชรเเท้ที่ใช่ ในงบที่ชอบ Sale up to 60% off | 16-30 Oct 25 [Retargeting]",35-44,unknown,37,62,3,,4,THB,0.63671388,,6.4516129,1.91014164,2025-10-01,2025-10-31
"3020 | BU DIA | Engage | Wedding Package sale up to 60% off | 1-31 Oct 25","Wedding Package sale up to 60% off","3020 | BU DIA | Engage | Wedding Package sale up to 60% off | 1-31 Oct 25 [Retargeting]",35-44,unknown,22,50,7,,7,THB,0.26430682,,14,1.85014772,2025-10-01,2025-10-31
"3020 | BU DIA | Engage  | One Price ราคาเดียว 13,900.- | 1-31 Oct 25","One Price ราคาเดียว 13,900.-","3020 | BU DIA | Engage  | One Price ราคาเดียว 13,900.- | 1-31 Oct 25 [Interest]",65+,male,48,71,11,,13,THB,0.16818341,,18.30985915,1.85001754,2025-10-01,2025-10-31
"3020 | BU DIA | Engage | Your Diamond Your Gift Sale up to 60% off | 1-15 Oct 25","Your Diamond Your Gift Sale up to 60% off","3020 | BU DIA | Engage | Your Diamond Your Gift Sale up to 60% off | 1-15 Oct 25 [Retargeting]",35-44,unknown,25,53,6,,9,THB,0.30502574,,16.98113208,1.83015443,2025-10-01,2025-10-31
"3020 | BU DIA | Engage  | One Price ราคาเดียว 13,900.- | 1-31 Oct 25","One Price ราคาเดียว 13,900.-","3020 | BU DIA | Engage  | One Price ราคาเดียว 13,900.- | 1-31 Oct 25 [Retargeting]",25-34,unknown,44,63,11,,12,THB,0.16547071,,19.04761905,1.82017777,2025-10-01,2025-10-31
"3020 | BU DIA | Message | One Price ราคาเดียว 13,900.- | 1-31 Oct 25","One Price ราคาเดียว 13,900.-","3020 | BU DIA | Message | One Price ราคาเดียว 13,900.- | 1-31 Oct 25 [Retargeting]",25-34,unknown,20,50,1,,2,THB,1.80033981,,4,1.80033981,2025-10-01,2025-10-31
"3020 | BU DIA | Message | Wedding Package sale up to 60% off | 1-31 Oct 25","Wedding Package sale up to 60% off","3020 | BU DIA | Message | Wedding Package sale up to 60% off | 1-31 Oct 25 [Retargeting]",35-44,unknown,10,24,4,,6,THB,0.45000879,,25,1.80003516,2025-10-01,2025-10-31
"3020 | BU DIA | Engage | Your Diamond Your Gift Sale up to 60% off | 1-15 Oct 25","Your Diamond Your Gift Sale up to 60% off","3020 | BU DIA | Engage | Your Diamond Your Gift Sale up to 60% off | 1-15 Oct 25 [Interest]",65+,male,41,64,6,,7,THB,0.285,,10.9375,1.71,2025-10-01,2025-10-31
"3020 | BU DIA | Message | One Price ราคาเดียว 13,900.- | 1-31 Oct 25","One Price ราคาเดียว 13,900.-","3020 | BU DIA | Message | One Price ราคาเดียว 13,900.- | 1-31 Oct 25 [Interest]",35-44,unknown,24,38,2,,2,THB,0.79500511,,5.26315789,1.59001022,2025-10-01,2025-10-31
"3020 | BU DIA | Engage | เพชรแท้ตามงบ ครบจบที่นี่ | 17-30 Oct 25","เพชรแท้ตามงบ ครบจบที่นี่","3020 | BU DIA | Engage | เพชรแท้ตามงบ ครบจบที่นี่ | 17-30 Oct 25 [Retargeting]",45-54,unknown,20,41,6,,11,THB,0.2616755,,26.82926829,1.57005299,2025-10-01,2025-10-31
"3020 | BU DIA | Engage | Pearl Essential sale up to 70% | 1-31 Oct 25","Pearl Essential sale up to 70%","3020 | BU DIA | Engage | Pearl Essential sale up to 70% | 1-31 Oct 25 [Interest]",55-64,male,28,56,9,,9,THB,0.16224088,,16.07142857,1.46016794,2025-10-01,2025-10-31
"3020 | BU DIA | Message | Pearl Essential sale up to 70% | 1-31 Oct 25","Pearl Essential sale up to 70%","3020 | BU DIA | Message | Pearl Essential sale up to 70% | 1-31 Oct 25 [Interest]",18-24,male,17,41,3,1,6,THB,0.47,1.41,14.63414634,1.41,2025-10-01,2025-10-31
"3020 | BU DIA | Message | One Price ราคาเดียว 13,900.- | 1-31 Oct 25","One Price ราคาเดียว 13,900.-","3020 | BU DIA | Message | One Price ราคาเดียว 13,900.- | 1-31 Oct 25 [Retargeting]",45-54,unknown,11,26,1,,1,THB,1.39026241,,3.84615385,1.39026241,2025-10-01,2025-10-31
"3020 | BU DIA | Engage | Your Diamond Your Gift Sale up to 60% off | 1-15 Oct 25","Your Diamond Your Gift Sale up to 60% off","3020 | BU DIA | Engage | Your Diamond Your Gift Sale up to 60% off | 1-15 Oct 25 [Retargeting]",25-34,unknown,30,43,2,,2,THB,0.69505865,,4.65116279,1.3901173,2025-10-01,2025-10-31
"3020 | BU DIA | Message | Pearl Essential sale up to 70% | 1-31 Oct 25","Pearl Essential sale up to 70%","3020 | BU DIA | Message | Pearl Essential sale up to 70% | 1-31 Oct 25 [Retargeting]",65+,male,9,14,2,,2,THB,0.69502798,,14.28571429,1.39005596,2025-10-01,2025-10-31
"3020 | BU DIA | Message | Wedding Package sale up to 60% off | 1-31 Oct 25","Wedding Package sale up to 60% off","3020 | BU DIA | Message | Wedding Package sale up to 60% off | 1-31 Oct 25 [Retargeting]",65+,male,9,47,4,,7,THB,0.34250669,,14.89361702,1.37002676,2025-10-01,2025-10-31
"3020 | BU DIA | Engage | Wedding Package sale up to 60% off | 1-31 Oct 25","Wedding Package sale up to 60% off","3020 | BU DIA | Engage | Wedding Package sale up to 60% off | 1-31 Oct 25 [Interest]",65+,male,28,45,5,,9,THB,0.27198358,,20,1.35991792,2025-10-01,2025-10-31
"3020 | BU DIA | Engage | เพชรเเท้ที่ใช่ ในงบที่ชอบ Sale up to 60% off | 16-30 Oct 25","เพชรเเท้ที่ใช่ ในงบที่ชอบ Sale up to 60% off","3020 | BU DIA | Engage | เพชรเเท้ที่ใช่ ในงบที่ชอบ Sale up to 60% off | 16-30 Oct 25 [Retargeting]",45-54,unknown,23,45,4,,5,THB,0.32252392,,11.11111111,1.29009566,2025-10-01,2025-10-31
"3020 | BU DIA | Engage | เพชรแท้ตามงบ ครบจบที่นี่ | 17-30 Oct 25","เพชรแท้ตามงบ ครบจบที่นี่","3020 | BU DIA | Engage | เพชรแท้ตามงบ ครบจบที่นี่ | 17-30 Oct 25  [Interest]",35-44,unknown,27,41,3,,3,THB,0.43002323,,7.31707317,1.2900697,2025-10-01,2025-10-31
"3020 | BU DIA | Message | Pearl Essential sale up to 70% | 1-31 Oct 25","Pearl Essential sale up to 70%","3020 | BU DIA | Message | Pearl Essential sale up to 70% | 1-31 Oct 25 [Interest]",55-64,male,8,21,1,,1,THB,1.29,,4.76190476,1.29,2025-10-01,2025-10-31
"3020 | BU DIA | Engage | Pearl Essential sale up to 70% | 1-31 Oct 25","Pearl Essential sale up to 70%","3020 | BU DIA | Engage | Pearl Essential sale up to 70% | 1-31 Oct 25 [Retargeting]",25-34,unknown,26,42,2,,2,THB,0.6350771,,4.76190476,1.2701542,2025-10-01,2025-10-31
"3020 | BU DIA | Engage  | One Price ราคาเดียว 13,900.- | 1-31 Oct 25","One Price ราคาเดียว 13,900.-","3020 | BU DIA | Engage  | One Price ราคาเดียว 13,900.- | 1-31 Oct 25 [Interest]",45-54,unknown,31,48,6,,10,THB,0.21166867,,20.83333333,1.27001204,2025-10-01,2025-10-31
"3020 | BU DIA | Engage | Your Diamond Your Gift Sale up to 60% off | 1-15 Oct 25","Your Diamond Your Gift Sale up to 60% off","3020 | BU DIA | Engage | Your Diamond Your Gift Sale up to 60% off | 1-15 Oct 25 [Interest]",35-44,unknown,23,50,4,,5,THB,0.3125,,10,1.25,2025-10-01,2025-10-31
"3020 | BU DIA | Message | Your Diamond Your Gift Sale up to 60% off | 1-15 Oct 25","Your Diamond Your Gift Sale up to 60% off","3020 | BU DIA | Message | Your Diamond Your Gift Sale up to 60% off | 1-15 Oct 25 [Interest]",55-64,male,14,17,,,0,THB,,,0,1.2301006,2025-10-01,2025-10-31
"3020 | BU DIA | Engage | Your Diamond Your Gift Sale up to 60% off | 1-15 Oct 25","Your Diamond Your Gift Sale up to 60% off","3020 | BU DIA | Engage | Your Diamond Your Gift Sale up to 60% off | 1-15 Oct 25 [Retargeting]",45-54,unknown,20,38,8,,11,THB,0.15126276,,28.94736842,1.21010211,2025-10-01,2025-10-31
"3020 | BU DIA | Engage | เพชรเเท้ที่ใช่ ในงบที่ชอบ Sale up to 60% off | 16-30 Oct 25","เพชรเเท้ที่ใช่ ในงบที่ชอบ Sale up to 60% off","3020 | BU DIA | Engage | เพชรเเท้ที่ใช่ ในงบที่ชอบ Sale up to 60% off | 16-30 Oct 25 [Interest]",65+,male,32,53,7,,7,THB,0.16999739,,13.20754717,1.18998173,2025-10-01,2025-10-31
"3020 | BU DIA | Engage  | One Price ราคาเดียว 13,900.- | 1-31 Oct 25","One Price ราคาเดียว 13,900.-","3020 | BU DIA | Engage  | One Price ราคาเดียว 13,900.- | 1-31 Oct 25 [Interest]",35-44,unknown,37,57,11,,12,THB,0.10636464,,21.05263158,1.17001109,2025-10-01,2025-10-31
"3020 | BU DIA | Message | One Price ราคาเดียว 13,900.- | 1-31 Oct 25","One Price ราคาเดียว 13,900.-","3020 | BU DIA | Message | One Price ราคาเดียว 13,900.- | 1-31 Oct 25 [Interest]",45-54,unknown,15,28,,,0,THB,,,0,1.06000681,2025-10-01,2025-10-31
"3020 | BU DIA | Message | Pearl Essential sale up to 70% | 1-31 Oct 25","Pearl Essential sale up to 70%","3020 | BU DIA | Message | Pearl Essential sale up to 70% | 1-31 Oct 25 [Retargeting]",45-54,unknown,9,19,,,0,THB,,,0,1.05004227,2025-10-01,2025-10-31
"3020 | BU DIA | Message | เพชรเเท้ที่ใช่ ในงบที่ชอบ Sale up to 60% off | 16-30 Oct 25","เพชรเเท้ที่ใช่ ในงบที่ชอบ Sale up to 60% off","3020 | BU DIA | Message | เพชรเเท้ที่ใช่ ในงบที่ชอบ Sale up to 60% off | 16-30 Oct 25 [Retargeting]",65+,male,12,20,,,0,THB,,,0,1.03007122,2025-10-01,2025-10-31
"3020 | BU DIA | Engage | Wedding Package sale up to 60% off | 1-31 Oct 25","Wedding Package sale up to 60% off","3020 | BU DIA | Engage | Wedding Package sale up to 60% off | 1-31 Oct 25 [Interest]",25-34,unknown,19,24,5,,5,THB,0.20398769,,20.83333333,1.01993844,2025-10-01,2025-10-31
"3020 | BU DIA | Engage | เพชรเเท้ที่ใช่ ในงบที่ชอบ Sale up to 60% off | 16-30 Oct 25","เพชรเเท้ที่ใช่ ในงบที่ชอบ Sale up to 60% off","3020 | BU DIA | Engage | เพชรเเท้ที่ใช่ ในงบที่ชอบ Sale up to 60% off | 16-30 Oct 25 [Interest]",45-54,unknown,24,33,2,,2,THB,0.47999263,,6.06060606,0.95998526,2025-10-01,2025-10-31
"3020 | BU DIA | Engage | เพชรแท้ตามงบ ครบจบที่นี่ | 17-30 Oct 25","เพชรแท้ตามงบ ครบจบที่นี่","3020 | BU DIA | Engage | เพชรแท้ตามงบ ครบจบที่นี่ | 17-30 Oct 25  [Interest]",45-54,unknown,17,26,3,,4,THB,0.30668324,,15.38461538,0.92004971,2025-10-01,2025-10-31
"3020 | BU DIA | Engage | เพชรเเท้ที่ใช่ ในงบที่ชอบ Sale up to 60% off | 16-30 Oct 25","เพชรเเท้ที่ใช่ ในงบที่ชอบ Sale up to 60% off","3020 | BU DIA | Engage | เพชรเเท้ที่ใช่ ในงบที่ชอบ Sale up to 60% off | 16-30 Oct 25 [Retargeting]",25-34,unknown,25,31,,,1,THB,,,3.22580645,0.890066,2025-10-01,2025-10-31
"3020 | BU DIA | Message | Your Diamond Your Gift Sale up to 60% off | 1-15 Oct 25","Your Diamond Your Gift Sale up to 60% off","3020 | BU DIA | Message | Your Diamond Your Gift Sale up to 60% off | 1-15 Oct 25 [Interest]",65+,male,12,21,1,,0,THB,0.82006706,,0,0.82006706,2025-10-01,2025-10-31
"3020 | BU DIA | Engage | เพชรแท้ตามงบ ครบจบที่นี่ | 17-30 Oct 25","เพชรแท้ตามงบ ครบจบที่นี่","3020 | BU DIA | Engage | เพชรแท้ตามงบ ครบจบที่นี่ | 17-30 Oct 25  [Interest]",25-34,unknown,21,22,4,,4,THB,0.20501108,,18.18181818,0.82004431,2025-10-01,2025-10-31
"3020 | BU DIA | Message | Pearl Essential sale up to 70% | 1-31 Oct 25","Pearl Essential sale up to 70%","3020 | BU DIA | Message | Pearl Essential sale up to 70% | 1-31 Oct 25 [Retargeting]",18-24,male,16,26,,,0,THB,,,0,0.82003301,2025-10-01,2025-10-31
"3020 | BU DIA | Message | One Price ราคาเดียว 13,900.- | 1-31 Oct 25","One Price ราคาเดียว 13,900.-","3020 | BU DIA | Message | One Price ราคาเดียว 13,900.- | 1-31 Oct 25 [Interest]",25-34,unknown,8,22,,,0,THB,,,0,0.79000508,2025-10-01,2025-10-31
"3020 | BU DIA | Engage | Pearl Essential sale up to 70% | 1-31 Oct 25","Pearl Essential sale up to 70%","3020 | BU DIA | Engage | Pearl Essential sale up to 70% | 1-31 Oct 25 [Interest]",35-44,unknown,20,25,1,,1,THB,0.77008857,,4,0.77008857,2025-10-01,2025-10-31
"3020 | BU DIA | Message | Pearl Essential sale up to 70% | 1-31 Oct 25","Pearl Essential sale up to 70%","3020 | BU DIA | Message | Pearl Essential sale up to 70% | 1-31 Oct 25 [Interest]",35-44,unknown,8,11,,,0,THB,,,0,0.71,2025-10-01,2025-10-31
"3020 | BU DIA | Engage | Your Diamond Your Gift Sale up to 60% off | 1-15 Oct 25","Your Diamond Your Gift Sale up to 60% off","3020 | BU DIA | Engage | Your Diamond Your Gift Sale up to 60% off | 1-15 Oct 25 [Interest]",45-54,unknown,14,20,,,0,THB,,,0,0.64,2025-10-01,2025-10-31
"3020 | BU DIA | Engage | Pearl Essential sale up to 70% | 1-31 Oct 25","Pearl Essential sale up to 70%","3020 | BU DIA | Engage | Pearl Essential sale up to 70% | 1-31 Oct 25 [Interest]",65+,male,18,27,1,,1,THB,0.63007247,,3.7037037,0.63007247,2025-10-01,2025-10-31
"3020 | BU DIA | Message | เพชรเเท้ที่ใช่ ในงบที่ชอบ Sale up to 60% off | 16-30 Oct 25","เพชรเเท้ที่ใช่ ในงบที่ชอบ Sale up to 60% off","3020 | BU DIA | Message | เพชรเเท้ที่ใช่ ในงบที่ชอบ Sale up to 60% off | 16-30 Oct 25 [Interest]",35-44,unknown,9,10,,,0,THB,,,0,0.62,2025-10-01,2025-10-31
"3020 | BU DIA | Message | Wedding Package sale up to 60% off | 1-31 Oct 25","Wedding Package sale up to 60% off","3020 | BU DIA | Message | Wedding Package sale up to 60% off | 1-31 Oct 25 [Interest]",65+,male,14,28,1,,2,THB,0.61009619,,7.14285714,0.61009619,2025-10-01,2025-10-31
"3020 | BU DIA | Message | Pearl Essential sale up to 70% | 1-31 Oct 25","Pearl Essential sale up to 70%","3020 | BU DIA | Message | Pearl Essential sale up to 70% | 1-31 Oct 25 [Retargeting]",25-34,unknown,6,17,1,,1,THB,0.55002214,,5.88235294,0.55002214,2025-10-01,2025-10-31
"3020 | BU DIA | Message | Wedding Package sale up to 60% off | 1-31 Oct 25","Wedding Package sale up to 60% off","3020 | BU DIA | Message | Wedding Package sale up to 60% off | 1-31 Oct 25 [Interest]",25-34,unknown,10,20,,,0,THB,,,0,0.54008515,2025-10-01,2025-10-31
"3020 | BU DIA | Message | เพชรเเท้ที่ใช่ ในงบที่ชอบ Sale up to 60% off | 16-30 Oct 25","เพชรเเท้ที่ใช่ ในงบที่ชอบ Sale up to 60% off","3020 | BU DIA | Message | เพชรเเท้ที่ใช่ ในงบที่ชอบ Sale up to 60% off | 16-30 Oct 25 [Interest]",65+,male,10,28,3,1,4,THB,0.18,0.54,14.28571429,0.54,2025-10-01,2025-10-31
"3020 | BU DIA | Engage | Wedding Package sale up to 60% off | 1-31 Oct 25","Wedding Package sale up to 60% off","3020 | BU DIA | Engage | Wedding Package sale up to 60% off | 1-31 Oct 25 [Interest]",18-24,unknown,13,20,2,,2,THB,0.24498521,,10,0.48997043,2025-10-01,2025-10-31
"3020 | BU DIA | Engage | Wedding Package sale up to 60% off | 1-31 Oct 25","Wedding Package sale up to 60% off","3020 | BU DIA | Engage | Wedding Package sale up to 60% off | 1-31 Oct 25 [Interest]",35-44,unknown,15,18,,,1,THB,,,5.55555556,0.46997163,2025-10-01,2025-10-31
"3020 | BU DIA | Engage | เพชรแท้ตามงบ ครบจบที่นี่ | 17-30 Oct 25","เพชรแท้ตามงบ ครบจบที่นี่","3020 | BU DIA | Engage | เพชรแท้ตามงบ ครบจบที่นี่ | 17-30 Oct 25  [Interest]",18-24,unknown,11,17,1,,1,THB,0.45002431,,5.88235294,0.45002431,2025-10-01,2025-10-31
"3020 | BU DIA | Engage | Wedding Package sale up to 60% off | 1-31 Oct 25","Wedding Package sale up to 60% off","3020 | BU DIA | Engage | Wedding Package sale up to 60% off | 1-31 Oct 25 [Retargeting]",45-54,unknown,9,13,1,,2,THB,0.43003433,,15.38461538,0.43003433,2025-10-01,2025-10-31
"3020 | BU DIA | Message | เพชรเเท้ที่ใช่ ในงบที่ชอบ Sale up to 60% off | 16-30 Oct 25","เพชรเเท้ที่ใช่ ในงบที่ชอบ Sale up to 60% off","3020 | BU DIA | Message | เพชรเเท้ที่ใช่ ในงบที่ชอบ Sale up to 60% off | 16-30 Oct 25 [Interest]",55-64,male,14,15,5,,5,THB,0.086,,33.33333333,0.43,2025-10-01,2025-10-31
"3020 | BU DIA | Engage | Pearl Essential sale up to 70% | 1-31 Oct 25","Pearl Essential sale up to 70%","3020 | BU DIA | Engage | Pearl Essential sale up to 70% | 1-31 Oct 25 [Retargeting]",55-64,unknown,1,8,2,,2,THB,0.20502489,,25,0.41004978,2025-10-01,2025-10-31
"3020 | BU DIA | Message | Your Diamond Your Gift Sale up to 60% off | 1-15 Oct 25","Your Diamond Your Gift Sale up to 60% off","3020 | BU DIA | Message | Your Diamond Your Gift Sale up to 60% off | 1-15 Oct 25 [Interest]",45-54,unknown,3,6,,,0,THB,,,0,0.3900319,2025-10-01,2025-10-31
"3020 | BU DIA | Message | Pearl Essential sale up to 70% | 1-31 Oct 25","Pearl Essential sale up to 70%","3020 | BU DIA | Message | Pearl Essential sale up to 70% | 1-31 Oct 25 [Interest]",45-54,unknown,8,16,,,0,THB,,,0,0.39,2025-10-01,2025-10-31
"3020 | BU DIA | Message | เพชรเเท้ที่ใช่ ในงบที่ชอบ Sale up to 60% off | 16-30 Oct 25","เพชรเเท้ที่ใช่ ในงบที่ชอบ Sale up to 60% off","3020 | BU DIA | Message | เพชรเเท้ที่ใช่ ในงบที่ชอบ Sale up to 60% off | 16-30 Oct 25 [Interest]",45-54,unknown,3,10,1,,3,THB,0.38,,30,0.38,2025-10-01,2025-10-31
"3020 | BU DIA | Engage | Pearl Essential sale up to 70% | 1-31 Oct 25","Pearl Essential sale up to 70%","3020 | BU DIA | Engage | Pearl Essential sale up to 70% | 1-31 Oct 25 [Interest]",45-54,unknown,9,14,4,,6,THB,0.09001035,,42.85714286,0.36004141,2025-10-01,2025-10-31
"3020 | BU DIA | Engage | เพชรเเท้ที่ใช่ ในงบที่ชอบ Sale up to 60% off | 16-30 Oct 25","เพชรเเท้ที่ใช่ ในงบที่ชอบ Sale up to 60% off","3020 | BU DIA | Engage | เพชรเเท้ที่ใช่ ในงบที่ชอบ Sale up to 60% off | 16-30 Oct 25 [Interest]",35-44,unknown,16,18,1,,1,THB,0.28999555,,5.55555556,0.28999555,2025-10-01,2025-10-31
"3020 | BU DIA | Engage | Your Diamond Your Gift Sale up to 60% off | 1-15 Oct 25","Your Diamond Your Gift Sale up to 60% off","3020 | BU DIA | Engage | Your Diamond Your Gift Sale up to 60% off | 1-15 Oct 25 [Interest]",25-34,unknown,12,13,1,,1,THB,0.28,,7.69230769,0.28,2025-10-01,2025-10-31
"3020 | BU DIA | Engage  | One Price ราคาเดียว 13,900.- | 1-31 Oct 25","One Price ราคาเดียว 13,900.-","3020 | BU DIA | Engage  | One Price ราคาเดียว 13,900.- | 1-31 Oct 25 [Interest]",25-34,unknown,9,11,,,0,THB,,,0,0.27000256,2025-10-01,2025-10-31
"3020 | BU DIA | Engage | เพชรเเท้ที่ใช่ ในงบที่ชอบ Sale up to 60% off | 16-30 Oct 25","เพชรเเท้ที่ใช่ ในงบที่ชอบ Sale up to 60% off","3020 | BU DIA | Engage | เพชรเเท้ที่ใช่ ในงบที่ชอบ Sale up to 60% off | 16-30 Oct 25 [Interest]",25-34,unknown,8,9,1,,1,THB,0.26999585,,11.11111111,0.26999585,2025-10-01,2025-10-31
"3020 | BU DIA | Message | Your Diamond Your Gift Sale up to 60% off | 1-15 Oct 25","Your Diamond Your Gift Sale up to 60% off","3020 | BU DIA | Message | Your Diamond Your Gift Sale up to 60% off | 1-15 Oct 25 [Interest]",35-44,unknown,7,9,1,,1,THB,0.25002045,,11.11111111,0.25002045,2025-10-01,2025-10-31
"3020 | BU DIA | Engage | Your Diamond Your Gift Sale up to 60% off | 1-15 Oct 25","Your Diamond Your Gift Sale up to 60% off","3020 | BU DIA | Engage | Your Diamond Your Gift Sale up to 60% off | 1-15 Oct 25 [Interest]",18-24,unknown,4,7,3,,2,THB,0.07666667,,28.57142857,0.23,2025-10-01,2025-10-31
"3020 | BU DIA | Engage  | One Price ราคาเดียว 13,900.- | 1-31 Oct 25","One Price ราคาเดียว 13,900.-","3020 | BU DIA | Engage  | One Price ราคาเดียว 13,900.- | 1-31 Oct 25 [Interest]",18-24,unknown,6,9,,,0,THB,,,0,0.21000199,2025-10-01,2025-10-31
"3020 | BU DIA | Engage | Your Diamond Your Gift Sale up to 60% off | 1-15 Oct 25","Your Diamond Your Gift Sale up to 60% off","3020 | BU DIA | Engage | Your Diamond Your Gift Sale up to 60% off | 1-15 Oct 25 [Retargeting]",55-64,unknown,5,5,,,0,THB,,,0,0.19001603,2025-10-01,2025-10-31
"3020 | BU DIA | Message | Your Diamond Your Gift Sale up to 60% off | 1-15 Oct 25","Your Diamond Your Gift Sale up to 60% off","3020 | BU DIA | Message | Your Diamond Your Gift Sale up to 60% off | 1-15 Oct 25 [Interest]",25-34,unknown,3,12,,,0,THB,,,0,0.18001472,2025-10-01,2025-10-31
"3020 | BU DIA | Message | เพชรเเท้ที่ใช่ ในงบที่ชอบ Sale up to 60% off | 16-30 Oct 25","เพชรเเท้ที่ใช่ ในงบที่ชอบ Sale up to 60% off","3020 | BU DIA | Message | เพชรเเท้ที่ใช่ ในงบที่ชอบ Sale up to 60% off | 16-30 Oct 25 [Interest]",25-34,unknown,2,12,,,0,THB,,,0,0.18,2025-10-01,2025-10-31
"3020 | BU DIA | Engage | Wedding Package sale up to 60% off | 1-31 Oct 25","Wedding Package sale up to 60% off","3020 | BU DIA | Engage | Wedding Package sale up to 60% off | 1-31 Oct 25 [Interest]",45-54,unknown,6,7,1,,1,THB,0.17998914,,14.28571429,0.17998914,2025-10-01,2025-10-31
"3020 | BU DIA | Message | Wedding Package sale up to 60% off | 1-31 Oct 25","Wedding Package sale up to 60% off","3020 | BU DIA | Message | Wedding Package sale up to 60% off | 1-31 Oct 25 [Interest]",45-54,unknown,2,2,,,0,THB,,,0,0.17002681,2025-10-01,2025-10-31
"3020 | BU DIA | Engage | Your Diamond Your Gift Sale up to 60% off | 1-15 Oct 25","Your Diamond Your Gift Sale up to 60% off","3020 | BU DIA | Engage | Your Diamond Your Gift Sale up to 60% off | 1-15 Oct 25 [Interest]",55-64,unknown,3,4,1,,1,THB,0.17,,25,0.17,2025-10-01,2025-10-31
"3020 | BU DIA | Engage | เพชรเเท้ที่ใช่ ในงบที่ชอบ Sale up to 60% off | 16-30 Oct 25","เพชรเเท้ที่ใช่ ในงบที่ชอบ Sale up to 60% off","3020 | BU DIA | Engage | เพชรเเท้ที่ใช่ ในงบที่ชอบ Sale up to 60% off | 16-30 Oct 25 [Retargeting]",55-64,unknown,3,5,,,0,THB,,,0,0.15001112,2025-10-01,2025-10-31
"3020 | BU DIA | Engage | Pearl Essential sale up to 70% | 1-31 Oct 25","Pearl Essential sale up to 70%","3020 | BU DIA | Engage | Pearl Essential sale up to 70% | 1-31 Oct 25 [Interest]",18-24,unknown,3,7,,,0,THB,,,0,0.1400161,2025-10-01,2025-10-31
"3020 | BU DIA | Engage  | One Price ราคาเดียว 13,900.- | 1-31 Oct 25","One Price ราคาเดียว 13,900.-","3020 | BU DIA | Engage  | One Price ราคาเดียว 13,900.- | 1-31 Oct 25 [Retargeting]",65+,unknown,4,5,,,0,THB,,,0,0.14001367,2025-10-01,2025-10-31
"3020 | BU DIA | Message | Pearl Essential sale up to 70% | 1-31 Oct 25","Pearl Essential sale up to 70%","3020 | BU DIA | Message | Pearl Essential sale up to 70% | 1-31 Oct 25 [Retargeting]",55-64,unknown,1,1,,,0,THB,,,0,0.14000564,2025-10-01,2025-10-31
"3020 | BU DIA | Message | Pearl Essential sale up to 70% | 1-31 Oct 25","Pearl Essential sale up to 70%","3020 | BU DIA | Message | Pearl Essential sale up to 70% | 1-31 Oct 25 [Interest]",65+,male,3,6,1,,0,THB,0.14,,0,0.14,2025-10-01,2025-10-31
"3020 | BU DIA | Message | เพชรเเท้ที่ใช่ ในงบที่ชอบ Sale up to 60% off | 16-30 Oct 25","เพชรเเท้ที่ใช่ ในงบที่ชอบ Sale up to 60% off","3020 | BU DIA | Message | เพชรเเท้ที่ใช่ ในงบที่ชอบ Sale up to 60% off | 16-30 Oct 25 [Retargeting]",65+,unknown,1,1,,,0,THB,,,0,0.13000899,2025-10-01,2025-10-31
"3020 | BU DIA | Message | Your Diamond Your Gift Sale up to 60% off | 1-15 Oct 25","Your Diamond Your Gift Sale up to 60% off","3020 | BU DIA | Message | Your Diamond Your Gift Sale up to 60% off | 1-15 Oct 25 [Retargeting]",55-64,unknown,3,5,,,1,THB,,,20,0.13,2025-10-01,2025-10-31
"3020 | BU DIA | Message | One Price ราคาเดียว 13,900.- | 1-31 Oct 25","One Price ราคาเดียว 13,900.-","3020 | BU DIA | Message | One Price ราคาเดียว 13,900.- | 1-31 Oct 25 [Retargeting]",55-64,unknown,2,4,,,0,THB,,,0,0.12002265,2025-10-01,2025-10-31
"3020 | BU DIA | Message | Your Diamond Your Gift Sale up to 60% off | 1-15 Oct 25","Your Diamond Your Gift Sale up to 60% off","3020 | BU DIA | Message | Your Diamond Your Gift Sale up to 60% off | 1-15 Oct 25 [Interest]",18-24,unknown,3,4,,,0,THB,,,0,0.12000981,2025-10-01,2025-10-31
"3020 | BU DIA | Engage | Wedding Package sale up to 60% off | 1-31 Oct 25","Wedding Package sale up to 60% off","3020 | BU DIA | Engage | Wedding Package sale up to 60% off | 1-31 Oct 25 [Retargeting]",55-64,unknown,2,2,,,0,THB,,,0,0.11000878,2025-10-01,2025-10-31
"3020 | BU DIA | Message | Pearl Essential sale up to 70% | 1-31 Oct 25","Pearl Essential sale up to 70%","3020 | BU DIA | Message | Pearl Essential sale up to 70% | 1-31 Oct 25 [Interest]",25-34,unknown,4,5,,,0,THB,,,0,0.11,2025-10-01,2025-10-31
"3020 | BU DIA | Engage  | One Price ราคาเดียว 13,900.- | 1-31 Oct 25","One Price ราคาเดียว 13,900.-","3020 | BU DIA | Engage  | One Price ราคาเดียว 13,900.- | 1-31 Oct 25 [Interest]",65+,unknown,3,3,,,0,THB,,,0,0.10000095,2025-10-01,2025-10-31
"3020 | BU DIA | Message | Wedding Package sale up to 60% off | 1-31 Oct 25","Wedding Package sale up to 60% off","3020 | BU DIA | Message | Wedding Package sale up to 60% off | 1-31 Oct 25 [Interest]",18-24,unknown,2,5,,,0,THB,,,0,0.09001419,2025-10-01,2025-10-31
"3020 | BU DIA | Engage | Pearl Essential sale up to 70% | 1-31 Oct 25","Pearl Essential sale up to 70%","3020 | BU DIA | Engage | Pearl Essential sale up to 70% | 1-31 Oct 25 [Interest]",25-34,unknown,3,3,,,0,THB,,,0,0.09001035,2025-10-01,2025-10-31
"3020 | BU DIA | Engage  | One Price ราคาเดียว 13,900.- | 1-31 Oct 25","One Price ราคาเดียว 13,900.-","3020 | BU DIA | Engage  | One Price ราคาเดียว 13,900.- | 1-31 Oct 25 [Retargeting]",55-64,unknown,5,5,1,,1,THB,0.09000879,,20,0.09000879,2025-10-01,2025-10-31
"3020 | BU DIA | Engage | เพชรแท้ตามงบ ครบจบที่นี่ | 17-30 Oct 25","เพชรแท้ตามงบ ครบจบที่นี่","3020 | BU DIA | Engage | เพชรแท้ตามงบ ครบจบที่นี่ | 17-30 Oct 25 [Retargeting]",55-64,unknown,3,3,,,0,THB,,,0,0.09000304,2025-10-01,2025-10-31
"3020 | BU DIA | Message | Your Diamond Your Gift Sale up to 60% off | 1-15 Oct 25","Your Diamond Your Gift Sale up to 60% off","3020 | BU DIA | Message | Your Diamond Your Gift Sale up to 60% off | 1-15 Oct 25 [Interest]",55-64,unknown,1,2,,,0,THB,,,0,0.08000654,2025-10-01,2025-10-31
"3020 | BU DIA | Engage  | One Price ราคาเดียว 13,900.- | 1-31 Oct 25","One Price ราคาเดียว 13,900.-","3020 | BU DIA | Engage  | One Price ราคาเดียว 13,900.- | 1-31 Oct 25 [Interest]",55-64,unknown,3,3,,,1,THB,,,33.33333333,0.08000076,2025-10-01,2025-10-31
"3020 | BU DIA | Engage | เพชรแท้ตามงบ ครบจบที่นี่ | 17-30 Oct 25","เพชรแท้ตามงบ ครบจบที่นี่","3020 | BU DIA | Engage | เพชรแท้ตามงบ ครบจบที่นี่ | 17-30 Oct 25  [Interest]",55-64,unknown,4,4,,,0,THB,,,0,0.07000378,2025-10-01,2025-10-31
"3020 | BU DIA | Engage | เพชรแท้ตามงบ ครบจบที่นี่ | 17-30 Oct 25","เพชรแท้ตามงบ ครบจบที่นี่","3020 | BU DIA | Engage | เพชรแท้ตามงบ ครบจบที่นี่ | 17-30 Oct 25  [Interest]",65+,unknown,2,2,,,0,THB,,,0,0.07000378,2025-10-01,2025-10-31
"3020 | BU DIA | Engage | Your Diamond Your Gift Sale up to 60% off | 1-15 Oct 25","Your Diamond Your Gift Sale up to 60% off","3020 | BU DIA | Engage | Your Diamond Your Gift Sale up to 60% off | 1-15 Oct 25 [Interest]",65+,unknown,1,1,1,,1,THB,0.07,,100,0.07,2025-10-01,2025-10-31
"3020 | BU DIA | Engage | เพชรเเท้ที่ใช่ ในงบที่ชอบ Sale up to 60% off | 16-30 Oct 25","เพชรเเท้ที่ใช่ ในงบที่ชอบ Sale up to 60% off","3020 | BU DIA | Engage | เพชรเเท้ที่ใช่ ในงบที่ชอบ Sale up to 60% off | 16-30 Oct 25 [Interest]",18-24,unknown,3,5,,,0,THB,,,0,0.06999893,2025-10-01,2025-10-31
"3020 | BU DIA | Engage | เพชรเเท้ที่ใช่ ในงบที่ชอบ Sale up to 60% off | 16-30 Oct 25","เพชรเเท้ที่ใช่ ในงบที่ชอบ Sale up to 60% off","3020 | BU DIA | Engage | เพชรเเท้ที่ใช่ ในงบที่ชอบ Sale up to 60% off | 16-30 Oct 25 [Interest]",65+,unknown,3,5,,,0,THB,,,0,0.05999908,2025-10-01,2025-10-31
"3020 | BU DIA | Engage | Pearl Essential sale up to 70% | 1-31 Oct 25","Pearl Essential sale up to 70%","3020 | BU DIA | Engage | Pearl Essential sale up to 70% | 1-31 Oct 25 [Retargeting]",65+,unknown,1,1,,,0,THB,,,0,0.05000607,2025-10-01,2025-10-31
"3020 | BU DIA | Engage | เพชรเเท้ที่ใช่ ในงบที่ชอบ Sale up to 60% off | 16-30 Oct 25","เพชรเเท้ที่ใช่ ในงบที่ชอบ Sale up to 60% off","3020 | BU DIA | Engage | เพชรเเท้ที่ใช่ ในงบที่ชอบ Sale up to 60% off | 16-30 Oct 25 [Retargeting]",65+,unknown,2,2,,,0,THB,,,0,0.05000371,2025-10-01,2025-10-31
"3020 | BU DIA | Engage | เพชรแท้ตามงบ ครบจบที่นี่ | 17-30 Oct 25","เพชรแท้ตามงบ ครบจบที่นี่","3020 | BU DIA | Engage | เพชรแท้ตามงบ ครบจบที่นี่ | 17-30 Oct 25 [Retargeting]",65+,unknown,2,2,,,0,THB,,,0,0.03000101,2025-10-01,2025-10-31
"3020 | BU DIA | Engage | Pearl Essential sale up to 70% | 1-31 Oct 25","Pearl Essential sale up to 70%","3020 | BU DIA | Engage | Pearl Essential sale up to 70% | 1-31 Oct 25 [Interest]",65+,unknown,1,1,,,0,THB,,,0,0.0200023,2025-10-01,2025-10-31
"3020 | BU DIA | Message | Pearl Essential sale up to 70% | 1-31 Oct 25","Pearl Essential sale up to 70%","3020 | BU DIA | Message | Pearl Essential sale up to 70% | 1-31 Oct 25 [Retargeting]",18-24,unknown,1,1,,,0,THB,,,0,0.02000081,2025-10-01,2025-10-31
"3020 | BU DIA | Message | Wedding Package sale up to 60% off | 1-31 Oct 25","Wedding Package sale up to 60% off","3020 | BU DIA | Message | Wedding Package sale up to 60% off | 1-31 Oct 25 [Retargeting]",55-64,unknown,1,1,,,0,THB,,,0,0.02000039,2025-10-01,2025-10-31
"3020 | BU DIA | Message | One Price ราคาเดียว 13,900.- | 1-31 Oct 25","One Price ราคาเดียว 13,900.-","3020 | BU DIA | Message | One Price ราคาเดียว 13,900.- | 1-31 Oct 25 [Interest]",18-24,unknown,3,5,,,0,THB,,,0,0.02000013,2025-10-01,2025-10-31
"3020 | BU DIA | Engage | Wedding Package sale up to 60% off | 1-31 Oct 25","Wedding Package sale up to 60% off","3020 | BU DIA | Engage | Wedding Package sale up to 60% off | 1-31 Oct 25 [Interest]",55-64,unknown,1,1,1,,1,THB,0.01999879,,100,0.01999879,2025-10-01,2025-10-31
"3020 | BU DIA | Engage | Your Diamond Your Gift Sale up to 60% off | 1-15 Oct 25","Your Diamond Your Gift Sale up to 60% off","3020 | BU DIA | Engage | Your Diamond Your Gift Sale up to 60% off | 1-15 Oct 25 [Retargeting]",65+,unknown,1,1,,,0,THB,,,0,0.01000084,2025-10-01,2025-10-31
"3020 | BU DIA | Message | เพชรเเท้ที่ใช่ ในงบที่ชอบ Sale up to 60% off | 16-30 Oct 25","เพชรเเท้ที่ใช่ ในงบที่ชอบ Sale up to 60% off","3020 | BU DIA | Message | เพชรเเท้ที่ใช่ ในงบที่ชอบ Sale up to 60% off | 16-30 Oct 25 [Retargeting]",55-64,unknown,1,1,,,0,THB,,,0,0.01000069,2025-10-01,2025-10-31
"3020 | BU DIA | Message | One Price ราคาเดียว 13,900.- | 1-31 Oct 25","One Price ราคาเดียว 13,900.-","3020 | BU DIA | Message | One Price ราคาเดียว 13,900.- | 1-31 Oct 25 [Interest]",55-64,unknown,1,1,,,0,THB,,,0,0.01000006,2025-10-01,2025-10-31
"3020 | BU DIA | Message | Grand Sale up to 70% off | 20-30 Sep 68","3020 | BU DIA | Message | Grand Sale up to 70% off | 20-30 Sep 68","3020 | DIA | Message | Grand Sale up to 70% off | 20-30 Sep 68 [Retargeting]",18-24,female,0,0,,1,0,THB,,0,0,0,2025-10-01,2025-10-31
"3020 | BU DIA | Message | Pearl Essential sale up to 70% | 1-31 Oct 25","Pearl Essential sale up to 70%","3020 | BU DIA | Message | Pearl Essential sale up to 70% | 1-31 Oct 25 [Interest]",18-24,unknown,2,6,,,0,THB,,,0,0,2025-10-01,2025-10-31
"3020 | BU DIA | Message | Grand Sale up to 70% off | 13-30 Sep 68","3020 | BU DIA | Message | Grand Sale up to 70% off | 13-30 Sep 68","3020 | DIA | Message | Grand Sale up to 70% off | 13-30 Sep 68 [Retargeting]",25-34,female,0,0,,1,0,THB,,0,0,0,2025-10-01,2025-10-31
"3020 | BU DIA | Engage | Grand Sale up to 70% off | 20-30 Sep 68","3020 | BU DIA | Engage | Grand Sale up to 70% off | 20-30 Sep 68","3020 | DIA | Engage | Grand Sale up to 70% off | 20-30 Sep 68 [Retargeting]",25-34,female,0,0,,1,0,THB,,0,0,0,2025-10-01,2025-10-31
"3020 | BU DIA | Message | September Big Deal sale up 50% off | 13-30 Sep 68","3020 | BU DIA | Message | September Big Deal sale up 50% off | 13-30 Sep 68","3020 | DIA | Message | September Big Deal sale up 50% off | 13-30 Sep 68 [Interest]",35-44,female,0,0,,1,0,THB,,0,0,0,2025-10-01,2025-10-31
"3020 | BU DIA | Message | Grand Sale up to 70% off | 20-30 Sep 68","3020 | BU DIA | Message | Grand Sale up to 70% off | 20-30 Sep 68","3020 | DIA | Message | Grand Sale up to 70% off | 20-30 Sep 68 [Retargeting]",35-44,female,0,0,,3,0,THB,,0,0,0,2025-10-01,2025-10-31
"3020 | BU DIA | Message | Grand Sale up to 70% off | 20-30 Sep 68","3020 | BU DIA | Message | Grand Sale up to 70% off | 20-30 Sep 68","3020 | DIA | Message | Grand Sale up to 70% off | 20-30 Sep 68 [Retargeting]",45-54,female,0,0,,2,0,THB,,0,0,0,2025-10-01,2025-10-31
