"Campaign name","Ad name","Ad set name",Age,Gender,Reach,Impressions,"Post engagements","Messaging conversations started","Clicks (all)",Currency,"Cost per post engagement","Cost per messaging conversation started","CTR (all)","Amount spent (THB)","Reporting starts","Reporting ends"
"3020 | BU DIA | Engage | Shine this Christmas with Aurora Diamond | 16-31 Dec 25","Shine this Christmas with Aurora Diamond","3020 | BU DIA | Engage | Shine this Christmas with Aurora Diamond | 16-31 Dec 25 [Interest-BKK]",35-44,female,18785,41503,4413,7,5149,THB,0.24724051,155.86747865,12.40633207,1091.07235054,2025-12-01,2025-12-31
"3020 | BU DIA | Engage | Shine this Christmas with Aurora Diamond | 16-31 Dec 25","Shine this Christmas with Aurora Diamond","3020 | BU DIA | Engage | Shine this Christmas with Aurora Diamond | 16-31 Dec 25 [Interest-BKK]",45-54,female,15997,33978,3942,2,4577,THB,0.26709975,526.45361357,13.4704809,1052.90722715,2025-12-01,2025-12-31
"3020 | BU DIA | Message | Happy Pearl Year-End Sale up to 70% | 5-31 Dec 25","Happy Pearl Year-End Sale up to 70%","3020 | BU DIA | Message | Happy Pearl Year-End Sale up to 70% | 5-31 Dec 25 [Interest-BKK]",35-44,female,5742,13536,1403,51,1637,THB,0.70314846,19.34347627,12.09367612,986.51728974,2025-12-01,2025-12-31
"3020 | BU DIA | Engage | ฉลองวันสำคัญของคุณด้วย Wedding Package | 6-31 Dec 25","ฉลองวันสำคัญของคุณด้วย Wedding Package","3020 | BU DIA | Engage | ฉลองวันสำคัญของคุณด้วย Wedding Package | 6-31 Dec 25 [Interest]",25-34,female,12636,23059,2807,4,3607,THB,0.34505122,242.13969446,15.64248233,968.55877786,2025-12-01,2025-12-31
"3020 | BU DIA | Message | 12.12 ลดไปเลย 50% | 11-15 Dec 25","12.12 ลดไปเลย 50% | 11-15 Dec 25","3020 | BU DIA | Message |12.12 ลดไปเลย 50% | 11-15 Dec 25 [Interest-BKK]",35-44,female,7149,12732,438,30,628,THB,2.17176009,31.70769732,4.93245366,951.23091947,2025-12-01,2025-12-31
"3020 | BU DIA | Engage | Celebrate this Sparkle season Sale up to 50% | 5-15 Dec 25","Celebrate this Sparkle season Sale up to 50%","3020 | BU DIA | Engage | Celebrate this Sparkle season Sale up to 50% | 5-15 Dec 25 [Interest]",35-44,female,15407,31692,2821,4,3385,THB,0.31485751,222.05325934,10.68092894,888.21303736,2025-12-01,2025-12-31
"3020 | BU DIA | Message | Shine this Christmas with Aurora Diamond | 16-31 Dec 25","Shine this Christmas with Aurora Diamond","3020 | BU DIA | Message | Shine this Christmas with Aurora Diamond | 16-31 Dec 25  [Interest-BKK]",25-34,female,3724,10566,545,10,776,THB,1.45107971,79.08384403,7.34431194,790.83844034,2025-12-01,2025-12-31
"3020 | BU DIA | Message | Shine this Christmas with Aurora Diamond | 16-31 Dec 25","Shine this Christmas with Aurora Diamond","3020 | BU DIA | Message | Shine this Christmas with Aurora Diamond | 16-31 Dec 25  [Interest-BKK]",35-44,female,3730,9954,675,11,919,THB,1.16098372,71.24218266,9.23246936,783.66400924,2025-12-01,2025-12-31
"3020 | BU DIA | Message | Celebrate this Sparkle season Sale up to 50% | 5-15 Dec 25","Celebrate this Sparkle season Sale up to 50%","3020 | BU DIA | Message | Celebrate this Sparkle season Sale up to 50% | 5-15 Dec 25 [Interest]",35-44,female,3047,8765,645,15,840,THB,1.09854232,47.23731974,9.58357102,708.5597961,2025-12-01,2025-12-31
"3020 | BU DIA | Message | ฉลองวันเงินเดือนออก Pay Day | 23-31 Dec 25","ฉลองวันเงินเดือนออก Pay Day | 23-31 Dec 25","3020 | BU DIA | Message |  ฉลองวันเงินเดือนออก Pay Day | 23-31 Dec 25  [Interest]",35-44,female,5660,12574,419,17,547,THB,1.55481971,38.32173294,4.35024654,651.46945997,2025-12-01,2025-12-31
"3020 | BU DIA | Engage | Happy Pearl Year-End Sale up to 70% | 5-31 Dec 25","Happy Pearl Year-End Sale up to 70%","3020 | BU DIA | Engage | Happy Pearl Year-End Sale up to 70% | 5-31 Dec 25 [Interest-BKK]",35-44,female,11085,22193,2881,15,3375,THB,0.22380967,42.98637638,15.20749786,644.79564567,2025-12-01,2025-12-31
"3020 | BU DIA | Message | Happy Pearl Year-End Sale up to 70% | 5-31 Dec 25","Happy Pearl Year-End Sale up to 70%","3020 | BU DIA | Message | Happy Pearl Year-End Sale up to 70% | 5-31 Dec 25 [Interest-BKK]",45-54,female,2497,6686,956,32,990,THB,0.66947519,20.0005714,14.80705953,640.01828488,2025-12-01,2025-12-31
"3020 | BU DIA | Message | 12.12 ลดไปเลย 50% | 11-15 Dec 25","12.12 ลดไปเลย 50% | 11-15 Dec 25","3020 | BU DIA | Message |12.12 ลดไปเลย 50% | 11-15 Dec 25 [Interest-BKK]",25-34,female,4703,8716,187,10,344,THB,3.11861293,58.31806185,3.94676457,583.1806185,2025-12-01,2025-12-31
"3020 | BU DIA | Engage | Celebrate this Sparkle season Sale up to 50% | 5-15 Dec 25","Celebrate this Sparkle season Sale up to 50%","3020 | BU DIA | Engage | Celebrate this Sparkle season Sale up to 50% | 5-15 Dec 25 [Interest]",25-34,female,11700,22205,1819,4,2272,THB,0.3136481,142.6314722,10.23192975,570.52588879,2025-12-01,2025-12-31
"3020 | BU DIA | Message | Happy Pearl Year-End Sale up to 70% | 22-31 Dec 25","Happy Pearl Year-End Sale up to 70% | 22-31 Dec 25","3020 | BU DIA | Message | Happy Pearl Year-End Sale up to 70% | 22-31 Dec 25 [Interest-BKK]",35-44,female,5825,11061,443,30,578,THB,1.28008219,18.90254694,5.22556731,567.07640807,2025-12-01,2025-12-31
"3020 | BU DIA | Message | Happy Pearl Year-End Sale up to 70% | 5-31 Dec 25","Happy Pearl Year-End Sale up to 70%","3020 | BU DIA | Message | Happy Pearl Year-End Sale up to 70% | 5-31 Dec 25 [Interest-BKK]",25-34,female,3885,8811,734,35,913,THB,0.76796985,16.10542477,10.36204744,563.68986708,2025-12-01,2025-12-31
"3020 | BU DIA | Engage | Celebrate this Sparkle season Sale up to 50% | 5-15 Dec 25","Celebrate this Sparkle season Sale up to 50%","3020 | BU DIA | Engage | Celebrate this Sparkle season Sale up to 50% | 5-15 Dec 25 [Interest]",45-54,female,8534,17098,1641,3,1962,THB,0.3379671,184.86800112,11.47502632,554.60400335,2025-12-01,2025-12-31
"3020 | BU DIA | Engage | Shine this Christmas with Aurora Diamond | 16-31 Dec 25","Shine this Christmas with Aurora Diamond","3020 | BU DIA | Engage | Shine this Christmas with Aurora Diamond | 16-31 Dec 25 [Interest-BKK]",25-34,female,11150,22091,2258,2,2701,THB,0.24456104,276.10941167,12.22669866,552.21882335,2025-12-01,2025-12-31
"3020 | BU DIA | Message | Celebrate this Sparkle season Sale up to 50% | 5-15 Dec 25","Celebrate this Sparkle season Sale up to 50%","3020 | BU DIA | Message | Celebrate this Sparkle season Sale up to 50% | 5-15 Dec 25 [Interest]",25-34,female,2844,8413,441,11,630,THB,1.22947257,49.29067294,7.48841079,542.19740238,2025-12-01,2025-12-31
"3020 | BU DIA | Engage | Celebrate this Sparkle season Sale up to 50% | 5-15 Dec 25","Celebrate this Sparkle season Sale up to 50%","3020 | BU DIA | Engage | Celebrate this Sparkle season Sale up to 50% | 5-15 Dec 25 [Interest-BKK]",35-44,female,8579,17709,1721,4,2051,THB,0.31485528,135.46648362,11.58168163,541.86593449,2025-12-01,2025-12-31
"3020 | BU DIA | Message | 12.12 ลดไปเลย 50% | 11-15 Dec 25","12.12 ลดไปเลย 50% | 11-15 Dec 25","3020 | BU DIA | Message |12.12 ลดไปเลย 50% | 11-15 Dec 25 [Interest-BKK]",45-54,female,2956,5398,278,19,373,THB,1.93063105,28.24818057,6.90996665,536.71543088,2025-12-01,2025-12-31
"3020 | BU DIA | Message | Celebrate this Sparkle season Sale up to 50% | 5-15 Dec 25","Celebrate this Sparkle season Sale up to 50%","3020 | BU DIA | Message | Celebrate this Sparkle season Sale up to 50% | 5-15 Dec 25 [Interest-BKK]",35-44,female,2063,4909,379,6,498,THB,1.24089472,78.38318288,10.14463231,470.29909727,2025-12-01,2025-12-31
"3020 | BU DIA | Message | ฉลองวันเงินเดือนออก Pay Day | 23-31 Dec 25","ฉลองวันเงินเดือนออก Pay Day | 23-31 Dec 25","3020 | BU DIA | Message |  ฉลองวันเงินเดือนออก Pay Day | 23-31 Dec 25  [Interest]",25-34,female,3818,9818,178,3,303,THB,2.57905562,153.02396658,3.08616826,459.07189974,2025-12-01,2025-12-31
"3020 | BU DIA | Message | Happy Pearl Year-End Sale up to 70% | 22-31 Dec 25","Happy Pearl Year-End Sale up to 70% | 22-31 Dec 25","3020 | BU DIA | Message | Happy Pearl Year-End Sale up to 70% | 22-31 Dec 25 [Interest-BKK]",45-54,female,3656,6626,423,24,545,THB,1.07021512,18.86254155,8.22517356,452.70099709,2025-12-01,2025-12-31
"3020 | BU DIA | Engage | ฉลองวันสำคัญของคุณด้วย Wedding Package | 6-31 Dec 25","ฉลองวันสำคัญของคุณด้วย Wedding Package","3020 | BU DIA | Engage | ฉลองวันสำคัญของคุณด้วย Wedding Package | 6-31 Dec 25 [Interest-BKK]",25-34,female,5462,9111,1356,2,1705,THB,0.32614047,221.12324012,18.71364285,442.24648023,2025-12-01,2025-12-31
"3020 | BU DIA | Engage | Shine this Christmas with Aurora Diamond | 16-31 Dec 25","Shine this Christmas with Aurora Diamond","3020 | BU DIA | Engage | Shine this Christmas with Aurora Diamond | 16-31 Dec 25 [Interest-BKK]",55-64,female,6212,13304,1587,5,1874,THB,0.26431394,83.89324371,14.08598918,419.46621853,2025-12-01,2025-12-31
"3020 | BU DIA | Engage | Happy Pearl Year-End Sale up to 70% | 5-31 Dec 25","Happy Pearl Year-End Sale up to 70%","3020 | BU DIA | Engage | Happy Pearl Year-End Sale up to 70% | 5-31 Dec 25 [Interest-BKK]",25-34,female,8481,15362,1811,13,2171,THB,0.22759039,31.70509217,14.13227444,412.1661982,2025-12-01,2025-12-31
"3020 | BU DIA | Engage | Happy Pearl Year-End Sale up to 70% | 5-31 Dec 25","Happy Pearl Year-End Sale up to 70%","3020 | BU DIA | Engage | Happy Pearl Year-End Sale up to 70% | 5-31 Dec 25 [Interest-BKK]",45-54,female,6075,12384,1762,5,2048,THB,0.23062072,81.27074268,16.5374677,406.3537134,2025-12-01,2025-12-31
"3020 | BU DIA | Message | ฉลองวันเงินเดือนออก Pay Day | 23-31 Dec 25","ฉลองวันเงินเดือนออก Pay Day | 23-31 Dec 25","3020 | BU DIA | Message |  ฉลองวันเงินเดือนออก Pay Day | 23-31 Dec 25  [Interest-BKK]",35-44,female,2948,6376,185,8,281,THB,2.17016216,50.185,4.40715182,401.48,2025-12-01,2025-12-31
"3020 | BU DIA | Message | Shine this Christmas with Aurora Diamond | 16-31 Dec 25","Shine this Christmas with Aurora Diamond","3020 | BU DIA | Message | Shine this Christmas with Aurora Diamond | 16-31 Dec 25  [Interest-BKK]",45-54,female,1266,3425,294,1,373,THB,1.3419853,394.54367942,10.89051095,394.54367942,2025-12-01,2025-12-31
"3020 | BU DIA | Message | Celebrate this Sparkle season Sale up to 50% | 5-15 Dec 25","Celebrate this Sparkle season Sale up to 50%","3020 | BU DIA | Message | Celebrate this Sparkle season Sale up to 50% | 5-15 Dec 25 [Interest-BKK]",25-34,female,1760,4638,258,4,381,THB,1.52872795,98.60295295,8.21474774,394.4118118,2025-12-01,2025-12-31
"3020 | BU DIA | Engage | Celebrate this Sparkle season Sale up to 50% | 5-15 Dec 25","Celebrate this Sparkle season Sale up to 50%","3020 | BU DIA | Engage | Celebrate this Sparkle season Sale up to 50% | 5-15 Dec 25 [Interest-BKK]",45-54,female,5564,11305,1184,2,1399,THB,0.33060944,195.72078671,12.37505529,391.44157343,2025-12-01,2025-12-31
"3020 | BU DIA | Engage | Celebrate this Sparkle season Sale up to 50% | 5-15 Dec 25","Celebrate this Sparkle season Sale up to 50%","3020 | BU DIA | Engage | Celebrate this Sparkle season Sale up to 50% | 5-15 Dec 25 [Interest-BKK]",25-34,female,6320,11666,1073,5,1343,THB,0.3170233,68.03319992,11.5120864,340.16599958,2025-12-01,2025-12-31
"3020 | BU DIA | Message | ฉลองวันเงินเดือนออก Pay Day | 23-31 Dec 25","ฉลองวันเงินเดือนออก Pay Day | 23-31 Dec 25","3020 | BU DIA | Message |  ฉลองวันเงินเดือนออก Pay Day | 23-31 Dec 25  [Interest]",45-54,female,2598,5376,228,7,305,THB,1.41306757,46.02562936,5.6733631,322.17940549,2025-12-01,2025-12-31
"3020 | BU DIA | Engage | ฉลองวันสำคัญของคุณด้วย Wedding Package | 6-31 Dec 25","ฉลองวันสำคัญของคุณด้วย Wedding Package","3020 | BU DIA | Engage | ฉลองวันสำคัญของคุณด้วย Wedding Package | 6-31 Dec 25 [Interest]",35-44,female,3505,6049,834,1,1033,THB,0.34406028,286.9462729,17.07720284,286.9462729,2025-12-01,2025-12-31
"3020 | BU DIA | Message | ฉลองวันเงินเดือนออก Pay Day | 23-31 Dec 25","ฉลองวันเงินเดือนออก Pay Day | 23-31 Dec 25","3020 | BU DIA | Message |  ฉลองวันเงินเดือนออก Pay Day | 23-31 Dec 25  [Interest-BKK]",45-54,female,1704,3751,179,6,212,THB,1.59463687,47.57333333,5.65182618,285.44,2025-12-01,2025-12-31
"3020 | BU DIA | Engage | ฉลองวันสำคัญของคุณด้วย Wedding Package | 6-31 Dec 25","ฉลองวันสำคัญของคุณด้วย Wedding Package","3020 | BU DIA | Engage | ฉลองวันสำคัญของคุณด้วย Wedding Package | 6-31 Dec 25 [Interest]",18-24,female,4618,7222,854,,1035,THB,0.32607542,,14.33121019,278.46840583,2025-12-01,2025-12-31
"3020 | BU DIA | Message | Happy Pearl Year-End Sale up to 70% | 22-31 Dec 25","Happy Pearl Year-End Sale up to 70% | 22-31 Dec 25","3020 | BU DIA | Message | Happy Pearl Year-End Sale up to 70% | 22-31 Dec 25 [Interest-BKK]",25-34,female,3285,5808,138,14,268,THB,1.97809262,19.4983415,4.61432507,272.97678099,2025-12-01,2025-12-31
"3020 | BU DIA | Message | ฉลองวันเงินเดือนออก Pay Day | 23-31 Dec 25","ฉลองวันเงินเดือนออก Pay Day | 23-31 Dec 25","3020 | BU DIA | Message |  ฉลองวันเงินเดือนออก Pay Day | 23-31 Dec 25  [Interest-BKK]",25-34,female,2009,4538,84,6,132,THB,3.22440476,45.14166667,2.90877038,270.85,2025-12-01,2025-12-31
"3020 | BU DIA | Message | Celebrate this Sparkle season Sale up to 50% | 5-15 Dec 25","Celebrate this Sparkle season Sale up to 50%","3020 | BU DIA | Message | Celebrate this Sparkle season Sale up to 50% | 5-15 Dec 25 [Interest]",45-54,female,1024,2777,270,5,329,THB,0.99631769,53.80115551,11.84731725,269.00577756,2025-12-01,2025-12-31
"3020 | BU DIA | Message | Celebrate this Sparkle season Sale up to 50% | 5-15 Dec 25","Celebrate this Sparkle season Sale up to 50%","3020 | BU DIA | Message | Celebrate this Sparkle season Sale up to 50% | 5-15 Dec 25 [Interest-BKK]",45-54,female,778,1835,190,5,244,THB,1.35569797,51.5165229,13.29700272,257.58261451,2025-12-01,2025-12-31
"3020 | BU DIA | Message | Shine this Christmas with Aurora Diamond | 16-31 Dec 25","Shine this Christmas with Aurora Diamond","3020 | BU DIA | Message | Shine this Christmas with Aurora Diamond | 16-31 Dec 25  [Interest]",35-44,female,1562,3264,234,3,260,THB,0.93617049,73.02129809,7.96568627,219.06389426,2025-12-01,2025-12-31
"3020 | BU DIA | Message | Shine this Christmas with Aurora Diamond | 16-31 Dec 25","Shine this Christmas with Aurora Diamond","3020 | BU DIA | Message | Shine this Christmas with Aurora Diamond | 16-31 Dec 25  [Interest]",25-34,female,1588,3599,176,3,222,THB,1.17717694,69.06104691,6.16838011,207.18314072,2025-12-01,2025-12-31
"3020 | BU DIA | Message | 12.12 ลดไปเลย 50% | 11-15 Dec 25","12.12 ลดไปเลย 50% | 11-15 Dec 25","3020 | BU DIA | Message | 12.12 ลดไปเลย 50% | 11-15 Dec 25 [Interest]",35-44,female,1867,2763,91,6,137,THB,2.06814637,31.36688663,4.95837857,188.20131979,2025-12-01,2025-12-31
"3020 | BU DIA | Engage | ฉลองวันสำคัญของคุณด้วย Wedding Package | 6-31 Dec 25","ฉลองวันสำคัญของคุณด้วย Wedding Package","3020 | BU DIA | Engage | ฉลองวันสำคัญของคุณด้วย Wedding Package | 6-31 Dec 25 [Interest]",25-34,male,2311,4204,543,,711,THB,0.3420301,,16.91246432,185.72234176,2025-12-01,2025-12-31
"3020 | BU DIA | Message | Happy Pearl Year-End Sale up to 70% | 5-31 Dec 25","Happy Pearl Year-End Sale up to 70%","3020 | BU DIA | Message | Happy Pearl Year-End Sale up to 70% | 5-31 Dec 25 [Interest]",35-44,female,1524,2803,254,10,316,THB,0.70434858,17.89045384,11.27363539,178.90453841,2025-12-01,2025-12-31
"3020 | BU DIA | Engage | Shine this Christmas with Aurora Diamond | 16-31 Dec 25","Shine this Christmas with Aurora Diamond","3020 | BU DIA | Engage | Shine this Christmas with Aurora Diamond | 16-31 Dec 25  [Interest]",35-44,female,4999,7268,778,2,921,THB,0.21852511,85.00626695,12.67198679,170.01253389,2025-12-01,2025-12-31
"3020 | BU DIA | Engage | ฉลองวันสำคัญของคุณด้วย Wedding Package | 6-31 Dec 25","ฉลองวันสำคัญของคุณด้วย Wedding Package","3020 | BU DIA | Engage | ฉลองวันสำคัญของคุณด้วย Wedding Package | 6-31 Dec 25 [Interest-BKK]",35-44,female,1782,2926,442,1,516,THB,0.36705227,162.23710548,17.63499658,162.23710548,2025-12-01,2025-12-31
"3020 | BU DIA | Engage | Celebrate this Sparkle season Sale up to 50% | 5-15 Dec 25","Celebrate this Sparkle season Sale up to 50%","3020 | BU DIA | Engage | Celebrate this Sparkle season Sale up to 50% | 5-15 Dec 25 [Interest]",55-64,female,2345,4635,440,,536,THB,0.3477596,,11.56418554,153.01422276,2025-12-01,2025-12-31
"3020 | BU DIA | Message | 12.12 ลดไปเลย 50% | 11-15 Dec 25","12.12 ลดไปเลย 50% | 11-15 Dec 25","3020 | BU DIA | Message | 12.12 ลดไปเลย 50% | 11-15 Dec 25 [Interest]",25-34,female,1464,2216,35,2,67,THB,4.13662249,72.39089349,3.0234657,144.78178699,2025-12-01,2025-12-31
"3020 | BU DIA | Message | Shine this Christmas with Aurora Diamond | 16-31 Dec 25","Shine this Christmas with Aurora Diamond","3020 | BU DIA | Message | Shine this Christmas with Aurora Diamond | 16-31 Dec 25  [Interest-BKK]",25-34,male,516,1603,59,1,77,THB,2.42302194,142.95829439,4.80349345,142.95829439,2025-12-01,2025-12-31
"3020 | BU DIA | Engage | Shine this Christmas with Aurora Diamond | 16-31 Dec 25","Shine this Christmas with Aurora Diamond","3020 | BU DIA | Engage | Shine this Christmas with Aurora Diamond | 16-31 Dec 25 [Interest-BKK]",65+,female,2124,4274,492,,586,THB,0.28104633,,13.71080955,138.27479305,2025-12-01,2025-12-31
"3020 | BU DIA | Engage | Celebrate this Sparkle season Sale up to 50% | 5-15 Dec 25","Celebrate this Sparkle season Sale up to 50%","3020 | BU DIA | Engage | Celebrate this Sparkle season Sale up to 50% | 5-15 Dec 25 [Interest-BKK]",55-64,female,1770,3832,433,1,504,THB,0.31719466,137.34528709,13.15240084,137.34528709,2025-12-01,2025-12-31
"3020 | BU DIA | Engage | Shine this Christmas with Aurora Diamond | 16-31 Dec 25","Shine this Christmas with Aurora Diamond","3020 | BU DIA | Engage | Shine this Christmas with Aurora Diamond | 16-31 Dec 25  [Interest]",45-54,female,3371,4871,526,,605,THB,0.2567255,,12.42044755,135.03761224,2025-12-01,2025-12-31
"3020 | BU DIA | Message | Happy Pearl Year-End Sale up to 70% | 22-31 Dec 25","Happy Pearl Year-End Sale up to 70% | 22-31 Dec 25","3020 | BU DIA | Message | Happy Pearl Year-End Sale up to 70% | 22-31 Dec 25 [Interest]",35-44,female,1612,2798,99,6,125,THB,1.32948285,21.93646703,4.46747677,131.61880219,2025-12-01,2025-12-31
"3020 | BU DIA | Message | 12.12 ลดไปเลย 50% | 11-15 Dec 25","12.12 ลดไปเลย 50% | 11-15 Dec 25","3020 | BU DIA | Message | 12.12 ลดไปเลย 50% | 11-15 Dec 25 [Interest]",45-54,female,890,1377,68,5,91,THB,1.9142438,26.03371573,6.60856935,130.16857864,2025-12-01,2025-12-31
"3020 | BU DIA | Engage | ฉลองวันสำคัญของคุณด้วย Wedding Package | 6-31 Dec 25","ฉลองวันสำคัญของคุณด้วย Wedding Package","3020 | BU DIA | Engage | ฉลองวันสำคัญของคุณด้วย Wedding Package | 6-31 Dec 25 [Interest-BKK]",25-34,male,1432,2579,398,,499,THB,0.3218602,,19.34858472,128.10036087,2025-12-01,2025-12-31
"3020 | BU DIA | Message | Happy Pearl Year-End Sale up to 70% | 22-31 Dec 25","Happy Pearl Year-End Sale up to 70% | 22-31 Dec 25","3020 | BU DIA | Message | Happy Pearl Year-End Sale up to 70% | 22-31 Dec 25 [Interest-BKK]",55-64,female,1021,1623,99,4,126,THB,1.2776469,31.62176073,7.76340111,126.48704291,2025-12-01,2025-12-31
"3020 | BU DIA | Engage | Happy Pearl Year-End Sale up to 70% | 5-31 Dec 25","Happy Pearl Year-End Sale up to 70%","3020 | BU DIA | Engage | Happy Pearl Year-End Sale up to 70% | 5-31 Dec 25 [Interest]",35-44,female,3113,4191,500,1,586,THB,0.23151448,115.75724125,13.98234312,115.75724125,2025-12-01,2025-12-31
"3020 | BU DIA | Message | Happy Pearl Year-End Sale up to 70% | 5-31 Dec 25","Happy Pearl Year-End Sale up to 70%","3020 | BU DIA | Message | Happy Pearl Year-End Sale up to 70% | 5-31 Dec 25 [Interest-BKK]",55-64,female,470,1085,183,5,179,THB,0.63247591,23.14861845,16.49769585,115.74309225,2025-12-01,2025-12-31
"3020 | BU DIA | Message | ฉลองวันเงินเดือนออก Pay Day | 23-31 Dec 25","ฉลองวันเงินเดือนออก Pay Day | 23-31 Dec 25","3020 | BU DIA | Message |  ฉลองวันเงินเดือนออก Pay Day | 23-31 Dec 25  [Interest]",55-64,female,616,1150,78,5,100,THB,1.40076887,21.85199444,8.69565217,109.25997222,2025-12-01,2025-12-31
"3020 | BU DIA | Message | 12.12 ลดไปเลย 50% | 11-15 Dec 25","12.12 ลดไปเลย 50% | 11-15 Dec 25","3020 | BU DIA | Message |12.12 ลดไปเลย 50% | 11-15 Dec 25 [Interest-BKK]",55-64,female,668,946,56,2,84,THB,1.8770421,52.55717885,8.8794926,105.11435769,2025-12-01,2025-12-31
"3020 | BU DIA | Engage | Happy Pearl Year-End Sale up to 70% | 5-31 Dec 25","Happy Pearl Year-End Sale up to 70%","3020 | BU DIA | Engage | Happy Pearl Year-End Sale up to 70% | 5-31 Dec 25 [Interest-BKK]",55-64,female,1442,2929,361,2,447,THB,0.27793045,50.16644581,15.26118129,100.33289162,2025-12-01,2025-12-31
"3020 | BU DIA | Message | Happy Pearl Year-End Sale up to 70% | 5-31 Dec 25","Happy Pearl Year-End Sale up to 70%","3020 | BU DIA | Message | Happy Pearl Year-End Sale up to 70% | 5-31 Dec 25 [Interest]",25-34,female,1016,1786,127,6,165,THB,0.77944862,16.49832913,9.23852184,98.98997479,2025-12-01,2025-12-31
"3020 | BU DIA | Message | Happy Pearl Year-End Sale up to 70% | 5-31 Dec 25","Happy Pearl Year-End Sale up to 70%","3020 | BU DIA | Message | Happy Pearl Year-End Sale up to 70% | 5-31 Dec 25 [Interest]",45-54,female,661,1178,123,2,157,THB,0.78144434,48.05882711,13.32767402,96.11765422,2025-12-01,2025-12-31
"3020 | BU DIA | Engage | ฉลองวันสำคัญของคุณด้วย Wedding Package | 6-31 Dec 25","ฉลองวันสำคัญของคุณด้วย Wedding Package","3020 | BU DIA | Engage | ฉลองวันสำคัญของคุณด้วย Wedding Package | 6-31 Dec 25 [Interest]",45-54,female,1014,1676,241,1,280,THB,0.39459853,95.09824679,16.70644391,95.09824679,2025-12-01,2025-12-31
"3020 | BU DIA | Message | Shine this Christmas with Aurora Diamond | 16-31 Dec 25","Shine this Christmas with Aurora Diamond","3020 | BU DIA | Message | Shine this Christmas with Aurora Diamond | 16-31 Dec 25  [Interest-BKK]",35-44,male,381,1014,45,1,65,THB,2.05193399,92.33702951,6.41025641,92.33702951,2025-12-01,2025-12-31
"3020 | BU DIA | Engage | Shine this Christmas with Aurora Diamond | 16-31 Dec 25","Shine this Christmas with Aurora Diamond","3020 | BU DIA | Engage | Shine this Christmas with Aurora Diamond | 16-31 Dec 25  [Interest]",25-34,female,2766,4102,416,,481,THB,0.21934839,,11.72598732,91.24893031,2025-12-01,2025-12-31
"3020 | BU DIA | Engage | ฉลองวันสำคัญของคุณด้วย Wedding Package | 6-31 Dec 25","ฉลองวันสำคัญของคุณด้วย Wedding Package","3020 | BU DIA | Engage | ฉลองวันสำคัญของคุณด้วย Wedding Package | 6-31 Dec 25 [Interest-BKK]",18-24,female,1462,2074,278,,338,THB,0.32529082,,16.29701061,90.4308485,2025-12-01,2025-12-31
"3020 | BU DIA | Message | Happy Pearl Year-End Sale up to 70% | 5-31 Dec 25","Happy Pearl Year-End Sale up to 70%","3020 | BU DIA | Message | Happy Pearl Year-End Sale up to 70% | 5-31 Dec 25 [Interest-BKK]",25-34,male,504,1160,106,4,126,THB,0.8513547,22.56089964,10.86206897,90.24359855,2025-12-01,2025-12-31
"3020 | BU DIA | Message | Happy Pearl Year-End Sale up to 70% | 22-31 Dec 25","Happy Pearl Year-End Sale up to 70% | 22-31 Dec 25","3020 | BU DIA | Message | Happy Pearl Year-End Sale up to 70% | 22-31 Dec 25 [Interest]",45-54,female,876,1406,91,4,99,THB,0.96273815,21.90229289,7.04125178,87.60917155,2025-12-01,2025-12-31
"3020 | BU DIA | Message | Shine this Christmas with Aurora Diamond | 16-31 Dec 25","Shine this Christmas with Aurora Diamond","3020 | BU DIA | Message | Shine this Christmas with Aurora Diamond | 16-31 Dec 25  [Interest]",45-54,female,512,1016,108,1,99,THB,0.79801358,86.18546637,9.74409449,86.18546637,2025-12-01,2025-12-31
"3020 | BU DIA | Message | 12.12 ลดไปเลย 50% | 11-15 Dec 25","12.12 ลดไปเลย 50% | 11-15 Dec 25","3020 | BU DIA | Message |12.12 ลดไปเลย 50% | 11-15 Dec 25 [Interest-BKK]",35-44,male,569,1044,36,2,55,THB,2.26101681,40.69830265,5.26819923,81.39660531,2025-12-01,2025-12-31
"3020 | BU DIA | Engage | Happy Pearl Year-End Sale up to 70% | 5-31 Dec 25","Happy Pearl Year-End Sale up to 70%","3020 | BU DIA | Engage | Happy Pearl Year-End Sale up to 70% | 5-31 Dec 25 [Interest]",45-54,female,1591,2333,343,1,404,THB,0.21301769,73.06506599,17.31675954,73.06506599,2025-12-01,2025-12-31
"3020 | BU DIA | Message | Happy Pearl Year-End Sale up to 70% | 5-31 Dec 25","Happy Pearl Year-End Sale up to 70%","3020 | BU DIA | Message | Happy Pearl Year-End Sale up to 70% | 5-31 Dec 25 [Interest-BKK]",35-44,male,373,758,78,3,90,THB,0.91572555,23.80886427,11.87335092,71.4265928,2025-12-01,2025-12-31
"3020 | BU DIA | Message | Happy Pearl Year-End Sale up to 70% | 22-31 Dec 25","Happy Pearl Year-End Sale up to 70% | 22-31 Dec 25","3020 | BU DIA | Message | Happy Pearl Year-End Sale up to 70% | 22-31 Dec 25 [Interest]",25-34,female,964,1550,32,4,46,THB,2.03513285,16.28106279,2.96774194,65.12425116,2025-12-01,2025-12-31
"3020 | BU DIA | Message | ฉลองวันเงินเดือนออก Pay Day | 23-31 Dec 25","ฉลองวันเงินเดือนออก Pay Day | 23-31 Dec 25","3020 | BU DIA | Message |  ฉลองวันเงินเดือนออก Pay Day | 23-31 Dec 25  [Interest-BKK]",25-34,male,341,828,10,,18,THB,6.44,,2.17391304,64.4,2025-12-01,2025-12-31
"3020 | BU DIA | Engage | ฉลองวันสำคัญของคุณด้วย Wedding Package | 6-31 Dec 25","ฉลองวันสำคัญของคุณด้วย Wedding Package","3020 | BU DIA | Engage | ฉลองวันสำคัญของคุณด้วย Wedding Package | 6-31 Dec 25 [Interest]",35-44,male,743,1197,164,,194,THB,0.38749372,,16.20718463,63.54897051,2025-12-01,2025-12-31
"3020 | BU DIA | Message | ฉลองวันเงินเดือนออก Pay Day | 23-31 Dec 25","ฉลองวันเงินเดือนออก Pay Day | 23-31 Dec 25","3020 | BU DIA | Message |  ฉลองวันเงินเดือนออก Pay Day | 23-31 Dec 25  [Interest-BKK]",35-44,male,362,832,17,,16,THB,3.69705882,,1.92307692,62.85,2025-12-01,2025-12-31
"3020 | BU DIA | Engage | Happy Pearl Year-End Sale up to 70% | 5-31 Dec 25","Happy Pearl Year-End Sale up to 70%","3020 | BU DIA | Engage | Happy Pearl Year-End Sale up to 70% | 5-31 Dec 25 [Interest]",25-34,female,1893,2618,317,2,372,THB,0.197499,31.30359217,14.20932009,62.60718434,2025-12-01,2025-12-31
"3020 | BU DIA | Message | ฉลองวันเงินเดือนออก Pay Day | 23-31 Dec 25","ฉลองวันเงินเดือนออก Pay Day | 23-31 Dec 25","3020 | BU DIA | Message |  ฉลองวันเงินเดือนออก Pay Day | 23-31 Dec 25  [Interest]",35-44,male,352,791,25,1,32,THB,2.50262842,62.56571041,4.04551201,62.56571041,2025-12-01,2025-12-31
"3020 | BU DIA | Message | 12.12 ลดไปเลย 50% | 11-15 Dec 25","12.12 ลดไปเลย 50% | 11-15 Dec 25","3020 | BU DIA | Message |12.12 ลดไปเลย 50% | 11-15 Dec 25 [Interest-BKK]",25-34,male,597,1105,24,2,35,THB,2.59126365,31.09516377,3.16742081,62.19032754,2025-12-01,2025-12-31
"3020 | BU DIA | Message | ฉลองวันเงินเดือนออก Pay Day | 23-31 Dec 25","ฉลองวันเงินเดือนออก Pay Day | 23-31 Dec 25","3020 | BU DIA | Message |  ฉลองวันเงินเดือนออก Pay Day | 23-31 Dec 25  [Interest-BKK]",55-64,female,451,875,56,3,70,THB,1.09,20.34666667,8,61.04,2025-12-01,2025-12-31
"3020 | BU DIA | Message | ฉลองวันเงินเดือนออก Pay Day | 23-31 Dec 25","ฉลองวันเงินเดือนออก Pay Day | 23-31 Dec 25","3020 | BU DIA | Message |  ฉลองวันเงินเดือนออก Pay Day | 23-31 Dec 25  [Interest]",25-34,male,365,1016,15,,24,THB,3.96502856,,2.36220472,59.47542835,2025-12-01,2025-12-31
"3020 | BU DIA | Engage | Shine this Christmas with Aurora Diamond | 16-31 Dec 25","Shine this Christmas with Aurora Diamond","3020 | BU DIA | Engage | Shine this Christmas with Aurora Diamond | 16-31 Dec 25 [Interest-BKK]",35-44,male,1124,2208,218,1,256,THB,0.26322357,57.3827386,11.5942029,57.3827386,2025-12-01,2025-12-31
"3020 | BU DIA | Message | Happy Pearl Year-End Sale up to 70% | 22-31 Dec 25","Happy Pearl Year-End Sale up to 70% | 22-31 Dec 25","3020 | BU DIA | Message | Happy Pearl Year-End Sale up to 70% | 22-31 Dec 25 [Interest-BKK]",25-34,male,470,980,21,1,31,THB,2.65892969,55.83752357,3.16326531,55.83752357,2025-12-01,2025-12-31
"3020 | BU DIA | Message | Shine this Christmas with Aurora Diamond | 16-31 Dec 25","Shine this Christmas with Aurora Diamond","3020 | BU DIA | Message | Shine this Christmas with Aurora Diamond | 16-31 Dec 25  [Interest-BKK]",55-64,female,212,443,37,,53,THB,1.4936252,,11.96388262,55.26413242,2025-12-01,2025-12-31
"3020 | BU DIA | Message | Happy Pearl Year-End Sale up to 70% | 22-31 Dec 25","Happy Pearl Year-End Sale up to 70% | 22-31 Dec 25","3020 | BU DIA | Message | Happy Pearl Year-End Sale up to 70% | 22-31 Dec 25 [Interest-BKK]",35-44,male,389,745,38,4,44,THB,1.40071505,13.30679296,5.90604027,53.22717185,2025-12-01,2025-12-31
"3020 | BU DIA | Engage | Celebrate this Sparkle season Sale up to 50% | 5-15 Dec 25","Celebrate this Sparkle season Sale up to 50%","3020 | BU DIA | Engage | Celebrate this Sparkle season Sale up to 50% | 5-15 Dec 25 [Interest]",18-24,female,1380,2102,175,2,221,THB,0.30136782,26.36968456,10.51379638,52.73936913,2025-12-01,2025-12-31
"3020 | BU DIA | Message | 12.12 ลดไปเลย 50% | 11-15 Dec 25","12.12 ลดไปเลย 50% | 11-15 Dec 25","3020 | BU DIA | Message |12.12 ลดไปเลย 50% | 11-15 Dec 25 [Interest-BKK]",45-54,male,231,395,22,1,28,THB,2.36531858,52.03700882,7.08860759,52.03700882,2025-12-01,2025-12-31
"3020 | BU DIA | Engage | Shine this Christmas with Aurora Diamond | 16-31 Dec 25","Shine this Christmas with Aurora Diamond","3020 | BU DIA | Engage | Shine this Christmas with Aurora Diamond | 16-31 Dec 25 [Interest-BKK]",25-34,male,1063,1915,200,1,240,THB,0.25575134,51.15026891,12.53263708,51.15026891,2025-12-01,2025-12-31
"3020 | BU DIA | Engage | ฉลองวันสำคัญของคุณด้วย Wedding Package | 6-31 Dec 25","ฉลองวันสำคัญของคุณด้วย Wedding Package","3020 | BU DIA | Engage | ฉลองวันสำคัญของคุณด้วย Wedding Package | 6-31 Dec 25 [Interest-BKK]",35-44,male,502,892,166,,197,THB,0.29927061,,22.08520179,49.6789212,2025-12-01,2025-12-31
"3020 | BU DIA | Engage | Shine this Christmas with Aurora Diamond | 16-31 Dec 25","Shine this Christmas with Aurora Diamond","3020 | BU DIA | Engage | Shine this Christmas with Aurora Diamond | 16-31 Dec 25  [Interest]",55-64,female,1143,1624,173,,202,THB,0.27994603,,12.43842365,48.43066238,2025-12-01,2025-12-31
"3020 | BU DIA | Engage | Shine this Christmas with Aurora Diamond | 16-31 Dec 25","Shine this Christmas with Aurora Diamond","3020 | BU DIA | Engage | Shine this Christmas with Aurora Diamond | 16-31 Dec 25 [Interest-BKK]",45-54,male,832,1687,165,1,194,THB,0.29235827,48.23911533,11.49970362,48.23911533,2025-12-01,2025-12-31
"3020 | BU DIA | Engage | ฉลองวันสำคัญของคุณด้วย Wedding Package | 6-31 Dec 25","ฉลองวันสำคัญของคุณด้วย Wedding Package","3020 | BU DIA | Engage | ฉลองวันสำคัญของคุณด้วย Wedding Package | 6-31 Dec 25 [Interest-BKK]",45-54,female,530,810,120,,140,THB,0.40089742,,17.28395062,48.10769021,2025-12-01,2025-12-31
"3020 | BU DIA | Message | Celebrate this Sparkle season Sale up to 50% | 5-15 Dec 25","Celebrate this Sparkle season Sale up to 50%","3020 | BU DIA | Message | Celebrate this Sparkle season Sale up to 50% | 5-15 Dec 25 [Interest-BKK]",35-44,male,191,518,35,1,43,THB,1.3073272,45.75645185,8.3011583,45.75645185,2025-12-01,2025-12-31
"3020 | BU DIA | Message | Celebrate this Sparkle season Sale up to 50% | 5-15 Dec 25","Celebrate this Sparkle season Sale up to 50%","3020 | BU DIA | Message | Celebrate this Sparkle season Sale up to 50% | 5-15 Dec 25 [Interest-BKK]",25-34,male,249,615,26,3,42,THB,1.74909043,15.15878371,6.82926829,45.47635114,2025-12-01,2025-12-31
"3020 | BU DIA | Message | Celebrate this Sparkle season Sale up to 50% | 5-15 Dec 25","Celebrate this Sparkle season Sale up to 50%","3020 | BU DIA | Message | Celebrate this Sparkle season Sale up to 50% | 5-15 Dec 25 [Interest]",55-64,female,165,351,47,2,48,THB,0.96752176,22.73676127,13.67521368,45.47352254,2025-12-01,2025-12-31
"3020 | BU DIA | Engage | Celebrate this Sparkle season Sale up to 50% | 5-15 Dec 25","Celebrate this Sparkle season Sale up to 50%","3020 | BU DIA | Engage | Celebrate this Sparkle season Sale up to 50% | 5-15 Dec 25 [Interest-BKK]",65+,female,653,1265,118,,130,THB,0.3726314,,10.27667984,43.97050576,2025-12-01,2025-12-31
"3020 | BU DIA | Engage | Celebrate this Sparkle season Sale up to 50% | 5-15 Dec 25","Celebrate this Sparkle season Sale up to 50%","3020 | BU DIA | Engage | Celebrate this Sparkle season Sale up to 50% | 5-15 Dec 25 [Interest]",65+,female,724,1291,117,,134,THB,0.37241475,,10.37955074,43.57252622,2025-12-01,2025-12-31
"3020 | BU DIA | Message | Celebrate this Sparkle season Sale up to 50% | 5-15 Dec 25","Celebrate this Sparkle season Sale up to 50%","3020 | BU DIA | Message | Celebrate this Sparkle season Sale up to 50% | 5-15 Dec 25 [Interest]",25-34,male,260,747,19,1,32,THB,2.28160826,43.35055694,4.28380187,43.35055694,2025-12-01,2025-12-31
"3020 | BU DIA | Engage | ฉลองวันสำคัญของคุณด้วย Wedding Package | 6-31 Dec 25","ฉลองวันสำคัญของคุณด้วย Wedding Package","3020 | BU DIA | Engage | ฉลองวันสำคัญของคุณด้วย Wedding Package | 6-31 Dec 25 [Interest]",18-24,male,646,940,127,,160,THB,0.31690825,,17.0212766,40.24734768,2025-12-01,2025-12-31
"3020 | BU DIA | Message | Shine this Christmas with Aurora Diamond | 16-31 Dec 25","Shine this Christmas with Aurora Diamond","3020 | BU DIA | Message | Shine this Christmas with Aurora Diamond | 16-31 Dec 25  [Interest]",25-34,male,181,492,24,,22,THB,1.64218749,,4.47154472,39.41249976,2025-12-01,2025-12-31
"3020 | BU DIA | Engage | Shine this Christmas with Aurora Diamond | 16-31 Dec 25","Shine this Christmas with Aurora Diamond","3020 | BU DIA | Engage | Shine this Christmas with Aurora Diamond | 16-31 Dec 25 [Interest-BKK]",18-24,female,896,1507,140,,182,THB,0.27439445,,12.07697412,38.41522249,2025-12-01,2025-12-31
"3020 | BU DIA | Engage | Celebrate this Sparkle season Sale up to 50% | 5-15 Dec 25","Celebrate this Sparkle season Sale up to 50%","3020 | BU DIA | Engage | Celebrate this Sparkle season Sale up to 50% | 5-15 Dec 25 [Interest]",35-44,male,695,1333,115,,140,THB,0.32328481,,10.50262566,37.17775262,2025-12-01,2025-12-31
"3020 | BU DIA | Message | Happy Pearl Year-End Sale up to 70% | 22-31 Dec 25","Happy Pearl Year-End Sale up to 70% | 22-31 Dec 25","3020 | BU DIA | Message | Happy Pearl Year-End Sale up to 70% | 22-31 Dec 25 [Interest-BKK]",65+,female,248,478,36,5,42,THB,1.02791628,7.40099721,8.78661088,37.00498606,2025-12-01,2025-12-31
"3020 | BU DIA | Engage | Celebrate this Sparkle season Sale up to 50% | 5-15 Dec 25","Celebrate this Sparkle season Sale up to 50%","3020 | BU DIA | Engage | Celebrate this Sparkle season Sale up to 50% | 5-15 Dec 25 [Interest]",25-34,male,757,1301,115,,152,THB,0.31040563,,11.68332052,35.696647,2025-12-01,2025-12-31
"3020 | BU DIA | Engage | Celebrate this Sparkle season Sale up to 50% | 5-15 Dec 25","Celebrate this Sparkle season Sale up to 50%","3020 | BU DIA | Engage | Celebrate this Sparkle season Sale up to 50% | 5-15 Dec 25 [Interest-BKK]",35-44,male,625,1169,103,1,119,THB,0.34392793,35.42457678,10.17964072,35.42457678,2025-12-01,2025-12-31
"3020 | BU DIA | Engage | Celebrate this Sparkle season Sale up to 50% | 5-15 Dec 25","Celebrate this Sparkle season Sale up to 50%","3020 | BU DIA | Engage | Celebrate this Sparkle season Sale up to 50% | 5-15 Dec 25 [Interest-BKK]",18-24,female,819,1255,103,1,126,THB,0.33576693,34.5839936,10.03984064,34.5839936,2025-12-01,2025-12-31
"3020 | BU DIA | Engage | Celebrate this Sparkle season Sale up to 50% | 5-15 Dec 25","Celebrate this Sparkle season Sale up to 50%","3020 | BU DIA | Engage | Celebrate this Sparkle season Sale up to 50% | 5-15 Dec 25 [Interest-BKK]",25-34,male,720,1173,104,,134,THB,0.32984422,,11.42369991,34.30379921,2025-12-01,2025-12-31
"3020 | BU DIA | Engage | Happy Pearl Year-End Sale up to 70% | 5-31 Dec 25","Happy Pearl Year-End Sale up to 70%","3020 | BU DIA | Engage | Happy Pearl Year-End Sale up to 70% | 5-31 Dec 25 [Interest-BKK]",18-24,female,779,1242,135,,169,THB,0.25018102,,13.60708535,33.77443834,2025-12-01,2025-12-31
"3020 | BU DIA | Message | Celebrate this Sparkle season Sale up to 50% | 5-15 Dec 25","Celebrate this Sparkle season Sale up to 50%","3020 | BU DIA | Message | Celebrate this Sparkle season Sale up to 50% | 5-15 Dec 25 [Interest-BKK]",55-64,female,148,246,33,,41,THB,1.01006014,,16.66666667,33.3319846,2025-12-01,2025-12-31
"3020 | BU DIA | Engage | ฉลองวันสำคัญของคุณด้วย Wedding Package | 6-31 Dec 25","ฉลองวันสำคัญของคุณด้วย Wedding Package","3020 | BU DIA | Engage | ฉลองวันสำคัญของคุณด้วย Wedding Package | 6-31 Dec 25 [Interest]",55-64,female,329,578,83,,102,THB,0.39856262,,17.64705882,33.08069736,2025-12-01,2025-12-31
"3020 | BU DIA | Message | Happy Pearl Year-End Sale up to 70% | 5-31 Dec 25","Happy Pearl Year-End Sale up to 70%","3020 | BU DIA | Message | Happy Pearl Year-End Sale up to 70% | 5-31 Dec 25 [Interest-BKK]",65+,female,117,305,45,2,37,THB,0.70737447,15.91592565,12.13114754,31.8318513,2025-12-01,2025-12-31
"3020 | BU DIA | Message | Happy Pearl Year-End Sale up to 70% | 5-31 Dec 25","Happy Pearl Year-End Sale up to 70%","3020 | BU DIA | Message | Happy Pearl Year-End Sale up to 70% | 5-31 Dec 25 [Interest-BKK]",45-54,male,147,281,34,2,37,THB,0.90563129,15.39573198,13.16725979,30.79146395,2025-12-01,2025-12-31
"3020 | BU DIA | Message | 12.12 ลดไปเลย 50% | 11-15 Dec 25","12.12 ลดไปเลย 50% | 11-15 Dec 25","3020 | BU DIA | Message |12.12 ลดไปเลย 50% | 11-15 Dec 25 [Interest-BKK]",65+,female,204,324,16,2,24,THB,1.81184222,14.49473775,7.40740741,28.9894755,2025-12-01,2025-12-31
"3020 | BU DIA | Message | Happy Pearl Year-End Sale up to 70% | 22-31 Dec 25","Happy Pearl Year-End Sale up to 70% | 22-31 Dec 25","3020 | BU DIA | Message | Happy Pearl Year-End Sale up to 70% | 22-31 Dec 25 [Interest]",55-64,female,198,324,24,,28,THB,1.19817886,,8.64197531,28.75629275,2025-12-01,2025-12-31
"3020 | BU DIA | Message | ฉลองวันเงินเดือนออก Pay Day | 23-31 Dec 25","ฉลองวันเงินเดือนออก Pay Day | 23-31 Dec 25","3020 | BU DIA | Message |  ฉลองวันเงินเดือนออก Pay Day | 23-31 Dec 25  [Interest-BKK]",45-54,male,158,340,18,,23,THB,1.54277778,,6.76470588,27.77,2025-12-01,2025-12-31
"3020 | BU DIA | Engage | Shine this Christmas with Aurora Diamond | 16-31 Dec 25","Shine this Christmas with Aurora Diamond","3020 | BU DIA | Engage | Shine this Christmas with Aurora Diamond | 16-31 Dec 25 [Interest-BKK]",55-64,male,312,723,97,1,90,THB,0.28341127,27.4908936,12.44813278,27.4908936,2025-12-01,2025-12-31
"3020 | BU DIA | Message | Celebrate this Sparkle season Sale up to 50% | 5-15 Dec 25","Celebrate this Sparkle season Sale up to 50%","3020 | BU DIA | Message | Celebrate this Sparkle season Sale up to 50% | 5-15 Dec 25 [Interest]",35-44,male,159,357,18,1,29,THB,1.50154197,27.02775541,8.1232493,27.02775541,2025-12-01,2025-12-31
"3020 | BU DIA | Message | ฉลองวันเงินเดือนออก Pay Day | 23-31 Dec 25","ฉลองวันเงินเดือนออก Pay Day | 23-31 Dec 25","3020 | BU DIA | Message |  ฉลองวันเงินเดือนออก Pay Day | 23-31 Dec 25  [Interest]",45-54,male,157,333,11,,12,THB,2.43931355,,3.6036036,26.83244901,2025-12-01,2025-12-31
"3020 | BU DIA | Engage | Celebrate this Sparkle season Sale up to 50% | 5-15 Dec 25","Celebrate this Sparkle season Sale up to 50%","3020 | BU DIA | Engage | Celebrate this Sparkle season Sale up to 50% | 5-15 Dec 25 [Interest-BKK]",45-54,male,400,778,62,,70,THB,0.42690908,,8.99742931,26.46836316,2025-12-01,2025-12-31
"3020 | BU DIA | Engage | Happy Pearl Year-End Sale up to 70% | 5-31 Dec 25","Happy Pearl Year-End Sale up to 70%","3020 | BU DIA | Engage | Happy Pearl Year-End Sale up to 70% | 5-31 Dec 25 [Interest-BKK]",35-44,male,453,875,121,1,143,THB,0.21488525,26.0011153,16.34285714,26.0011153,2025-12-01,2025-12-31
"3020 | BU DIA | Message | 12.12 ลดไปเลย 50% | 11-15 Dec 25","12.12 ลดไปเลย 50% | 11-15 Dec 25","3020 | BU DIA | Message | 12.12 ลดไปเลย 50% | 11-15 Dec 25 [Interest]",55-64,female,175,239,12,1,18,THB,2.1588073,25.90568762,7.53138075,25.90568762,2025-12-01,2025-12-31
"3020 | BU DIA | Message | Shine this Christmas with Aurora Diamond | 16-31 Dec 25","Shine this Christmas with Aurora Diamond","3020 | BU DIA | Message | Shine this Christmas with Aurora Diamond | 16-31 Dec 25  [Interest]",55-64,female,81,166,33,1,23,THB,0.76792749,25.34160731,13.85542169,25.34160731,2025-12-01,2025-12-31
"3020 | BU DIA | Engage | Happy Pearl Year-End Sale up to 70% | 5-31 Dec 25","Happy Pearl Year-End Sale up to 70%","3020 | BU DIA | Engage | Happy Pearl Year-End Sale up to 70% | 5-31 Dec 25 [Interest-BKK]",25-34,male,535,887,106,,122,THB,0.23623306,,13.75422773,25.04070473,2025-12-01,2025-12-31
"3020 | BU DIA | Engage | Celebrate this Sparkle season Sale up to 50% | 5-15 Dec 25","Celebrate this Sparkle season Sale up to 50%","3020 | BU DIA | Engage | Celebrate this Sparkle season Sale up to 50% | 5-15 Dec 25 [Interest]",45-54,male,435,793,64,,74,THB,0.37637471,,9.33165195,24.08798131,2025-12-01,2025-12-31
"3020 | BU DIA | Engage | ฉลองวันสำคัญของคุณด้วย Wedding Package | 6-31 Dec 25","ฉลองวันสำคัญของคุณด้วย Wedding Package","3020 | BU DIA | Engage | ฉลองวันสำคัญของคุณด้วย Wedding Package | 6-31 Dec 25 [Interest]",45-54,male,220,383,58,,73,THB,0.41400487,,19.06005222,24.01228229,2025-12-01,2025-12-31
"3020 | BU DIA | Message | ฉลองวันเงินเดือนออก Pay Day | 23-31 Dec 25","ฉลองวันเงินเดือนออก Pay Day | 23-31 Dec 25","3020 | BU DIA | Message |  ฉลองวันเงินเดือนออก Pay Day | 23-31 Dec 25  [Interest]",65+,female,162,292,15,1,16,THB,1.59481223,23.92218339,5.47945205,23.92218339,2025-12-01,2025-12-31
"3020 | BU DIA | Message | Shine this Christmas with Aurora Diamond | 16-31 Dec 25","Shine this Christmas with Aurora Diamond","3020 | BU DIA | Message | Shine this Christmas with Aurora Diamond | 16-31 Dec 25  [Interest-BKK]",18-24,female,219,524,12,,23,THB,1.97371902,,4.38931298,23.68462818,2025-12-01,2025-12-31
"3020 | BU DIA | Engage | Happy Pearl Year-End Sale up to 70% | 5-31 Dec 25","Happy Pearl Year-End Sale up to 70%","3020 | BU DIA | Engage | Happy Pearl Year-End Sale up to 70% | 5-31 Dec 25 [Interest-BKK]",65+,female,352,690,81,,99,THB,0.28864191,,14.34782609,23.37999479,2025-12-01,2025-12-31
"3020 | BU DIA | Message | ฉลองวันเงินเดือนออก Pay Day | 23-31 Dec 25","ฉลองวันเงินเดือนออก Pay Day | 23-31 Dec 25","3020 | BU DIA | Message |  ฉลองวันเงินเดือนออก Pay Day | 23-31 Dec 25  [Interest-BKK]",65+,female,129,360,22,1,25,THB,1.05454545,23.2,6.94444444,23.2,2025-12-01,2025-12-31
"3020 | BU DIA | Message | Shine this Christmas with Aurora Diamond | 16-31 Dec 25","Shine this Christmas with Aurora Diamond","3020 | BU DIA | Message | Shine this Christmas with Aurora Diamond | 16-31 Dec 25  [Interest-BKK]",55-64,male,25,76,9,1,10,THB,2.56714108,23.10426974,13.15789474,23.10426974,2025-12-01,2025-12-31
"3020 | BU DIA | Message | Happy Pearl Year-End Sale up to 70% | 22-31 Dec 25","Happy Pearl Year-End Sale up to 70% | 22-31 Dec 25","3020 | BU DIA | Message | Happy Pearl Year-End Sale up to 70% | 22-31 Dec 25 [Interest-BKK]",45-54,male,200,360,12,1,16,THB,1.8994226,22.79307115,4.44444444,22.79307115,2025-12-01,2025-12-31
"3020 | BU DIA | Message | Shine this Christmas with Aurora Diamond | 16-31 Dec 25","Shine this Christmas with Aurora Diamond","3020 | BU DIA | Message | Shine this Christmas with Aurora Diamond | 16-31 Dec 25  [Interest-BKK]",65+,female,80,234,20,,23,THB,1.13319989,,9.82905983,22.66399782,2025-12-01,2025-12-31
"3020 | BU DIA | Message | Happy Pearl Year-End Sale up to 70% | 22-31 Dec 25","Happy Pearl Year-End Sale up to 70% | 22-31 Dec 25","3020 | BU DIA | Message | Happy Pearl Year-End Sale up to 70% | 22-31 Dec 25 [Interest-BKK]",55-64,male,50,85,10,1,9,THB,2.16029108,21.60291078,10.58823529,21.60291078,2025-12-01,2025-12-31
"3020 | BU DIA | Message | Shine this Christmas with Aurora Diamond | 16-31 Dec 25","Shine this Christmas with Aurora Diamond","3020 | BU DIA | Message | Shine this Christmas with Aurora Diamond | 16-31 Dec 25  [Interest-BKK]",45-54,male,108,258,18,,27,THB,1.154602,,10.46511628,20.78283597,2025-12-01,2025-12-31
"3020 | BU DIA | Message | 12.12 ลดไปเลย 50% | 11-15 Dec 25","12.12 ลดไปเลย 50% | 11-15 Dec 25","3020 | BU DIA | Message |12.12 ลดไปเลย 50% | 11-15 Dec 25 [Interest-BKK]",18-24,female,244,401,7,,12,THB,2.92952897,,2.9925187,20.50670282,2025-12-01,2025-12-31
"3020 | BU DIA | Message | Happy Pearl Year-End Sale up to 70% | 22-31 Dec 25","Happy Pearl Year-End Sale up to 70% | 22-31 Dec 25","3020 | BU DIA | Message | Happy Pearl Year-End Sale up to 70% | 22-31 Dec 25 [Interest]",25-34,male,115,241,1,,3,THB,20.12440383,,1.24481328,20.12440383,2025-12-01,2025-12-31
"3020 | BU DIA | Message | Celebrate this Sparkle season Sale up to 50% | 5-15 Dec 25","Celebrate this Sparkle season Sale up to 50%","3020 | BU DIA | Message | Celebrate this Sparkle season Sale up to 50% | 5-15 Dec 25 [Interest-BKK]",45-54,male,77,166,4,,7,THB,4.97929032,,4.21686747,19.91716127,2025-12-01,2025-12-31
"3020 | BU DIA | Message | 12.12 ลดไปเลย 50% | 11-15 Dec 25","12.12 ลดไปเลย 50% | 11-15 Dec 25","3020 | BU DIA | Message | 12.12 ลดไปเลย 50% | 11-15 Dec 25 [Interest]",35-44,male,136,199,9,,10,THB,2.17158789,,5.02512563,19.54429097,2025-12-01,2025-12-31
"3020 | BU DIA | Message | Celebrate this Sparkle season Sale up to 50% | 5-15 Dec 25","Celebrate this Sparkle season Sale up to 50%","3020 | BU DIA | Message | Celebrate this Sparkle season Sale up to 50% | 5-15 Dec 25 [Interest-BKK]",65+,female,56,135,10,,14,THB,1.93169455,,10.37037037,19.31694546,2025-12-01,2025-12-31
"3020 | BU DIA | Engage | Happy Pearl Year-End Sale up to 70% | 5-31 Dec 25","Happy Pearl Year-End Sale up to 70%","3020 | BU DIA | Engage | Happy Pearl Year-End Sale up to 70% | 5-31 Dec 25 [Interest]",55-64,female,384,576,71,1,90,THB,0.26512939,18.82418698,15.625,18.82418698,2025-12-01,2025-12-31
"3020 | BU DIA | Message | Celebrate this Sparkle season Sale up to 50% | 5-15 Dec 25","Celebrate this Sparkle season Sale up to 50%","3020 | BU DIA | Message | Celebrate this Sparkle season Sale up to 50% | 5-15 Dec 25 [Interest]",18-24,female,153,413,16,1,25,THB,1.17288842,18.76621476,6.05326877,18.76621476,2025-12-01,2025-12-31
"3020 | BU DIA | Message | Shine this Christmas with Aurora Diamond | 16-31 Dec 25","Shine this Christmas with Aurora Diamond","3020 | BU DIA | Message | Shine this Christmas with Aurora Diamond | 16-31 Dec 25  [Interest]",35-44,male,142,265,13,1,17,THB,1.42162863,18.48117218,6.41509434,18.48117218,2025-12-01,2025-12-31
"3020 | BU DIA | Message | ฉลองวันเงินเดือนออก Pay Day | 23-31 Dec 25","ฉลองวันเงินเดือนออก Pay Day | 23-31 Dec 25","3020 | BU DIA | Message |  ฉลองวันเงินเดือนออก Pay Day | 23-31 Dec 25  [Interest]",18-24,female,211,470,11,1,18,THB,1.67651665,18.44168318,3.82978723,18.44168318,2025-12-01,2025-12-31
"3020 | BU DIA | Message | Happy Pearl Year-End Sale up to 70% | 5-31 Dec 25","Happy Pearl Year-End Sale up to 70%","3020 | BU DIA | Message | Happy Pearl Year-End Sale up to 70% | 5-31 Dec 25 [Interest-BKK]",18-24,female,197,362,33,1,40,THB,0.52898482,17.45649922,11.04972376,17.45649922,2025-12-01,2025-12-31
"3020 | BU DIA | Message | ฉลองวันเงินเดือนออก Pay Day | 23-31 Dec 25","ฉลองวันเงินเดือนออก Pay Day | 23-31 Dec 25","3020 | BU DIA | Message |  ฉลองวันเงินเดือนออก Pay Day | 23-31 Dec 25  [Interest-BKK]",55-64,male,49,94,5,,8,THB,3.446,,8.5106383,17.23,2025-12-01,2025-12-31
"3020 | BU DIA | Engage | ฉลองวันสำคัญของคุณด้วย Wedding Package | 6-31 Dec 25","ฉลองวันสำคัญของคุณด้วย Wedding Package","3020 | BU DIA | Engage | ฉลองวันสำคัญของคุณด้วย Wedding Package | 6-31 Dec 25 [Interest-BKK]",55-64,female,182,293,35,,42,THB,0.49152795,,14.33447099,17.20347815,2025-12-01,2025-12-31
"3020 | BU DIA | Message | ฉลองวันเงินเดือนออก Pay Day | 23-31 Dec 25","ฉลองวันเงินเดือนออก Pay Day | 23-31 Dec 25","3020 | BU DIA | Message |  ฉลองวันเงินเดือนออก Pay Day | 23-31 Dec 25  [Interest-BKK]",18-24,female,138,288,1,,2,THB,16.7,,0.69444444,16.7,2025-12-01,2025-12-31
"3020 | BU DIA | Engage | ฉลองวันสำคัญของคุณด้วย Wedding Package | 6-31 Dec 25","ฉลองวันสำคัญของคุณด้วย Wedding Package","3020 | BU DIA | Engage | ฉลองวันสำคัญของคุณด้วย Wedding Package | 6-31 Dec 25 [Interest-BKK]",18-24,male,252,382,51,,57,THB,0.32260569,,14.92146597,16.4528901,2025-12-01,2025-12-31
"3020 | BU DIA | Engage | ฉลองวันสำคัญของคุณด้วย Wedding Package | 6-31 Dec 25","ฉลองวันสำคัญของคุณด้วย Wedding Package","3020 | BU DIA | Engage | ฉลองวันสำคัญของคุณด้วย Wedding Package | 6-31 Dec 25 [Interest-BKK]",45-54,male,154,228,50,,56,THB,0.32685608,,24.56140351,16.34280385,2025-12-01,2025-12-31
"3020 | BU DIA | Engage | Happy Pearl Year-End Sale up to 70% | 5-31 Dec 25","Happy Pearl Year-End Sale up to 70%","3020 | BU DIA | Engage | Happy Pearl Year-End Sale up to 70% | 5-31 Dec 25 [Interest-BKK]",45-54,male,279,535,86,,91,THB,0.18612608,,17.00934579,16.00684281,2025-12-01,2025-12-31
"3020 | BU DIA | Message | Celebrate this Sparkle season Sale up to 50% | 5-15 Dec 25","Celebrate this Sparkle season Sale up to 50%","3020 | BU DIA | Message | Celebrate this Sparkle season Sale up to 50% | 5-15 Dec 25 [Interest]",45-54,male,56,108,13,,10,THB,1.19628649,,9.25925926,15.5517244,2025-12-01,2025-12-31
"3020 | BU DIA | Engage | Shine this Christmas with Aurora Diamond | 16-31 Dec 25","Shine this Christmas with Aurora Diamond","3020 | BU DIA | Engage | Shine this Christmas with Aurora Diamond | 16-31 Dec 25  [Interest]",65+,female,326,466,62,,75,THB,0.23671389,,16.0944206,14.67626146,2025-12-01,2025-12-31
"3020 | BU DIA | Message | Happy Pearl Year-End Sale up to 70% | 5-31 Dec 25","Happy Pearl Year-End Sale up to 70%","3020 | BU DIA | Message | Happy Pearl Year-End Sale up to 70% | 5-31 Dec 25 [Interest]",55-64,female,101,156,22,,30,THB,0.66371804,,19.23076923,14.60179691,2025-12-01,2025-12-31
"3020 | BU DIA | Message | Happy Pearl Year-End Sale up to 70% | 22-31 Dec 25","Happy Pearl Year-End Sale up to 70% | 22-31 Dec 25","3020 | BU DIA | Message | Happy Pearl Year-End Sale up to 70% | 22-31 Dec 25 [Interest]",35-44,male,80,131,4,2,7,THB,3.54077483,7.08154966,5.34351145,14.16309932,2025-12-01,2025-12-31
"3020 | BU DIA | Message | Shine this Christmas with Aurora Diamond | 16-31 Dec 25","Shine this Christmas with Aurora Diamond","3020 | BU DIA | Message | Shine this Christmas with Aurora Diamond | 16-31 Dec 25  [Interest]",45-54,male,36,63,12,,7,THB,1.1284049,,11.11111111,13.54085884,2025-12-01,2025-12-31
"3020 | BU DIA | Message | 12.12 ลดไปเลย 50% | 11-15 Dec 25","12.12 ลดไปเลย 50% | 11-15 Dec 25","3020 | BU DIA | Message | 12.12 ลดไปเลย 50% | 11-15 Dec 25 [Interest]",25-34,male,149,226,6,,7,THB,2.16214137,,3.09734513,12.9728482,2025-12-01,2025-12-31
"3020 | BU DIA | Message | Happy Pearl Year-End Sale up to 70% | 5-31 Dec 25","Happy Pearl Year-End Sale up to 70%","3020 | BU DIA | Message | Happy Pearl Year-End Sale up to 70% | 5-31 Dec 25 [Interest-BKK]",55-64,male,28,59,4,,3,THB,2.9010801,,5.08474576,11.6043204,2025-12-01,2025-12-31
"3020 | BU DIA | Engage | ฉลองวันสำคัญของคุณด้วย Wedding Package | 6-31 Dec 25","ฉลองวันสำคัญของคุณด้วย Wedding Package","3020 | BU DIA | Engage | ฉลองวันสำคัญของคุณด้วย Wedding Package | 6-31 Dec 25 [Interest]",65+,female,118,214,28,,33,THB,0.38714497,,15.42056075,10.84005907,2025-12-01,2025-12-31
"3020 | BU DIA | Message | Happy Pearl Year-End Sale up to 70% | 22-31 Dec 25","Happy Pearl Year-End Sale up to 70% | 22-31 Dec 25","3020 | BU DIA | Message | Happy Pearl Year-End Sale up to 70% | 22-31 Dec 25 [Interest-BKK]",18-24,female,169,262,10,4,19,THB,1.05914271,2.64785677,7.2519084,10.59142709,2025-12-01,2025-12-31
"3020 | BU DIA | Message | 12.12 ลดไปเลย 50% | 11-15 Dec 25","12.12 ลดไปเลย 50% | 11-15 Dec 25","3020 | BU DIA | Message |12.12 ลดไปเลย 50% | 11-15 Dec 25 [Interest-BKK]",55-64,male,64,90,1,,2,THB,10.46342007,,2.22222222,10.46342007,2025-12-01,2025-12-31
"3020 | BU DIA | Engage | Shine this Christmas with Aurora Diamond | 16-31 Dec 25","Shine this Christmas with Aurora Diamond","3020 | BU DIA | Engage | Shine this Christmas with Aurora Diamond | 16-31 Dec 25 [Interest-BKK]",18-24,male,218,383,35,,45,THB,0.29354489,,11.74934726,10.27407122,2025-12-01,2025-12-31
"3020 | BU DIA | Message | Celebrate this Sparkle season Sale up to 50% | 5-15 Dec 25","Celebrate this Sparkle season Sale up to 50%","3020 | BU DIA | Message | Celebrate this Sparkle season Sale up to 50% | 5-15 Dec 25 [Interest-BKK]",18-24,female,106,195,6,,12,THB,1.58223556,,6.15384615,9.49341338,2025-12-01,2025-12-31
"3020 | BU DIA | Engage | Shine this Christmas with Aurora Diamond | 16-31 Dec 25","Shine this Christmas with Aurora Diamond","3020 | BU DIA | Engage | Shine this Christmas with Aurora Diamond | 16-31 Dec 25 [Interest-BKK]",65+,male,134,267,26,,30,THB,0.3578341,,11.23595506,9.3036867,2025-12-01,2025-12-31
"3020 | BU DIA | Message | Happy Pearl Year-End Sale up to 70% | 5-31 Dec 25","Happy Pearl Year-End Sale up to 70%","3020 | BU DIA | Message | Happy Pearl Year-End Sale up to 70% | 5-31 Dec 25 [Interest]",25-34,male,71,149,7,2,12,THB,1.30677004,4.57369512,8.05369128,9.14739025,2025-12-01,2025-12-31
"3020 | BU DIA | Engage | Celebrate this Sparkle season Sale up to 50% | 5-15 Dec 25","Celebrate this Sparkle season Sale up to 50%","3020 | BU DIA | Engage | Celebrate this Sparkle season Sale up to 50% | 5-15 Dec 25 [Interest]",55-64,male,133,257,15,,18,THB,0.59177508,,7.00389105,8.87662626,2025-12-01,2025-12-31
"3020 | BU DIA | Message | Celebrate this Sparkle season Sale up to 50% | 5-15 Dec 25","Celebrate this Sparkle season Sale up to 50%","3020 | BU DIA | Message | Celebrate this Sparkle season Sale up to 50% | 5-15 Dec 25 [Interest]",65+,female,64,123,8,,8,THB,1.105294,,6.50406504,8.84235199,2025-12-01,2025-12-31
"3020 | BU DIA | Message | 12.12 ลดไปเลย 50% | 11-15 Dec 25","12.12 ลดไปเลย 50% | 11-15 Dec 25","3020 | BU DIA | Message | 12.12 ลดไปเลย 50% | 11-15 Dec 25 [Interest]",45-54,male,62,94,6,,7,THB,1.45365248,,7.44680851,8.72191491,2025-12-01,2025-12-31
"3020 | BU DIA | Engage | Celebrate this Sparkle season Sale up to 50% | 5-15 Dec 25","Celebrate this Sparkle season Sale up to 50%","3020 | BU DIA | Engage | Celebrate this Sparkle season Sale up to 50% | 5-15 Dec 25 [Interest-BKK]",18-24,male,170,289,30,,35,THB,0.29020134,,12.11072664,8.70604006,2025-12-01,2025-12-31
"3020 | BU DIA | Engage | ฉลองวันสำคัญของคุณด้วย Wedding Package | 6-31 Dec 25","ฉลองวันสำคัญของคุณด้วย Wedding Package","3020 | BU DIA | Engage | ฉลองวันสำคัญของคุณด้วย Wedding Package | 6-31 Dec 25 [Interest-BKK]",65+,female,80,135,21,,27,THB,0.40317301,,20,8.46663323,2025-12-01,2025-12-31
"3020 | BU DIA | Engage | Shine this Christmas with Aurora Diamond | 16-31 Dec 25","Shine this Christmas with Aurora Diamond","3020 | BU DIA | Engage | Shine this Christmas with Aurora Diamond | 16-31 Dec 25  [Interest]",35-44,male,235,333,30,,30,THB,0.26578006,,9.00900901,7.97340176,2025-12-01,2025-12-31
"3020 | BU DIA | Engage | Celebrate this Sparkle season Sale up to 50% | 5-15 Dec 25","Celebrate this Sparkle season Sale up to 50%","3020 | BU DIA | Engage | Celebrate this Sparkle season Sale up to 50% | 5-15 Dec 25 [Interest-BKK]",55-64,male,123,223,24,,25,THB,0.32981215,,11.21076233,7.91549159,2025-12-01,2025-12-31
"3020 | BU DIA | Message | ฉลองวันเงินเดือนออก Pay Day | 23-31 Dec 25","ฉลองวันเงินเดือนออก Pay Day | 23-31 Dec 25","3020 | BU DIA | Message |  ฉลองวันเงินเดือนออก Pay Day | 23-31 Dec 25  [Interest]",55-64,male,35,130,,,1,THB,,,0.76923077,7.83071471,2025-12-01,2025-12-31
"3020 | BU DIA | Engage | Shine this Christmas with Aurora Diamond | 16-31 Dec 25","Shine this Christmas with Aurora Diamond","3020 | BU DIA | Engage | Shine this Christmas with Aurora Diamond | 16-31 Dec 25  [Interest]",25-34,male,209,285,24,,27,THB,0.28428795,,9.47368421,6.82291092,2025-12-01,2025-12-31
"3020 | BU DIA | Engage | Shine this Christmas with Aurora Diamond | 16-31 Dec 25","Shine this Christmas with Aurora Diamond","3020 | BU DIA | Engage | Shine this Christmas with Aurora Diamond | 16-31 Dec 25  [Interest]",18-24,female,206,271,23,,27,THB,0.29012378,,9.96309963,6.67284689,2025-12-01,2025-12-31
"3020 | BU DIA | Message | Happy Pearl Year-End Sale up to 70% | 5-31 Dec 25","Happy Pearl Year-End Sale up to 70%","3020 | BU DIA | Message | Happy Pearl Year-End Sale up to 70% | 5-31 Dec 25 [Interest]",65+,female,25,51,4,,5,THB,1.65633817,,9.80392157,6.62535268,2025-12-01,2025-12-31
"3020 | BU DIA | Message | 12.12 ลดไปเลย 50% | 11-15 Dec 25","12.12 ลดไปเลย 50% | 11-15 Dec 25","3020 | BU DIA | Message | 12.12 ลดไปเลย 50% | 11-15 Dec 25 [Interest]",65+,female,65,85,6,,7,THB,1.09524046,,8.23529412,6.57144277,2025-12-01,2025-12-31
"3020 | BU DIA | Message | Happy Pearl Year-End Sale up to 70% | 5-31 Dec 25","Happy Pearl Year-End Sale up to 70%","3020 | BU DIA | Message | Happy Pearl Year-End Sale up to 70% | 5-31 Dec 25 [Interest-BKK]",18-24,male,45,107,8,,10,THB,0.81280261,,9.34579439,6.50242091,2025-12-01,2025-12-31
"3020 | BU DIA | Message | Shine this Christmas with Aurora Diamond | 16-31 Dec 25","Shine this Christmas with Aurora Diamond","3020 | BU DIA | Message | Shine this Christmas with Aurora Diamond | 16-31 Dec 25  [Interest]",18-24,female,84,160,3,,5,THB,2.1668041,,3.125,6.50041229,2025-12-01,2025-12-31
"3020 | BU DIA | Message | Happy Pearl Year-End Sale up to 70% | 5-31 Dec 25","Happy Pearl Year-End Sale up to 70%","3020 | BU DIA | Message | Happy Pearl Year-End Sale up to 70% | 5-31 Dec 25 [Interest]",35-44,male,52,115,8,,11,THB,0.79314078,,9.56521739,6.34512628,2025-12-01,2025-12-31
"3020 | BU DIA | Engage | Shine this Christmas with Aurora Diamond | 16-31 Dec 25","Shine this Christmas with Aurora Diamond","3020 | BU DIA | Engage | Shine this Christmas with Aurora Diamond | 16-31 Dec 25  [Interest]",45-54,male,158,238,24,,28,THB,0.24927302,,11.76470588,5.98255239,2025-12-01,2025-12-31
"3020 | BU DIA | Message | Happy Pearl Year-End Sale up to 70% | 22-31 Dec 25","Happy Pearl Year-End Sale up to 70% | 22-31 Dec 25","3020 | BU DIA | Message | Happy Pearl Year-End Sale up to 70% | 22-31 Dec 25 [Interest]",65+,female,52,73,2,,1,THB,2.9406435,,1.36986301,5.881287,2025-12-01,2025-12-31
"3020 | BU DIA | Message | Shine this Christmas with Aurora Diamond | 16-31 Dec 25","Shine this Christmas with Aurora Diamond","3020 | BU DIA | Message | Shine this Christmas with Aurora Diamond | 16-31 Dec 25  [Interest-BKK]",18-24,male,52,146,1,1,1,THB,5.80358443,5.80358443,0.68493151,5.80358443,2025-12-01,2025-12-31
"3020 | BU DIA | Message | Happy Pearl Year-End Sale up to 70% | 5-31 Dec 25","Happy Pearl Year-End Sale up to 70%","3020 | BU DIA | Message | Happy Pearl Year-End Sale up to 70% | 5-31 Dec 25 [Interest-BKK]",45-54,unknown,20,36,9,,10,THB,0.64357294,,27.77777778,5.79215647,2025-12-01,2025-12-31
"3020 | BU DIA | Engage | ฉลองวันสำคัญของคุณด้วย Wedding Package | 6-31 Dec 25","ฉลองวันสำคัญของคุณด้วย Wedding Package","3020 | BU DIA | Engage | ฉลองวันสำคัญของคุณด้วย Wedding Package | 6-31 Dec 25 [Interest]",55-64,male,60,99,11,,13,THB,0.52048298,,13.13131313,5.72531283,2025-12-01,2025-12-31
"3020 | BU DIA | Message | 12.12 ลดไปเลย 50% | 11-15 Dec 25","12.12 ลดไปเลย 50% | 11-15 Dec 25","3020 | BU DIA | Message | 12.12 ลดไปเลย 50% | 11-15 Dec 25 [Interest]",18-24,female,96,134,,,3,THB,,,2.23880597,5.62123415,2025-12-01,2025-12-31
"3020 | BU DIA | Engage | Celebrate this Sparkle season Sale up to 50% | 5-15 Dec 25","Celebrate this Sparkle season Sale up to 50%","3020 | BU DIA | Engage | Celebrate this Sparkle season Sale up to 50% | 5-15 Dec 25 [Interest-BKK]",65+,male,71,133,16,,22,THB,0.34523952,,16.54135338,5.52383231,2025-12-01,2025-12-31
"3020 | BU DIA | Engage | ฉลองวันสำคัญของคุณด้วย Wedding Package | 6-31 Dec 25","ฉลองวันสำคัญของคุณด้วย Wedding Package","3020 | BU DIA | Engage | ฉลองวันสำคัญของคุณด้วย Wedding Package | 6-31 Dec 25 [Interest-BKK]",55-64,male,66,96,13,,12,THB,0.42109914,,12.5,5.47428886,2025-12-01,2025-12-31
"3020 | BU DIA | Message | Happy Pearl Year-End Sale up to 70% | 22-31 Dec 25","Happy Pearl Year-End Sale up to 70% | 22-31 Dec 25","3020 | BU DIA | Message | Happy Pearl Year-End Sale up to 70% | 22-31 Dec 25 [Interest]",45-54,male,41,65,1,,1,THB,5.42118632,,1.53846154,5.42118632,2025-12-01,2025-12-31
"3020 | BU DIA | Message | Shine this Christmas with Aurora Diamond | 16-31 Dec 25","Shine this Christmas with Aurora Diamond","3020 | BU DIA | Message | Shine this Christmas with Aurora Diamond | 16-31 Dec 25  [Interest]",18-24,unknown,2,12,,,0,THB,,,0,5.29033554,2025-12-01,2025-12-31
"3020 | BU DIA | Engage | Happy Pearl Year-End Sale up to 70% | 5-31 Dec 25","Happy Pearl Year-End Sale up to 70%","3020 | BU DIA | Engage | Happy Pearl Year-End Sale up to 70% | 5-31 Dec 25 [Interest-BKK]",18-24,male,114,182,24,,29,THB,0.22009409,,15.93406593,5.28225813,2025-12-01,2025-12-31
"3020 | BU DIA | Engage | ฉลองวันสำคัญของคุณด้วย Wedding Package | 6-31 Dec 25","ฉลองวันสำคัญของคุณด้วย Wedding Package","3020 | BU DIA | Engage | ฉลองวันสำคัญของคุณด้วย Wedding Package | 6-31 Dec 25 [Interest]",65+,male,55,95,14,,15,THB,0.37391841,,15.78947368,5.23485771,2025-12-01,2025-12-31
"3020 | BU DIA | Message | Shine this Christmas with Aurora Diamond | 16-31 Dec 25","Shine this Christmas with Aurora Diamond","3020 | BU DIA | Message | Shine this Christmas with Aurora Diamond | 16-31 Dec 25  [Interest]",65+,female,27,58,3,,4,THB,1.71344201,,6.89655172,5.14032603,2025-12-01,2025-12-31
"3020 | BU DIA | Engage | Celebrate this Sparkle season Sale up to 50% | 5-15 Dec 25","Celebrate this Sparkle season Sale up to 50%","3020 | BU DIA | Engage | Celebrate this Sparkle season Sale up to 50% | 5-15 Dec 25 [Interest]",18-24,male,137,211,12,,14,THB,0.42448354,,6.63507109,5.09380245,2025-12-01,2025-12-31
"3020 | BU DIA | Message | Happy Pearl Year-End Sale up to 70% | 5-31 Dec 25","Happy Pearl Year-End Sale up to 70%","3020 | BU DIA | Message | Happy Pearl Year-End Sale up to 70% | 5-31 Dec 25 [Interest]",45-54,male,30,36,4,,5,THB,1.26101879,,13.88888889,5.04407515,2025-12-01,2025-12-31
"3020 | BU DIA | Message | Celebrate this Sparkle season Sale up to 50% | 5-15 Dec 25","Celebrate this Sparkle season Sale up to 50%","3020 | BU DIA | Message | Celebrate this Sparkle season Sale up to 50% | 5-15 Dec 25 [Interest]",18-24,male,22,70,,,0,THB,,,0,5.02702231,2025-12-01,2025-12-31
"3020 | BU DIA | Message | ฉลองวันเงินเดือนออก Pay Day | 23-31 Dec 25","ฉลองวันเงินเดือนออก Pay Day | 23-31 Dec 25","3020 | BU DIA | Message |  ฉลองวันเงินเดือนออก Pay Day | 23-31 Dec 25  [Interest]",18-24,male,47,114,,,1,THB,,,0.87719298,4.88044544,2025-12-01,2025-12-31
"3020 | BU DIA | Engage | Happy Pearl Year-End Sale up to 70% | 5-31 Dec 25","Happy Pearl Year-End Sale up to 70%","3020 | BU DIA | Engage | Happy Pearl Year-End Sale up to 70% | 5-31 Dec 25 [Interest-BKK]",55-64,male,75,150,18,,21,THB,0.26289016,,14,4.73202291,2025-12-01,2025-12-31
"3020 | BU DIA | Message | Happy Pearl Year-End Sale up to 70% | 22-31 Dec 25","Happy Pearl Year-End Sale up to 70% | 22-31 Dec 25","3020 | BU DIA | Message | Happy Pearl Year-End Sale up to 70% | 22-31 Dec 25 [Interest-BKK]",18-24,male,59,105,1,,6,THB,4.60061989,,5.71428571,4.60061989,2025-12-01,2025-12-31
"3020 | BU DIA | Engage | Shine this Christmas with Aurora Diamond | 16-31 Dec 25","Shine this Christmas with Aurora Diamond","3020 | BU DIA | Engage | Shine this Christmas with Aurora Diamond | 16-31 Dec 25 [Interest-BKK]",35-44,unknown,74,158,18,,20,THB,0.25287798,,12.65822785,4.55180371,2025-12-01,2025-12-31
"3020 | BU DIA | Engage | Happy Pearl Year-End Sale up to 70% | 5-31 Dec 25","Happy Pearl Year-End Sale up to 70%","3020 | BU DIA | Engage | Happy Pearl Year-End Sale up to 70% | 5-31 Dec 25 [Interest]",35-44,male,111,149,17,,18,THB,0.26667157,,12.08053691,4.53341664,2025-12-01,2025-12-31
"3020 | BU DIA | Message | ฉลองวันเงินเดือนออก Pay Day | 23-31 Dec 25","ฉลองวันเงินเดือนออก Pay Day | 23-31 Dec 25","3020 | BU DIA | Message |  ฉลองวันเงินเดือนออก Pay Day | 23-31 Dec 25  [Interest-BKK]",18-24,male,38,97,1,,1,THB,4.52,,1.03092784,4.52,2025-12-01,2025-12-31
"3020 | BU DIA | Engage | ฉลองวันสำคัญของคุณด้วย Wedding Package | 6-31 Dec 25","ฉลองวันสำคัญของคุณด้วย Wedding Package","3020 | BU DIA | Engage | ฉลองวันสำคัญของคุณด้วย Wedding Package | 6-31 Dec 25 [Interest-BKK]",65+,male,36,67,11,,12,THB,0.40759206,,17.91044776,4.48351263,2025-12-01,2025-12-31
"3020 | BU DIA | Message | 12.12 ลดไปเลย 50% | 11-15 Dec 25","12.12 ลดไปเลย 50% | 11-15 Dec 25","3020 | BU DIA | Message |12.12 ลดไปเลย 50% | 11-15 Dec 25 [Interest-BKK]",35-44,unknown,38,52,,,0,THB,,,0,4.47146154,2025-12-01,2025-12-31
"3020 | BU DIA | Engage | Celebrate this Sparkle season Sale up to 50% | 5-15 Dec 25","Celebrate this Sparkle season Sale up to 50%","3020 | BU DIA | Engage | Celebrate this Sparkle season Sale up to 50% | 5-15 Dec 25 [Interest]",65+,male,74,132,16,,22,THB,0.2664489,,16.66666667,4.2631824,2025-12-01,2025-12-31
"3020 | BU DIA | Engage | Happy Pearl Year-End Sale up to 70% | 5-31 Dec 25","Happy Pearl Year-End Sale up to 70%","3020 | BU DIA | Engage | Happy Pearl Year-End Sale up to 70% | 5-31 Dec 25 [Interest]",18-24,female,146,175,11,,14,THB,0.38119638,,8,4.1931602,2025-12-01,2025-12-31
"3020 | BU DIA | Message | Happy Pearl Year-End Sale up to 70% | 5-31 Dec 25","Happy Pearl Year-End Sale up to 70%","3020 | BU DIA | Message | Happy Pearl Year-End Sale up to 70% | 5-31 Dec 25 [Interest-BKK]",35-44,unknown,29,42,1,,1,THB,4.16154938,,2.38095238,4.16154938,2025-12-01,2025-12-31
"3020 | BU DIA | Engage | Happy Pearl Year-End Sale up to 70% | 5-31 Dec 25","Happy Pearl Year-End Sale up to 70%","3020 | BU DIA | Engage | Happy Pearl Year-End Sale up to 70% | 5-31 Dec 25 [Interest]",25-34,male,106,146,26,,25,THB,0.15781124,,17.12328767,4.10309232,2025-12-01,2025-12-31
"3020 | BU DIA | Message | 12.12 ลดไปเลย 50% | 11-15 Dec 25","12.12 ลดไปเลย 50% | 11-15 Dec 25","3020 | BU DIA | Message |12.12 ลดไปเลย 50% | 11-15 Dec 25 [Interest-BKK]",18-24,male,48,103,,,3,THB,,,2.91262136,4.07133076,2025-12-01,2025-12-31
"3020 | BU DIA | Message | Shine this Christmas with Aurora Diamond | 16-31 Dec 25","Shine this Christmas with Aurora Diamond","3020 | BU DIA | Message | Shine this Christmas with Aurora Diamond | 16-31 Dec 25  [Interest-BKK]",45-54,unknown,7,20,1,,1,THB,3.98245966,,5,3.98245966,2025-12-01,2025-12-31
"3020 | BU DIA | Engage | Shine this Christmas with Aurora Diamond | 16-31 Dec 25","Shine this Christmas with Aurora Diamond","3020 | BU DIA | Engage | Shine this Christmas with Aurora Diamond | 16-31 Dec 25 [Interest-BKK]",45-54,unknown,61,125,21,,25,THB,0.18197687,,20,3.82151432,2025-12-01,2025-12-31
"3020 | BU DIA | Engage | Happy Pearl Year-End Sale up to 70% | 5-31 Dec 25","Happy Pearl Year-End Sale up to 70%","3020 | BU DIA | Engage | Happy Pearl Year-End Sale up to 70% | 5-31 Dec 25 [Interest]",65+,female,79,111,9,,11,THB,0.3914061,,9.90990991,3.52265487,2025-12-01,2025-12-31
"3020 | BU DIA | Engage | ฉลองวันสำคัญของคุณด้วย Wedding Package | 6-31 Dec 25","ฉลองวันสำคัญของคุณด้วย Wedding Package","3020 | BU DIA | Engage | ฉลองวันสำคัญของคุณด้วย Wedding Package | 6-31 Dec 25 [Interest]",25-34,unknown,43,77,10,,11,THB,0.3473223,,14.28571429,3.47322299,2025-12-01,2025-12-31
"3020 | BU DIA | Message | Celebrate this Sparkle season Sale up to 50% | 5-15 Dec 25","Celebrate this Sparkle season Sale up to 50%","3020 | BU DIA | Message | Celebrate this Sparkle season Sale up to 50% | 5-15 Dec 25 [Interest-BKK]",55-64,male,18,24,1,,1,THB,3.43123371,,4.16666667,3.43123371,2025-12-01,2025-12-31
"3020 | BU DIA | Message | Happy Pearl Year-End Sale up to 70% | 22-31 Dec 25","Happy Pearl Year-End Sale up to 70% | 22-31 Dec 25","3020 | BU DIA | Message | Happy Pearl Year-End Sale up to 70% | 22-31 Dec 25 [Interest-BKK]",45-54,unknown,16,35,2,,4,THB,1.67522572,,11.42857143,3.35045144,2025-12-01,2025-12-31
"3020 | BU DIA | Engage | ฉลองวันสำคัญของคุณด้วย Wedding Package | 6-31 Dec 25","ฉลองวันสำคัญของคุณด้วย Wedding Package","3020 | BU DIA | Engage | ฉลองวันสำคัญของคุณด้วย Wedding Package | 6-31 Dec 25 [Interest-BKK]",35-44,unknown,30,60,6,,7,THB,0.55209921,,11.66666667,3.31259527,2025-12-01,2025-12-31
"3020 | BU DIA | Engage | Happy Pearl Year-End Sale up to 70% | 5-31 Dec 25","Happy Pearl Year-End Sale up to 70%","3020 | BU DIA | Engage | Happy Pearl Year-End Sale up to 70% | 5-31 Dec 25 [Interest-BKK]",65+,male,32,81,15,,18,THB,0.20808896,,22.22222222,3.12133435,2025-12-01,2025-12-31
"3020 | BU DIA | Message | Happy Pearl Year-End Sale up to 70% | 5-31 Dec 25","Happy Pearl Year-End Sale up to 70%","3020 | BU DIA | Message | Happy Pearl Year-End Sale up to 70% | 5-31 Dec 25 [Interest]",18-24,female,54,84,2,,5,THB,1.5312371,,5.95238095,3.0624742,2025-12-01,2025-12-31
"3020 | BU DIA | Message | 12.12 ลดไปเลย 50% | 11-15 Dec 25","12.12 ลดไปเลย 50% | 11-15 Dec 25","3020 | BU DIA | Message |12.12 ลดไปเลย 50% | 11-15 Dec 25 [Interest-BKK]",25-34,unknown,22,41,,,1,THB,,,2.43902439,2.86093513,2025-12-01,2025-12-31
"3020 | BU DIA | Engage | Celebrate this Sparkle season Sale up to 50% | 5-15 Dec 25","Celebrate this Sparkle season Sale up to 50%","3020 | BU DIA | Engage | Celebrate this Sparkle season Sale up to 50% | 5-15 Dec 25 [Interest-BKK]",35-44,unknown,46,82,11,,15,THB,0.25745134,,18.29268293,2.83196475,2025-12-01,2025-12-31
"3020 | BU DIA | Message | ฉลองวันเงินเดือนออก Pay Day | 23-31 Dec 25","ฉลองวันเงินเดือนออก Pay Day | 23-31 Dec 25","3020 | BU DIA | Message |  ฉลองวันเงินเดือนออก Pay Day | 23-31 Dec 25  [Interest]",35-44,unknown,19,40,3,,2,THB,0.92008398,,5,2.76025193,2025-12-01,2025-12-31
"3020 | BU DIA | Engage | Happy Pearl Year-End Sale up to 70% | 5-31 Dec 25","Happy Pearl Year-End Sale up to 70%","3020 | BU DIA | Engage | Happy Pearl Year-End Sale up to 70% | 5-31 Dec 25 [Interest]",45-54,male,58,84,8,,12,THB,0.33775455,,14.28571429,2.70203641,2025-12-01,2025-12-31
"3020 | BU DIA | Engage | Happy Pearl Year-End Sale up to 70% | 5-31 Dec 25","Happy Pearl Year-End Sale up to 70%","3020 | BU DIA | Engage | Happy Pearl Year-End Sale up to 70% | 5-31 Dec 25 [Interest-BKK]",35-44,unknown,40,73,7,,7,THB,0.38445006,,9.5890411,2.69115045,2025-12-01,2025-12-31
"3020 | BU DIA | Message | 12.12 ลดไปเลย 50% | 11-15 Dec 25","12.12 ลดไปเลย 50% | 11-15 Dec 25","3020 | BU DIA | Message |12.12 ลดไปเลย 50% | 11-15 Dec 25 [Interest-BKK]",65+,male,18,25,2,,2,THB,1.26041198,,8,2.52082396,2025-12-01,2025-12-31
"3020 | BU DIA | Message | ฉลองวันเงินเดือนออก Pay Day | 23-31 Dec 25","ฉลองวันเงินเดือนออก Pay Day | 23-31 Dec 25","3020 | BU DIA | Message |  ฉลองวันเงินเดือนออก Pay Day | 23-31 Dec 25  [Interest-BKK]",45-54,unknown,7,32,,,3,THB,,,9.375,2.47,2025-12-01,2025-12-31
"3020 | BU DIA | Engage | ฉลองวันสำคัญของคุณด้วย Wedding Package | 6-31 Dec 25","ฉลองวันสำคัญของคุณด้วย Wedding Package","3020 | BU DIA | Engage | ฉลองวันสำคัญของคุณด้วย Wedding Package | 6-31 Dec 25 [Interest-BKK]",25-34,unknown,25,34,4,,4,THB,0.6029724,,11.76470588,2.41188961,2025-12-01,2025-12-31
"3020 | BU DIA | Message | ฉลองวันเงินเดือนออก Pay Day | 23-31 Dec 25","ฉลองวันเงินเดือนออก Pay Day | 23-31 Dec 25","3020 | BU DIA | Message |  ฉลองวันเงินเดือนออก Pay Day | 23-31 Dec 25  [Interest-BKK]",35-44,unknown,15,30,3,,3,THB,0.80333333,,10,2.41,2025-12-01,2025-12-31
"3020 | BU DIA | Message | Celebrate this Sparkle season Sale up to 50% | 5-15 Dec 25","Celebrate this Sparkle season Sale up to 50%","3020 | BU DIA | Message | Celebrate this Sparkle season Sale up to 50% | 5-15 Dec 25 [Interest-BKK]",18-24,male,20,60,2,,2,THB,1.18542622,,3.33333333,2.37085245,2025-12-01,2025-12-31
"3020 | BU DIA | Message | Shine this Christmas with Aurora Diamond | 16-31 Dec 25","Shine this Christmas with Aurora Diamond","3020 | BU DIA | Message | Shine this Christmas with Aurora Diamond | 16-31 Dec 25  [Interest-BKK]",35-44,unknown,19,30,2,,3,THB,1.18072925,,10,2.36145849,2025-12-01,2025-12-31
"3020 | BU DIA | Engage | Celebrate this Sparkle season Sale up to 50% | 5-15 Dec 25","Celebrate this Sparkle season Sale up to 50%","3020 | BU DIA | Engage | Celebrate this Sparkle season Sale up to 50% | 5-15 Dec 25 [Interest]",35-44,unknown,49,76,7,,10,THB,0.33596508,,13.15789474,2.35175555,2025-12-01,2025-12-31
"3020 | BU DIA | Message | Celebrate this Sparkle season Sale up to 50% | 5-15 Dec 25","Celebrate this Sparkle season Sale up to 50%","3020 | BU DIA | Message | Celebrate this Sparkle season Sale up to 50% | 5-15 Dec 25 [Interest-BKK]",45-54,unknown,6,10,2,,1,THB,1.07038486,,10,2.14076972,2025-12-01,2025-12-31
"3020 | BU DIA | Message | Happy Pearl Year-End Sale up to 70% | 22-31 Dec 25","Happy Pearl Year-End Sale up to 70% | 22-31 Dec 25","3020 | BU DIA | Message | Happy Pearl Year-End Sale up to 70% | 22-31 Dec 25 [Interest]",18-24,female,42,69,,,0,THB,,,0,2.10045964,2025-12-01,2025-12-31
"3020 | BU DIA | Message | ฉลองวันเงินเดือนออก Pay Day | 23-31 Dec 25","ฉลองวันเงินเดือนออก Pay Day | 23-31 Dec 25","3020 | BU DIA | Message |  ฉลองวันเงินเดือนออก Pay Day | 23-31 Dec 25  [Interest]",18-24,unknown,2,4,,,0,THB,,,0,2.10019169,2025-12-01,2025-12-31
"3020 | BU DIA | Engage | Celebrate this Sparkle season Sale up to 50% | 5-15 Dec 25","Celebrate this Sparkle season Sale up to 50%","3020 | BU DIA | Engage | Celebrate this Sparkle season Sale up to 50% | 5-15 Dec 25 [Interest]",45-54,unknown,29,49,8,,11,THB,0.25393956,,22.44897959,2.0315165,2025-12-01,2025-12-31
"3020 | BU DIA | Message | Happy Pearl Year-End Sale up to 70% | 22-31 Dec 25","Happy Pearl Year-End Sale up to 70% | 22-31 Dec 25","3020 | BU DIA | Message | Happy Pearl Year-End Sale up to 70% | 22-31 Dec 25 [Interest]",55-64,male,10,35,1,,1,THB,2.00043776,,2.85714286,2.00043776,2025-12-01,2025-12-31
"3020 | BU DIA | Message | Shine this Christmas with Aurora Diamond | 16-31 Dec 25","Shine this Christmas with Aurora Diamond","3020 | BU DIA | Message | Shine this Christmas with Aurora Diamond | 16-31 Dec 25  [Interest]",35-44,unknown,6,10,1,,1,THB,1.97012496,,10,1.97012496,2025-12-01,2025-12-31
"3020 | BU DIA | Engage | Happy Pearl Year-End Sale up to 70% | 5-31 Dec 25","Happy Pearl Year-End Sale up to 70%","3020 | BU DIA | Engage | Happy Pearl Year-End Sale up to 70% | 5-31 Dec 25 [Interest-BKK]",25-34,unknown,30,57,6,,6,THB,0.3084652,,10.52631579,1.8507912,2025-12-01,2025-12-31
"3020 | BU DIA | Message | 12.12 ลดไปเลย 50% | 11-15 Dec 25","12.12 ลดไปเลย 50% | 11-15 Dec 25","3020 | BU DIA | Message | 12.12 ลดไปเลย 50% | 11-15 Dec 25 [Interest]",55-64,male,15,21,1,,2,THB,1.85040626,,9.52380952,1.85040626,2025-12-01,2025-12-31
"3020 | BU DIA | Engage | Celebrate this Sparkle season Sale up to 50% | 5-15 Dec 25","Celebrate this Sparkle season Sale up to 50%","3020 | BU DIA | Engage | Celebrate this Sparkle season Sale up to 50% | 5-15 Dec 25 [Interest-BKK]",25-34,unknown,35,53,7,,9,THB,0.26161007,,16.98113208,1.83127049,2025-12-01,2025-12-31
"3020 | BU DIA | Message | Celebrate this Sparkle season Sale up to 50% | 5-15 Dec 25","Celebrate this Sparkle season Sale up to 50%","3020 | BU DIA | Message | Celebrate this Sparkle season Sale up to 50% | 5-15 Dec 25 [Interest]",25-34,unknown,7,28,3,,3,THB,0.60417732,,10.71428571,1.81253195,2025-12-01,2025-12-31
"3020 | BU DIA | Engage | Shine this Christmas with Aurora Diamond | 16-31 Dec 25","Shine this Christmas with Aurora Diamond","3020 | BU DIA | Engage | Shine this Christmas with Aurora Diamond | 16-31 Dec 25  [Interest]",55-64,male,47,59,4,,5,THB,0.447691,,8.47457627,1.79076401,2025-12-01,2025-12-31
"3020 | BU DIA | Engage | Shine this Christmas with Aurora Diamond | 16-31 Dec 25","Shine this Christmas with Aurora Diamond","3020 | BU DIA | Engage | Shine this Christmas with Aurora Diamond | 16-31 Dec 25 [Interest-BKK]",25-34,unknown,44,71,4,,4,THB,0.4476774,,5.63380282,1.79070959,2025-12-01,2025-12-31
"3020 | BU DIA | Message | ฉลองวันเงินเดือนออก Pay Day | 23-31 Dec 25","ฉลองวันเงินเดือนออก Pay Day | 23-31 Dec 25","3020 | BU DIA | Message |  ฉลองวันเงินเดือนออก Pay Day | 23-31 Dec 25  [Interest-BKK]",65+,male,22,38,1,,1,THB,1.74,,2.63157895,1.74,2025-12-01,2025-12-31
"3020 | BU DIA | Engage | Happy Pearl Year-End Sale up to 70% | 5-31 Dec 25","Happy Pearl Year-End Sale up to 70%","3020 | BU DIA | Engage | Happy Pearl Year-End Sale up to 70% | 5-31 Dec 25 [Interest-BKK]",45-54,unknown,30,53,10,,9,THB,0.1700727,,16.98113208,1.70072705,2025-12-01,2025-12-31
"3020 | BU DIA | Message | Happy Pearl Year-End Sale up to 70% | 22-31 Dec 25","Happy Pearl Year-End Sale up to 70% | 22-31 Dec 25","3020 | BU DIA | Message | Happy Pearl Year-End Sale up to 70% | 22-31 Dec 25 [Interest-BKK]",35-44,unknown,20,37,,,2,THB,,,5.40540541,1.640221,2025-12-01,2025-12-31
"3020 | BU DIA | Message | 12.12 ลดไปเลย 50% | 11-15 Dec 25","12.12 ลดไปเลย 50% | 11-15 Dec 25","3020 | BU DIA | Message |12.12 ลดไปเลย 50% | 11-15 Dec 25 [Interest-BKK]",45-54,unknown,13,18,2,,2,THB,0.7902583,,11.11111111,1.58051661,2025-12-01,2025-12-31
"3020 | BU DIA | Message | Happy Pearl Year-End Sale up to 70% | 22-31 Dec 25","Happy Pearl Year-End Sale up to 70% | 22-31 Dec 25","3020 | BU DIA | Message | Happy Pearl Year-End Sale up to 70% | 22-31 Dec 25 [Interest-BKK]",65+,male,17,25,,,0,THB,,,0,1.56021022,2025-12-01,2025-12-31
"3020 | BU DIA | Engage | ฉลองวันสำคัญของคุณด้วย Wedding Package | 6-31 Dec 25","ฉลองวันสำคัญของคุณด้วย Wedding Package","3020 | BU DIA | Engage | ฉลองวันสำคัญของคุณด้วย Wedding Package | 6-31 Dec 25 [Interest]",18-24,unknown,32,44,3,,5,THB,0.50713727,,11.36363636,1.5214118,2025-12-01,2025-12-31
"3020 | BU DIA | Engage | Celebrate this Sparkle season Sale up to 50% | 5-15 Dec 25","Celebrate this Sparkle season Sale up to 50%","3020 | BU DIA | Engage | Celebrate this Sparkle season Sale up to 50% | 5-15 Dec 25 [Interest-BKK]",45-54,unknown,25,46,6,,7,THB,0.23349533,,15.2173913,1.40097196,2025-12-01,2025-12-31
"3020 | BU DIA | Message | Happy Pearl Year-End Sale up to 70% | 5-31 Dec 25","Happy Pearl Year-End Sale up to 70%","3020 | BU DIA | Message | Happy Pearl Year-End Sale up to 70% | 5-31 Dec 25 [Interest-BKK]",25-34,unknown,9,27,2,,2,THB,0.69525885,,7.40740741,1.3905177,2025-12-01,2025-12-31
"3020 | BU DIA | Engage | Celebrate this Sparkle season Sale up to 50% | 5-15 Dec 25","Celebrate this Sparkle season Sale up to 50%","3020 | BU DIA | Engage | Celebrate this Sparkle season Sale up to 50% | 5-15 Dec 25 [Interest]",25-34,unknown,26,43,2,,2,THB,0.66049305,,4.65116279,1.3209861,2025-12-01,2025-12-31
"3020 | BU DIA | Message | Celebrate this Sparkle season Sale up to 50% | 5-15 Dec 25","Celebrate this Sparkle season Sale up to 50%","3020 | BU DIA | Message | Celebrate this Sparkle season Sale up to 50% | 5-15 Dec 25 [Interest-BKK]",25-34,unknown,5,16,7,1,8,THB,0.18863925,1.32047478,50,1.32047478,2025-12-01,2025-12-31
"3020 | BU DIA | Engage | ฉลองวันสำคัญของคุณด้วย Wedding Package | 6-31 Dec 25","ฉลองวันสำคัญของคุณด้วย Wedding Package","3020 | BU DIA | Engage | ฉลองวันสำคัญของคุณด้วย Wedding Package | 6-31 Dec 25 [Interest]",35-44,unknown,17,25,6,,6,THB,0.20852684,,24,1.25116102,2025-12-01,2025-12-31
"3020 | BU DIA | Message | Celebrate this Sparkle season Sale up to 50% | 5-15 Dec 25","Celebrate this Sparkle season Sale up to 50%","3020 | BU DIA | Message | Celebrate this Sparkle season Sale up to 50% | 5-15 Dec 25 [Interest]",35-44,unknown,10,18,1,,1,THB,1.13158072,,5.55555556,1.13158072,2025-12-01,2025-12-31
"3020 | BU DIA | Message | Happy Pearl Year-End Sale up to 70% | 5-31 Dec 25","Happy Pearl Year-End Sale up to 70%","3020 | BU DIA | Message | Happy Pearl Year-End Sale up to 70% | 5-31 Dec 25 [Interest]",55-64,male,9,29,,,0,THB,,,0,1.10088942,2025-12-01,2025-12-31
"3020 | BU DIA | Message | Celebrate this Sparkle season Sale up to 50% | 5-15 Dec 25","Celebrate this Sparkle season Sale up to 50%","3020 | BU DIA | Message | Celebrate this Sparkle season Sale up to 50% | 5-15 Dec 25 [Interest]",55-64,male,13,17,,,0,THB,,,0,1.09152476,2025-12-01,2025-12-31
"3020 | BU DIA | Message | Celebrate this Sparkle season Sale up to 50% | 5-15 Dec 25","Celebrate this Sparkle season Sale up to 50%","3020 | BU DIA | Message | Celebrate this Sparkle season Sale up to 50% | 5-15 Dec 25 [Interest-BKK]",35-44,unknown,9,11,,,0,THB,,,0,1.08038846,2025-12-01,2025-12-31
"3020 | BU DIA | Engage | Shine this Christmas with Aurora Diamond | 16-31 Dec 25","Shine this Christmas with Aurora Diamond","3020 | BU DIA | Engage | Shine this Christmas with Aurora Diamond | 16-31 Dec 25  [Interest]",65+,male,26,38,6,,6,THB,0.17674207,,15.78947368,1.06045243,2025-12-01,2025-12-31
"3020 | BU DIA | Message | Celebrate this Sparkle season Sale up to 50% | 5-15 Dec 25","Celebrate this Sparkle season Sale up to 50%","3020 | BU DIA | Message | Celebrate this Sparkle season Sale up to 50% | 5-15 Dec 25 [Interest-BKK]",65+,male,11,15,1,,3,THB,1.04037407,,20,1.04037407,2025-12-01,2025-12-31
"3020 | BU DIA | Engage | Happy Pearl Year-End Sale up to 70% | 5-31 Dec 25","Happy Pearl Year-End Sale up to 70%","3020 | BU DIA | Engage | Happy Pearl Year-End Sale up to 70% | 5-31 Dec 25 [Interest]",55-64,male,23,27,2,,3,THB,0.51038465,,11.11111111,1.02076931,2025-12-01,2025-12-31
"3020 | BU DIA | Message | 12.12 ลดไปเลย 50% | 11-15 Dec 25","12.12 ลดไปเลย 50% | 11-15 Dec 25","3020 | BU DIA | Message | 12.12 ลดไปเลย 50% | 11-15 Dec 25 [Interest]",18-24,male,19,29,3,,2,THB,0.3367406,,6.89655172,1.0102218,2025-12-01,2025-12-31
"3020 | BU DIA | Message | Celebrate this Sparkle season Sale up to 50% | 5-15 Dec 25","Celebrate this Sparkle season Sale up to 50%","3020 | BU DIA | Message | Celebrate this Sparkle season Sale up to 50% | 5-15 Dec 25 [Interest]",65+,male,9,19,1,,2,THB,1.00139887,,10.52631579,1.00139887,2025-12-01,2025-12-31
"3020 | BU DIA | Engage | Shine this Christmas with Aurora Diamond | 16-31 Dec 25","Shine this Christmas with Aurora Diamond","3020 | BU DIA | Engage | Shine this Christmas with Aurora Diamond | 16-31 Dec 25  [Interest]",18-24,male,31,44,7,,9,THB,0.13577221,,20.45454545,0.95040548,2025-12-01,2025-12-31
"3020 | BU DIA | Message | ฉลองวันเงินเดือนออก Pay Day | 23-31 Dec 25","ฉลองวันเงินเดือนออก Pay Day | 23-31 Dec 25","3020 | BU DIA | Message |  ฉลองวันเงินเดือนออก Pay Day | 23-31 Dec 25  [Interest]",65+,male,22,37,,,0,THB,,,0,0.9400858,2025-12-01,2025-12-31
"3020 | BU DIA | Message | Shine this Christmas with Aurora Diamond | 16-31 Dec 25","Shine this Christmas with Aurora Diamond","3020 | BU DIA | Message | Shine this Christmas with Aurora Diamond | 16-31 Dec 25  [Interest]",55-64,male,7,14,,,0,THB,,,0,0.94005962,2025-12-01,2025-12-31
"3020 | BU DIA | Message | Shine this Christmas with Aurora Diamond | 16-31 Dec 25","Shine this Christmas with Aurora Diamond","3020 | BU DIA | Message | Shine this Christmas with Aurora Diamond | 16-31 Dec 25  [Interest-BKK]",65+,male,13,23,,,0,THB,,,0,0.92056856,2025-12-01,2025-12-31
"3020 | BU DIA | Message | ฉลองวันเงินเดือนออก Pay Day | 23-31 Dec 25","ฉลองวันเงินเดือนออก Pay Day | 23-31 Dec 25","3020 | BU DIA | Message |  ฉลองวันเงินเดือนออก Pay Day | 23-31 Dec 25  [Interest]",45-54,unknown,7,10,,,0,THB,,,0,0.92008398,2025-12-01,2025-12-31
"3020 | BU DIA | Engage | Shine this Christmas with Aurora Diamond | 16-31 Dec 25","Shine this Christmas with Aurora Diamond","3020 | BU DIA | Engage | Shine this Christmas with Aurora Diamond | 16-31 Dec 25  [Interest]",35-44,unknown,20,23,4,,4,THB,0.21008963,,17.39130435,0.84035853,2025-12-01,2025-12-31
"3020 | BU DIA | Engage | Shine this Christmas with Aurora Diamond | 16-31 Dec 25","Shine this Christmas with Aurora Diamond","3020 | BU DIA | Engage | Shine this Christmas with Aurora Diamond | 16-31 Dec 25 [Interest-BKK]",18-24,unknown,11,25,4,,4,THB,0.18257235,,16,0.73028939,2025-12-01,2025-12-31
"3020 | BU DIA | Message | Shine this Christmas with Aurora Diamond | 16-31 Dec 25","Shine this Christmas with Aurora Diamond","3020 | BU DIA | Message | Shine this Christmas with Aurora Diamond | 16-31 Dec 25  [Interest-BKK]",25-34,unknown,10,17,3,,3,THB,0.23681293,,17.64705882,0.71043878,2025-12-01,2025-12-31
"3020 | BU DIA | Message | Happy Pearl Year-End Sale up to 70% | 22-31 Dec 25","Happy Pearl Year-End Sale up to 70% | 22-31 Dec 25","3020 | BU DIA | Message | Happy Pearl Year-End Sale up to 70% | 22-31 Dec 25 [Interest]",35-44,unknown,6,8,,,0,THB,,,0,0.7101554,2025-12-01,2025-12-31
"3020 | BU DIA | Message | Happy Pearl Year-End Sale up to 70% | 22-31 Dec 25","Happy Pearl Year-End Sale up to 70% | 22-31 Dec 25","3020 | BU DIA | Message | Happy Pearl Year-End Sale up to 70% | 22-31 Dec 25 [Interest-BKK]",55-64,unknown,3,5,,,0,THB,,,0,0.69009298,2025-12-01,2025-12-31
"3020 | BU DIA | Engage | Happy Pearl Year-End Sale up to 70% | 5-31 Dec 25","Happy Pearl Year-End Sale up to 70%","3020 | BU DIA | Engage | Happy Pearl Year-End Sale up to 70% | 5-31 Dec 25 [Interest]",65+,male,16,20,1,,1,THB,0.66049779,,5,0.66049779,2025-12-01,2025-12-31
"3020 | BU DIA | Message | Happy Pearl Year-End Sale up to 70% | 22-31 Dec 25","Happy Pearl Year-End Sale up to 70% | 22-31 Dec 25","3020 | BU DIA | Message | Happy Pearl Year-End Sale up to 70% | 22-31 Dec 25 [Interest]",18-24,male,9,9,,,0,THB,,,0,0.61013352,2025-12-01,2025-12-31
"3020 | BU DIA | Message | Shine this Christmas with Aurora Diamond | 16-31 Dec 25","Shine this Christmas with Aurora Diamond","3020 | BU DIA | Message | Shine this Christmas with Aurora Diamond | 16-31 Dec 25  [Interest]",45-54,unknown,3,4,,,0,THB,,,0,0.58003679,2025-12-01,2025-12-31
"3020 | BU DIA | Message | Happy Pearl Year-End Sale up to 70% | 22-31 Dec 25","Happy Pearl Year-End Sale up to 70% | 22-31 Dec 25","3020 | BU DIA | Message | Happy Pearl Year-End Sale up to 70% | 22-31 Dec 25 [Interest]",45-54,unknown,3,4,,,0,THB,,,0,0.57012476,2025-12-01,2025-12-31
"3020 | BU DIA | Message | Celebrate this Sparkle season Sale up to 50% | 5-15 Dec 25","Celebrate this Sparkle season Sale up to 50%","3020 | BU DIA | Message | Celebrate this Sparkle season Sale up to 50% | 5-15 Dec 25 [Interest]",45-54,unknown,4,4,,,0,THB,,,0,0.5307414,2025-12-01,2025-12-31
"3020 | BU DIA | Engage | ฉลองวันสำคัญของคุณด้วย Wedding Package | 6-31 Dec 25","ฉลองวันสำคัญของคุณด้วย Wedding Package","3020 | BU DIA | Engage | ฉลองวันสำคัญของคุณด้วย Wedding Package | 6-31 Dec 25 [Interest]",45-54,unknown,5,11,4,,4,THB,0.13262307,,36.36363636,0.53049227,2025-12-01,2025-12-31
"3020 | BU DIA | Message | 12.12 ลดไปเลย 50% | 11-15 Dec 25","12.12 ลดไปเลย 50% | 11-15 Dec 25","3020 | BU DIA | Message | 12.12 ลดไปเลย 50% | 11-15 Dec 25 [Interest]",25-34,unknown,7,9,,,0,THB,,,0,0.52011419,2025-12-01,2025-12-31
"3020 | BU DIA | Message | 12.12 ลดไปเลย 50% | 11-15 Dec 25","12.12 ลดไปเลย 50% | 11-15 Dec 25","3020 | BU DIA | Message | 12.12 ลดไปเลย 50% | 11-15 Dec 25 [Interest]",65+,male,6,6,1,,1,THB,0.52011419,,16.66666667,0.52011419,2025-12-01,2025-12-31
"3020 | BU DIA | Message | Shine this Christmas with Aurora Diamond | 16-31 Dec 25","Shine this Christmas with Aurora Diamond","3020 | BU DIA | Message | Shine this Christmas with Aurora Diamond | 16-31 Dec 25  [Interest]",18-24,male,11,21,,,0,THB,,,0,0.52003298,2025-12-01,2025-12-31
"3020 | BU DIA | Engage | ฉลองวันสำคัญของคุณด้วย Wedding Package | 6-31 Dec 25","ฉลองวันสำคัญของคุณด้วย Wedding Package","3020 | BU DIA | Engage | ฉลองวันสำคัญของคุณด้วย Wedding Package | 6-31 Dec 25 [Interest-BKK]",18-24,unknown,10,13,1,,1,THB,0.51039988,,7.69230769,0.51039988,2025-12-01,2025-12-31
"3020 | BU DIA | Engage | Shine this Christmas with Aurora Diamond | 16-31 Dec 25","Shine this Christmas with Aurora Diamond","3020 | BU DIA | Engage | Shine this Christmas with Aurora Diamond | 16-31 Dec 25  [Interest]",45-54,unknown,8,18,1,,1,THB,0.50021341,,5.55555556,0.50021341,2025-12-01,2025-12-31
"3020 | BU DIA | Message | Happy Pearl Year-End Sale up to 70% | 22-31 Dec 25","Happy Pearl Year-End Sale up to 70% | 22-31 Dec 25","3020 | BU DIA | Message | Happy Pearl Year-End Sale up to 70% | 22-31 Dec 25 [Interest-BKK]",25-34,unknown,11,18,,,0,THB,,,0,0.49006603,2025-12-01,2025-12-31
"3020 | BU DIA | Message | Happy Pearl Year-End Sale up to 70% | 5-31 Dec 25","Happy Pearl Year-End Sale up to 70%","3020 | BU DIA | Message | Happy Pearl Year-End Sale up to 70% | 5-31 Dec 25 [Interest-BKK]",18-24,unknown,4,9,,,0,THB,,,0,0.47017505,2025-12-01,2025-12-31
"3020 | BU DIA | Engage | Celebrate this Sparkle season Sale up to 50% | 5-15 Dec 25","Celebrate this Sparkle season Sale up to 50%","3020 | BU DIA | Engage | Celebrate this Sparkle season Sale up to 50% | 5-15 Dec 25 [Interest]",55-64,unknown,8,13,,,0,THB,,,0,0.46034364,2025-12-01,2025-12-31
"3020 | BU DIA | Message | Happy Pearl Year-End Sale up to 70% | 5-31 Dec 25","Happy Pearl Year-End Sale up to 70%","3020 | BU DIA | Message | Happy Pearl Year-End Sale up to 70% | 5-31 Dec 25 [Interest-BKK]",55-64,unknown,1,4,,,0,THB,,,0,0.46017133,2025-12-01,2025-12-31
"3020 | BU DIA | Message | Shine this Christmas with Aurora Diamond | 16-31 Dec 25","Shine this Christmas with Aurora Diamond","3020 | BU DIA | Message | Shine this Christmas with Aurora Diamond | 16-31 Dec 25  [Interest]",25-34,unknown,3,12,1,,1,THB,0.46002918,,8.33333333,0.46002918,2025-12-01,2025-12-31
"3020 | BU DIA | Engage | Shine this Christmas with Aurora Diamond | 16-31 Dec 25","Shine this Christmas with Aurora Diamond","3020 | BU DIA | Engage | Shine this Christmas with Aurora Diamond | 16-31 Dec 25 [Interest-BKK]",55-64,unknown,10,15,2,,2,THB,0.21008325,,13.33333333,0.4201665,2025-12-01,2025-12-31
"3020 | BU DIA | Message | Happy Pearl Year-End Sale up to 70% | 22-31 Dec 25","Happy Pearl Year-End Sale up to 70% | 22-31 Dec 25","3020 | BU DIA | Message | Happy Pearl Year-End Sale up to 70% | 22-31 Dec 25 [Interest]",55-64,unknown,1,1,,,0,THB,,,0,0.42009193,2025-12-01,2025-12-31
"3020 | BU DIA | Message | Happy Pearl Year-End Sale up to 70% | 5-31 Dec 25","Happy Pearl Year-End Sale up to 70%","3020 | BU DIA | Message | Happy Pearl Year-End Sale up to 70% | 5-31 Dec 25 [Interest-BKK]",65+,male,8,10,1,,1,THB,0.37013781,,10,0.37013781,2025-12-01,2025-12-31
"3020 | BU DIA | Message | ฉลองวันเงินเดือนออก Pay Day | 23-31 Dec 25","ฉลองวันเงินเดือนออก Pay Day | 23-31 Dec 25","3020 | BU DIA | Message |  ฉลองวันเงินเดือนออก Pay Day | 23-31 Dec 25  [Interest]",25-34,unknown,7,15,,,0,THB,,,0,0.36003286,2025-12-01,2025-12-31
"3020 | BU DIA | Message | Happy Pearl Year-End Sale up to 70% | 22-31 Dec 25","Happy Pearl Year-End Sale up to 70% | 22-31 Dec 25","3020 | BU DIA | Message | Happy Pearl Year-End Sale up to 70% | 22-31 Dec 25 [Interest]",25-34,unknown,1,9,1,,3,THB,0.35007661,,33.33333333,0.35007661,2025-12-01,2025-12-31
"3020 | BU DIA | Engage | Celebrate this Sparkle season Sale up to 50% | 5-15 Dec 25","Celebrate this Sparkle season Sale up to 50%","3020 | BU DIA | Engage | Celebrate this Sparkle season Sale up to 50% | 5-15 Dec 25 [Interest]",18-24,unknown,7,12,1,,1,THB,0.34025399,,8.33333333,0.34025399,2025-12-01,2025-12-31
"3020 | BU DIA | Engage | Happy Pearl Year-End Sale up to 70% | 5-31 Dec 25","Happy Pearl Year-End Sale up to 70%","3020 | BU DIA | Engage | Happy Pearl Year-End Sale up to 70% | 5-31 Dec 25 [Interest]",18-24,male,10,14,2,,2,THB,0.16012068,,14.28571429,0.32024135,2025-12-01,2025-12-31
"3020 | BU DIA | Message | ฉลองวันเงินเดือนออก Pay Day | 23-31 Dec 25","ฉลองวันเงินเดือนออก Pay Day | 23-31 Dec 25","3020 | BU DIA | Message |  ฉลองวันเงินเดือนออก Pay Day | 23-31 Dec 25  [Interest-BKK]",55-64,unknown,1,2,1,,1,THB,0.3,,50,0.3,2025-12-01,2025-12-31
"3020 | BU DIA | Engage | Happy Pearl Year-End Sale up to 70% | 5-31 Dec 25","Happy Pearl Year-End Sale up to 70%","3020 | BU DIA | Engage | Happy Pearl Year-End Sale up to 70% | 5-31 Dec 25 [Interest]",45-54,unknown,7,11,1,,1,THB,0.28021118,,9.09090909,0.28021118,2025-12-01,2025-12-31
"3020 | BU DIA | Message | Happy Pearl Year-End Sale up to 70% | 5-31 Dec 25","Happy Pearl Year-End Sale up to 70%","3020 | BU DIA | Message | Happy Pearl Year-End Sale up to 70% | 5-31 Dec 25 [Interest]",35-44,unknown,5,8,,,0,THB,,,0,0.27021831,2025-12-01,2025-12-31
"3020 | BU DIA | Engage | Shine this Christmas with Aurora Diamond | 16-31 Dec 25","Shine this Christmas with Aurora Diamond","3020 | BU DIA | Engage | Shine this Christmas with Aurora Diamond | 16-31 Dec 25 [Interest-BKK]",65+,unknown,5,6,1,,3,THB,0.27010703,,50,0.27010703,2025-12-01,2025-12-31
"3020 | BU DIA | Engage | Celebrate this Sparkle season Sale up to 50% | 5-15 Dec 25","Celebrate this Sparkle season Sale up to 50%","3020 | BU DIA | Engage | Celebrate this Sparkle season Sale up to 50% | 5-15 Dec 25 [Interest-BKK]",18-24,unknown,6,12,,,1,THB,,,8.33333333,0.26018051,2025-12-01,2025-12-31
"3020 | BU DIA | Message | Happy Pearl Year-End Sale up to 70% | 5-31 Dec 25","Happy Pearl Year-End Sale up to 70%","3020 | BU DIA | Message | Happy Pearl Year-End Sale up to 70% | 5-31 Dec 25 [Interest]",18-24,male,5,6,1,,1,THB,0.24019405,,16.66666667,0.24019405,2025-12-01,2025-12-31
"3020 | BU DIA | Engage | Celebrate this Sparkle season Sale up to 50% | 5-15 Dec 25","Celebrate this Sparkle season Sale up to 50%","3020 | BU DIA | Engage | Celebrate this Sparkle season Sale up to 50% | 5-15 Dec 25 [Interest-BKK]",55-64,unknown,2,5,1,,1,THB,0.24016662,,20,0.24016662,2025-12-01,2025-12-31
"3020 | BU DIA | Message | Happy Pearl Year-End Sale up to 70% | 5-31 Dec 25","Happy Pearl Year-End Sale up to 70%","3020 | BU DIA | Message | Happy Pearl Year-End Sale up to 70% | 5-31 Dec 25 [Interest]",65+,male,2,3,,,0,THB,,,0,0.22017788,2025-12-01,2025-12-31
"3020 | BU DIA | Message | Shine this Christmas with Aurora Diamond | 16-31 Dec 25","Shine this Christmas with Aurora Diamond","3020 | BU DIA | Message | Shine this Christmas with Aurora Diamond | 16-31 Dec 25  [Interest-BKK]",18-24,unknown,2,4,,,0,THB,,,0,0.22013596,2025-12-01,2025-12-31
"3020 | BU DIA | Engage | Happy Pearl Year-End Sale up to 70% | 5-31 Dec 25","Happy Pearl Year-End Sale up to 70%","3020 | BU DIA | Engage | Happy Pearl Year-End Sale up to 70% | 5-31 Dec 25 [Interest-BKK]",18-24,unknown,4,7,,,0,THB,,,0,0.21008981,2025-12-01,2025-12-31
"3020 | BU DIA | Message | 12.12 ลดไปเลย 50% | 11-15 Dec 25","12.12 ลดไปเลย 50% | 11-15 Dec 25","3020 | BU DIA | Message |12.12 ลดไปเลย 50% | 11-15 Dec 25 [Interest-BKK]",18-24,unknown,1,2,,,0,THB,,,0,0.20006539,2025-12-01,2025-12-31
"3020 | BU DIA | Engage | Happy Pearl Year-End Sale up to 70% | 5-31 Dec 25","Happy Pearl Year-End Sale up to 70%","3020 | BU DIA | Engage | Happy Pearl Year-End Sale up to 70% | 5-31 Dec 25 [Interest]",35-44,unknown,7,8,,,0,THB,,,0,0.1901433,2025-12-01,2025-12-31
"3020 | BU DIA | Message | ฉลองวันเงินเดือนออก Pay Day | 23-31 Dec 25","ฉลองวันเงินเดือนออก Pay Day | 23-31 Dec 25","3020 | BU DIA | Message |  ฉลองวันเงินเดือนออก Pay Day | 23-31 Dec 25  [Interest-BKK]",25-34,unknown,7,7,1,,1,THB,0.19,,14.28571429,0.19,2025-12-01,2025-12-31
"3020 | BU DIA | Engage | Happy Pearl Year-End Sale up to 70% | 5-31 Dec 25","Happy Pearl Year-End Sale up to 70%","3020 | BU DIA | Engage | Happy Pearl Year-End Sale up to 70% | 5-31 Dec 25 [Interest-BKK]",55-64,unknown,4,5,4,,5,THB,0.04501925,,100,0.18007698,2025-12-01,2025-12-31
"3020 | BU DIA | Message | Celebrate this Sparkle season Sale up to 50% | 5-15 Dec 25","Celebrate this Sparkle season Sale up to 50%","3020 | BU DIA | Message | Celebrate this Sparkle season Sale up to 50% | 5-15 Dec 25 [Interest-BKK]",65+,unknown,1,1,,,0,THB,,,0,0.17006115,2025-12-01,2025-12-31
"3020 | BU DIA | Engage | Celebrate this Sparkle season Sale up to 50% | 5-15 Dec 25","Celebrate this Sparkle season Sale up to 50%","3020 | BU DIA | Engage | Celebrate this Sparkle season Sale up to 50% | 5-15 Dec 25 [Interest]",65+,unknown,4,4,,,0,THB,,,0,0.14010459,2025-12-01,2025-12-31
"3020 | BU DIA | Engage | Shine this Christmas with Aurora Diamond | 16-31 Dec 25","Shine this Christmas with Aurora Diamond","3020 | BU DIA | Engage | Shine this Christmas with Aurora Diamond | 16-31 Dec 25  [Interest]",25-34,unknown,7,7,,,0,THB,,,0,0.14005975,2025-12-01,2025-12-31
"3020 | BU DIA | Message | Happy Pearl Year-End Sale up to 70% | 22-31 Dec 25","Happy Pearl Year-End Sale up to 70% | 22-31 Dec 25","3020 | BU DIA | Message | Happy Pearl Year-End Sale up to 70% | 22-31 Dec 25 [Interest-BKK]",18-24,unknown,3,4,,,0,THB,,,0,0.14001887,2025-12-01,2025-12-31
"3020 | BU DIA | Engage | ฉลองวันสำคัญของคุณด้วย Wedding Package | 6-31 Dec 25","ฉลองวันสำคัญของคุณด้วย Wedding Package","3020 | BU DIA | Engage | ฉลองวันสำคัญของคุณด้วย Wedding Package | 6-31 Dec 25 [Interest]",65+,unknown,1,3,1,,3,THB,0.13012075,,100,0.13012075,2025-12-01,2025-12-31
"3020 | BU DIA | Message | Happy Pearl Year-End Sale up to 70% | 22-31 Dec 25","Happy Pearl Year-End Sale up to 70% | 22-31 Dec 25","3020 | BU DIA | Message | Happy Pearl Year-End Sale up to 70% | 22-31 Dec 25 [Interest]",65+,male,3,3,,,0,THB,,,0,0.12002627,2025-12-01,2025-12-31
"3020 | BU DIA | Engage | Happy Pearl Year-End Sale up to 70% | 5-31 Dec 25","Happy Pearl Year-End Sale up to 70%","3020 | BU DIA | Engage | Happy Pearl Year-End Sale up to 70% | 5-31 Dec 25 [Interest]",25-34,unknown,4,4,,,0,THB,,,0,0.11008296,2025-12-01,2025-12-31
"3020 | BU DIA | Message | Happy Pearl Year-End Sale up to 70% | 5-31 Dec 25","Happy Pearl Year-End Sale up to 70%","3020 | BU DIA | Message | Happy Pearl Year-End Sale up to 70% | 5-31 Dec 25 [Interest]",25-34,unknown,3,3,,,0,THB,,,0,0.09007277,2025-12-01,2025-12-31
"3020 | BU DIA | Message | 12.12 ลดไปเลย 50% | 11-15 Dec 25","12.12 ลดไปเลย 50% | 11-15 Dec 25","3020 | BU DIA | Message | 12.12 ลดไปเลย 50% | 11-15 Dec 25 [Interest]",35-44,unknown,3,3,,,0,THB,,,0,0.08001757,2025-12-01,2025-12-31
"3020 | BU DIA | Message | Celebrate this Sparkle season Sale up to 50% | 5-15 Dec 25","Celebrate this Sparkle season Sale up to 50%","3020 | BU DIA | Message | Celebrate this Sparkle season Sale up to 50% | 5-15 Dec 25 [Interest]",55-64,unknown,1,1,1,,2,THB,0.07009792,,200,0.07009792,2025-12-01,2025-12-31
"3020 | BU DIA | Engage | Celebrate this Sparkle season Sale up to 50% | 5-15 Dec 25","Celebrate this Sparkle season Sale up to 50%","3020 | BU DIA | Engage | Celebrate this Sparkle season Sale up to 50% | 5-15 Dec 25 [Interest-BKK]",65+,unknown,3,3,,,0,THB,,,0,0.0700486,2025-12-01,2025-12-31
"3020 | BU DIA | Message | 12.12 ลดไปเลย 50% | 11-15 Dec 25","12.12 ลดไปเลย 50% | 11-15 Dec 25","3020 | BU DIA | Message | 12.12 ลดไปเลย 50% | 11-15 Dec 25 [Interest]",18-24,unknown,1,1,,,0,THB,,,0,0.07001537,2025-12-01,2025-12-31
"3020 | BU DIA | Message | Shine this Christmas with Aurora Diamond | 16-31 Dec 25","Shine this Christmas with Aurora Diamond","3020 | BU DIA | Message | Shine this Christmas with Aurora Diamond | 16-31 Dec 25  [Interest-BKK]",55-64,unknown,1,1,,,0,THB,,,0,0.06003708,2025-12-01,2025-12-31
"3020 | BU DIA | Engage | ฉลองวันสำคัญของคุณด้วย Wedding Package | 6-31 Dec 25","ฉลองวันสำคัญของคุณด้วย Wedding Package","3020 | BU DIA | Engage | ฉลองวันสำคัญของคุณด้วย Wedding Package | 6-31 Dec 25 [Interest-BKK]",45-54,unknown,2,2,,,0,THB,,,0,0.0500392,2025-12-01,2025-12-31
"3020 | BU DIA | Engage | ฉลองวันสำคัญของคุณด้วย Wedding Package | 6-31 Dec 25","ฉลองวันสำคัญของคุณด้วย Wedding Package","3020 | BU DIA | Engage | ฉลองวันสำคัญของคุณด้วย Wedding Package | 6-31 Dec 25 [Interest-BKK]",65+,unknown,1,1,,,0,THB,,,0,0.0500392,2025-12-01,2025-12-31
"3020 | BU DIA | Message | Happy Pearl Year-End Sale up to 70% | 5-31 Dec 25","Happy Pearl Year-End Sale up to 70%","3020 | BU DIA | Message | Happy Pearl Year-End Sale up to 70% | 5-31 Dec 25 [Interest]",18-24,unknown,1,1,,,0,THB,,,0,0.04003234,2025-12-01,2025-12-31
"3020 | BU DIA | Message | Happy Pearl Year-End Sale up to 70% | 5-31 Dec 25","Happy Pearl Year-End Sale up to 70%","3020 | BU DIA | Message | Happy Pearl Year-End Sale up to 70% | 5-31 Dec 25 [Interest]",45-54,unknown,1,1,,,0,THB,,,0,0.04003234,2025-12-01,2025-12-31
"3020 | BU DIA | Message | Celebrate this Sparkle season Sale up to 50% | 5-15 Dec 25","Celebrate this Sparkle season Sale up to 50%","3020 | BU DIA | Message | Celebrate this Sparkle season Sale up to 50% | 5-15 Dec 25 [Interest-BKK]",55-64,unknown,1,1,,,0,THB,,,0,0.04001439,2025-12-01,2025-12-31
"3020 | BU DIA | Message | Shine this Christmas with Aurora Diamond | 16-31 Dec 25","Shine this Christmas with Aurora Diamond","3020 | BU DIA | Message | Shine this Christmas with Aurora Diamond | 16-31 Dec 25  [Interest]",65+,male,2,2,,,0,THB,,,0,0.04000254,2025-12-01,2025-12-31
"3020 | BU DIA | Engage | ฉลองวันสำคัญของคุณด้วย Wedding Package | 6-31 Dec 25","ฉลองวันสำคัญของคุณด้วย Wedding Package","3020 | BU DIA | Engage | ฉลองวันสำคัญของคุณด้วย Wedding Package | 6-31 Dec 25 [Interest-BKK]",55-64,unknown,1,1,1,,1,THB,0.03002352,,100,0.03002352,2025-12-01,2025-12-31
"3020 | BU DIA | Engage | Shine this Christmas with Aurora Diamond | 16-31 Dec 25","Shine this Christmas with Aurora Diamond","3020 | BU DIA | Engage | Shine this Christmas with Aurora Diamond | 16-31 Dec 25  [Interest]",55-64,unknown,1,1,,,0,THB,,,0,0.0300128,2025-12-01,2025-12-31
"3020 | BU DIA | Engage | Shine this Christmas with Aurora Diamond | 16-31 Dec 25","Shine this Christmas with Aurora Diamond","3020 | BU DIA | Engage | Shine this Christmas with Aurora Diamond | 16-31 Dec 25  [Interest]",65+,unknown,1,1,,,0,THB,,,0,0.0300128,2025-12-01,2025-12-31
"3020 | BU DIA | Message | Happy Pearl Year-End Sale up to 70% | 5-31 Dec 25","Happy Pearl Year-End Sale up to 70%","3020 | BU DIA | Message | Happy Pearl Year-End Sale up to 70% | 5-31 Dec 25 [Interest-BKK]",65+,unknown,1,1,1,,1,THB,0.03001117,,100,0.03001117,2025-12-01,2025-12-31
"3020 | BU DIA | Message | 12.12 ลดไปเลย 50% | 11-15 Dec 25","12.12 ลดไปเลย 50% | 11-15 Dec 25","3020 | BU DIA | Message | 12.12 ลดไปเลย 50% | 11-15 Dec 25 [Interest]",45-54,unknown,1,1,,,0,THB,,,0,0.03000659,2025-12-01,2025-12-31
"3020 | BU DIA | Engage | ฉลองวันสำคัญของคุณด้วย Wedding Package | 6-31 Dec 25","ฉลองวันสำคัญของคุณด้วย Wedding Package","3020 | BU DIA | Engage | ฉลองวันสำคัญของคุณด้วย Wedding Package | 6-31 Dec 25 [Interest]",55-64,unknown,1,1,,,0,THB,,,0,0.02001858,2025-12-01,2025-12-31
"3020 | BU DIA | Engage | Happy Pearl Year-End Sale up to 70% | 5-31 Dec 25","Happy Pearl Year-End Sale up to 70%","3020 | BU DIA | Engage | Happy Pearl Year-End Sale up to 70% | 5-31 Dec 25 [Interest]",18-24,unknown,1,1,,,0,THB,,,0,0.02001508,2025-12-01,2025-12-31
"3020 | BU DIA | Engage | Shine this Christmas with Aurora Diamond | 16-31 Dec 25","Shine this Christmas with Aurora Diamond","3020 | BU DIA | Engage | Shine this Christmas with Aurora Diamond | 16-31 Dec 25  [Interest]",18-24,unknown,1,1,,,0,THB,,,0,0.02000854,2025-12-01,2025-12-31
"3020 | BU DIA | Message | ฉลองวันเงินเดือนออก Pay Day | 23-31 Dec 25","ฉลองวันเงินเดือนออก Pay Day | 23-31 Dec 25","3020 | BU DIA | Message |  ฉลองวันเงินเดือนออก Pay Day | 23-31 Dec 25  [Interest]",55-64,unknown,1,1,,,0,THB,,,0,0.02000183,2025-12-01,2025-12-31
"3020 | BU DIA | Engage | Happy Pearl Year-End Sale up to 70% | 5-31 Dec 25","Happy Pearl Year-End Sale up to 70%","3020 | BU DIA | Engage | Happy Pearl Year-End Sale up to 70% | 5-31 Dec 25 [Interest-BKK]",65+,unknown,1,1,,,0,THB,,,0,0.01000428,2025-12-01,2025-12-31
"3020 | BU DIA | Message | Shine this Christmas with Aurora Diamond | 16-31 Dec 25","Shine this Christmas with Aurora Diamond","3020 | BU DIA | Message | Shine this Christmas with Aurora Diamond | 16-31 Dec 25  [Interest]",55-64,unknown,1,1,,,0,THB,,,0,0.01000063,2025-12-01,2025-12-31
"3020 | BU DIA | Message | ฉลองวันเงินเดือนออก Pay Day | 23-31 Dec 25","ฉลองวันเงินเดือนออก Pay Day | 23-31 Dec 25","3020 | BU DIA | Message |  ฉลองวันเงินเดือนออก Pay Day | 23-31 Dec 25  [Interest-BKK]",18-24,unknown,1,1,,,0,THB,,,0,0,2025-12-01,2025-12-31
"3020 | BU DIA | Message | Wedding Package sale up to 60% off | 2-30 Nov 25","Wedding Package sale up to 60% off","3020 | BU DIA | Message |Wedding Package sale up to 60% off | 2-30 Nov 25 [Retargeting]",25-34,female,0,0,,2,0,THB,,0,0,0,2025-12-01,2025-12-31
"3020 | BU DIA | Engage | Wedding Package sale up to 60% off | 2-30 Nov 25","Wedding Package sale up to 60% off","3020 | BU DIA | Engage |Wedding Package sale up to 60% off | 2-30 Nov 25 [Retargeting]",25-34,female,0,0,,1,0,THB,,0,0,0,2025-12-01,2025-12-31
"3020 | BU DIA | Engage  | One Price ราคาเดียว 13,900.- | 4-30 Nov 25","One Price ราคาเดียว 13,900.-","3020 | BU DIA | Engage  | One Price ราคาเดียว 13,900.- |  4-30 Nov 25 [Interest]",25-34,female,0,0,,1,0,THB,,0,0,0,2025-12-01,2025-12-31
"3020 | BU DIA | Engage  | New Arrival Infinite Love Collection | 6-30 Nov 25","New Arrival Infinite Love Collection","3020 | BU DIA | Engage  | New Arrival Infinite Love Collection | 6-30 Nov 25 [Interest]",25-34,female,0,0,,1,0,THB,,0,0,0,2025-12-01,2025-12-31
"3020 | BU DIA | Message | จัดตามงบ ได้ครบตามใจ Sale up to 50% off | 16-30 Nov 25 - Copy","จัดตามงบ ได้ครบตามใจ Sale up to 50% off","3020 | BU DIA | Message  | จัดตามงบ ได้ครบตามใจ Sale up to 50% off | 16-30 Nov 25 [Retargeting]",25-34,female,0,0,,1,0,THB,,0,0,0,2025-12-01,2025-12-31
"3020 | BU DIA | Message | จัดตามงบ ได้ครบตามใจ Sale up to 50% off | 16-30 Nov 25 - Copy","จัดตามงบ ได้ครบตามใจ Sale up to 50% off","3020 | BU DIA | Message  | จัดตามงบ ได้ครบตามใจ Sale up to 50% off | 16-30 Nov 25 [Interest]",25-34,female,0,0,,2,0,THB,,0,0,0,2025-12-01,2025-12-31
"3020 | BU DIA | Engage | Wedding Package sale up to 60% off | 2-30 Nov 25","Wedding Package sale up to 60% off","3020 | BU DIA | Engage |Wedding Package sale up to 60% off | 2-30 Nov 25 [Retargeting]",25-34,male,0,0,,1,0,THB,,0,0,0,2025-12-01,2025-12-31
"3020 | BU DIA | Message | One Price ราคาเดียว 13,900.- | 4-30 Nov 25","One Price ราคาเดียว 13,900.-","3020 | BU DIA | Message | One Price ราคาเดียว 13,900.- | 4-30 Nov 25 [Interest]",35-44,female,0,0,,1,0,THB,,0,0,0,2025-12-01,2025-12-31
"3020 | BU DIA | Engage | NEW ARRIVAL แหวนเพชร Simplify Collection | 3-30 Nov 25","NEW ARRIVAL แหวนเพชร Simplify Collection","3020 | BU DIA | Engage  | NEW ARRIVAL แหวนเพชร Simplify Collection | 3-30 Nov 25 [Retargeting]",35-44,female,0,0,,1,0,THB,,0,0,0,2025-12-01,2025-12-31
"3020 | BU DIA | Message | จัดตามงบ ได้ครบตามใจ Sale up to 50% off | 16-30 Nov 25 - Copy","จัดตามงบ ได้ครบตามใจ Sale up to 50% off","3020 | BU DIA | Message  | จัดตามงบ ได้ครบตามใจ Sale up to 50% off | 16-30 Nov 25 [Retargeting]",35-44,female,0,0,,2,0,THB,,0,0,0,2025-12-01,2025-12-31
"3020 | BU DIA | Message | จัดตามงบ ได้ครบตามใจ Sale up to 50% off | 16-30 Nov 25 - Copy","จัดตามงบ ได้ครบตามใจ Sale up to 50% off","3020 | BU DIA | Message  | จัดตามงบ ได้ครบตามใจ Sale up to 50% off | 16-30 Nov 25 [Interest]",35-44,female,0,0,,1,0,THB,,0,0,0,2025-12-01,2025-12-31
"3020 | BU DIA | Message | จัดตามงบ ได้ครบตามใจ Sale up to 50% off | 16-30 Nov 25 - Copy","จัดตามงบ ได้ครบตามใจ Sale up to 50% off","3020 | BU DIA | Message  | จัดตามงบ ได้ครบตามใจ Sale up to 50% off | 16-30 Nov 25 [Retargeting]",45-54,female,0,0,,1,0,THB,,0,0,0,2025-12-01,2025-12-31
