"Campaign name","Ad name","Ad set name",Age,Gender,Reach,Impressions,"Post engagements","Messaging conversations started","Clicks (all)",Currency,"Cost per post engagement","Cost per messaging conversation started","CTR (all)","Amount spent (THB)","Reporting starts","Reporting ends"
"3020 | BU DIA | Message | Grand Sale up to 70% off | 13-30 Sep 68","3020 | BU DIA | Message | Grand Sale up to 70% off | 13-30 Sep 68","3020 | DIA | Message | Grand Sale up to 70% off | 13-30 Sep 68 [Retargeting]",25-34,female,7962,35366,1727,39,2420,THB,1.7703774,78.39594302,6.84273031,3057.44177781,2025-09-01,2025-09-30
"3020 | BU DIA | Message | Grand Sale up to 70% off | 13-30 Sep 68","3020 | BU DIA | Message | Grand Sale up to 70% off | 13-30 Sep 68","3020 | DIA | Message | Grand Sale up to 70% off | 13-30 Sep 68 [Retargeting]",35-44,female,5094,23677,1667,23,2189,THB,1.49567366,108.40382539,9.24525911,2493.28798393,2025-09-01,2025-09-30
"3020 | BU DIA | Message | Grand Sale up to 70% off | 20-30 Sep 68","3020 | BU DIA | Message | Grand Sale up to 70% off | 20-30 Sep 68","3020 | DIA | Message | Grand Sale up to 70% off | 20-30 Sep 68 [Retargeting]",35-44,female,3779,15086,1034,18,954,THB,1.52705975,87.72109896,6.32374387,1578.97978119,2025-09-01,2025-09-30
"3020 | BU DIA | Engage | Grand Sale up to 70% off | 13-30 Sep 68","3020 | BU DIA | Engage | Grand Sale up to 70% off | 13-30 Sep 68","3020 | DIA | Engage | Grand Sale up to 70% off | 13-30 Sep 68 [Retargeting]",25-34,female,17181,40497,3949,3,4757,THB,0.36477049,480.15955435,11.74654913,1440.47866305,2025-09-01,2025-09-30
"3020 | BU DIA | Message | September Mega Sale up to 60% off | 1-12 Sep 68","3020 | BU DIA | Message | September Mega Sale up to 60% off | 1-12 Sep 68","3020 | DIA | Message | September Mega Sale up to 60% off | 1-12 Sep 68",35-44,female,3593,15440,1265,32,1330,THB,0.9530803,37.67645546,8.61398964,1205.64657458,2025-09-01,2025-09-30
"3020 | BU DIA | Message | Everyday Pearls sale up to 50% off | 1-30 Sep 68","3020 | BU DIA | Message | Everyday Pearls sale up to 50% off | 1-30 Sep 68","3020 | DIA | Message | Everyday Pearls sale up to 50% off | 1-30 Sep 68",35-44,female,6411,21122,1874,77,2532,THB,0.63723197,15.50873663,11.98750118,1194.1727208,2025-09-01,2025-09-30
"3020 | BU DIA | Engage | Grand Sale up to 70% off | 13-30 Sep 68","3020 | BU DIA | Engage | Grand Sale up to 70% off | 13-30 Sep 68","3020 | DIA | Engage | Grand Sale up to 70% off | 13-30 Sep 68 [Retargeting]",35-44,female,13046,31258,3248,6,3820,THB,0.36162986,195.76229945,12.22087146,1174.57379669,2025-09-01,2025-09-30
"3020 | BU DIA | Message | Grand Sale up to 70% off | 20-30 Sep 68","3020 | BU DIA | Message | Grand Sale up to 70% off | 20-30 Sep 68","3020 | DIA | Message | Grand Sale up to 70% off | 20-30 Sep 68 [Retargeting]",25-34,female,3510,13854,641,8,689,THB,1.79214246,143.59541496,4.97329291,1148.76331971,2025-09-01,2025-09-30
"3020 | BU DIA | Message | September Mega Sale up to 60% off | 1-12 Sep 68","3020 | BU DIA | Message | September Mega Sale up to 60% off | 1-12 Sep 68","3020 | DIA | Message | September Mega Sale up to 60% off | 1-12 Sep 68",25-34,female,3490,14012,721,26,873,THB,1.40495747,38.96055144,6.23037397,1012.97433733,2025-09-01,2025-09-30
"3020 | BU DIA | Message | Everyday Pearls sale up to 50% off | 1-30 Sep 68","3020 | BU DIA | Message | Everyday Pearls sale up to 50% off | 1-30 Sep 68","3020 | DIA | Message | Everyday Pearls sale up to 50% off | 1-30 Sep 68",25-34,female,7023,21150,1469,52,2141,THB,0.68345953,19.30773175,10.12293144,1004.00205097,2025-09-01,2025-09-30
"3020 | BU DIA | Message | September Big Deal sale up 50% off | 13-30 Sep 68","3020 | BU DIA | Message | September Big Deal sale up 50% off | 13-30 Sep 68","3020 | DIA | Message | September Big Deal sale up 50% off | 13-30 Sep 68 [Retargeting]",35-44,female,3545,11316,877,29,1227,THB,1.12170479,33.92189993,10.84305408,983.73509798,2025-09-01,2025-09-30
"3020 | BU DIA | Engage | Grand Sale up to 70% off | 20-30 Sep 68","3020 | BU DIA | Engage | Grand Sale up to 70% off | 20-30 Sep 68","3020 | DIA | Engage | Grand Sale up to 70% off | 20-30 Sep 68 [Retargeting]",35-44,female,11703,26582,2560,5,2916,THB,0.37282969,190.88880055,10.96982921,954.44400275,2025-09-01,2025-09-30
"3020 | BU DIA | Engage | September Mega Sale up to 60% off | 1-12 Sep 68","3020 | BU DIA | Engage | September Mega Sale up to 60% off | 1-12 Sep 68","3020 | DIA | Engage | September Mega Sale up to 60% off | 1-12 Sep 68",35-44,female,10003,28060,2949,7,3666,THB,0.27357164,115.25182539,13.06486101,806.76277772,2025-09-01,2025-09-30
"3020 | BU DIA | Engage | Everyday Pearls sale up to 50% off | 1-30 Sep 68","3020 | BU DIA | Engage | Everyday Pearls sale up to 50% off | 1-30 Sep 68","3020 | DIA | Engage | Everyday Pearls sale up to 50% off | 1-30 Sep 68",25-34,female,13676,30317,3643,22,4737,THB,0.21285088,35.24617002,15.62489692,775.41574039,2025-09-01,2025-09-30
"3020 | BU DIA | Message | September Big Deal sale up 50% off | 13-30 Sep 68","3020 | BU DIA | Message | September Big Deal sale up 50% off | 13-30 Sep 68","3020 | DIA | Message | September Big Deal sale up 50% off | 13-30 Sep 68 [Retargeting]",25-34,female,3413,10555,588,20,853,THB,1.276702,37.53503888,8.08147797,750.70077761,2025-09-01,2025-09-30
"3020 | BU DIA | Message | Grand Sale up to 70% off | 13-30 Sep 68","3020 | BU DIA | Message | Grand Sale up to 70% off | 13-30 Sep 68","3020 | DIA | Message | Grand Sale up to 70% off | 13-30 Sep 68 [Retargeting]",45-54,female,1169,4876,463,4,598,THB,1.58000303,182.8853505,12.26415094,731.54140201,2025-09-01,2025-09-30
"3020 | BU DIA | Engage | Everyday Pearls sale up to 50% off | 1-30 Sep 68","3020 | BU DIA | Engage | Everyday Pearls sale up to 50% off | 1-30 Sep 68","3020 | DIA | Engage | Everyday Pearls sale up to 50% off | 1-30 Sep 68",35-44,female,11391,26937,3603,21,4555,THB,0.19952297,34.23244068,16.90982663,718.88125429,2025-09-01,2025-09-30
"3020 | BU DIA | Engage | September Big Deal sale up 50% off | 13-30 Sep 68","3020 | BU DIA | Engage | September Big Deal sale up 50% off | 13-30 Sep 68","3020 | DIA | Engage | September Big Deal sale up 50% off | 13-30 Sep 68 [Retargeting]",35-44,female,10429,21518,2264,11,2806,THB,0.29702656,61.1334657,13.04024538,672.46812274,2025-09-01,2025-09-30
"3020 | BU DIA | Engage | Grand Sale up to 70% off | 20-30 Sep 68","3020 | BU DIA | Engage | Grand Sale up to 70% off | 20-30 Sep 68","3020 | DIA | Engage | Grand Sale up to 70% off | 20-30 Sep 68 [Retargeting]",45-54,female,7045,16154,1900,2,2183,THB,0.34704571,329.69342617,13.51368082,659.38685235,2025-09-01,2025-09-30
"3020 | BU DIA | Message | Grand Sale up to 70% off | 20-30 Sep 68","3020 | BU DIA | Message | Grand Sale up to 70% off | 20-30 Sep 68","3020 | DIA | Message | Grand Sale up to 70% off | 20-30 Sep 68 [Retargeting]",45-54,female,1438,4940,566,9,523,THB,1.09809848,69.0581933,10.58704453,621.5237397,2025-09-01,2025-09-30
"3020 | BU DIA | Engage | Grand Sale up to 70% off | 20-30 Sep 68","3020 | BU DIA | Engage | Grand Sale up to 70% off | 20-30 Sep 68","3020 | DIA | Engage | Grand Sale up to 70% off | 20-30 Sep 68 [Retargeting]",25-34,female,7309,16078,1403,,1631,THB,0.38854388,,10.14429655,545.12706883,2025-09-01,2025-09-30
"3020 | BU DIA | Engage | Grand Sale up to 70% off | 25-30 Sep 68","3020 | BU DIA | Engage | Grand Sale up to 70% off | 25-30 Sep","3020 | DIA | Engage | Grand Sale up to 70% off | 25-30 Sep [Retargeting]",35-44,female,6946,12690,1041,1,1115,THB,0.47894899,498.58590118,8.78644602,498.58590118,2025-09-01,2025-09-30
"3020 | BU DIA | Message | Everyday Pearls sale up to 50% off | 1-30 Sep 68","3020 | BU DIA | Message | Everyday Pearls sale up to 50% off | 1-30 Sep 68","3020 | DIA | Message | Everyday Pearls sale up to 50% off | 1-30 Sep 68",45-54,female,2136,6678,754,25,972,THB,0.63351338,19.10676353,14.55525606,477.66908832,2025-09-01,2025-09-30
"3020 | BU DIA | Message | Grand Sale up to 70% off | 20-30 Sep 68","3020 | BU DIA | Message | Grand Sale up to 70% off | 20-30 Sep 68","3020 | DIA | Message | Grand Sale up to 70% off | 20-30 Sep 68 [Interest]",35-44,female,2171,6074,309,4,398,THB,1.54329114,119.2192407,6.55251893,476.87696281,2025-09-01,2025-09-30
"3020 | BU DIA | Engage | September Mega Sale up to 60% off | 1-12 Sep 68","3020 | BU DIA | Engage | September Mega Sale up to 60% off | 1-12 Sep 68","3020 | DIA | Engage | September Mega Sale up to 60% off | 1-12 Sep 68",45-54,female,5276,14303,1624,2,1976,THB,0.2902181,235.65710057,13.81528351,471.31420113,2025-09-01,2025-09-30
"3020 | BU DIA | Message | September Mega Sale up to 60% off | 1-12 Sep 68","3020 | BU DIA | Message | September Mega Sale up to 60% off | 1-12 Sep 68","3020 | DIA | Message | September Mega Sale up to 60% off | 1-12 Sep 68",45-54,female,1240,4725,571,15,530,THB,0.80563786,30.66794782,11.21693122,460.01921733,2025-09-01,2025-09-30
"3020 | BU DIA | Engage | September Mega Sale up to 60% off | 1-12 Sep 68","3020 | BU DIA | Engage | September Mega Sale up to 60% off | 1-12 Sep 68","3020 | DIA | Engage | September Mega Sale up to 60% off | 1-12 Sep 68",25-34,female,6569,15724,1457,3,1911,THB,0.29891564,145.1733616,12.15339608,435.52008481,2025-09-01,2025-09-30
"3020 | BU DIA | Engage | September Big Deal sale up 50% off | 13-30 Sep 68","3020 | BU DIA | Engage | September Big Deal sale up 50% off | 13-30 Sep 68","3020 | DIA | Engage | September Big Deal sale up 50% off | 13-30 Sep 68 [Retargeting]",25-34,female,7237,14470,1291,4,1639,THB,0.3281932,105.92435544,11.32688321,423.69742176,2025-09-01,2025-09-30
"3020 | BU DIA | Engage | Grand Sale up to 70% off | 13-30 Sep 68","3020 | BU DIA | Engage | Grand Sale up to 70% off | 13-30 Sep 68","3020 | DIA | Engage | Grand Sale up to 70% off | 13-30 Sep 68 [Retargeting]",45-54,female,3855,9379,1266,2,1481,THB,0.32576281,206.20786053,15.79059601,412.41572106,2025-09-01,2025-09-30
"3020 | BU DIA | Engage | Grand Sale up to 70% off | 25-30 Sep 68","3020 | BU DIA | Engage | Grand Sale up to 70% off | 25-30 Sep","3020 | DIA | Engage | Grand Sale up to 70% off | 25-30 Sep 68 [Interest]",45-54,female,8938,12498,883,2,1026,THB,0.4236786,187.05410397,8.20931349,374.10820793,2025-09-01,2025-09-30
"3020 | BU DIA | Engage | September Big Deal sale up 50% off | 13-30 Sep 68","3020 | BU DIA | Engage | September Big Deal sale up 50% off | 13-30 Sep 68","3020 | DIA | Engage | September Big Deal sale up 50% off | 13-30 Sep 68 [Retargeting]",45-54,female,5305,10778,1328,5,1604,THB,0.28097222,74.62622151,14.88216738,373.13110754,2025-09-01,2025-09-30
"3020 | BU DIA | Engage | Grand Sale up to 70% off | 25-30 Sep 68","3020 | BU DIA | Engage | Grand Sale up to 70% off | 25-30 Sep","3020 | DIA | Engage | Grand Sale up to 70% off | 25-30 Sep [Retargeting]",45-54,female,5776,9393,756,1,833,THB,0.48575873,367.23360318,8.86830619,367.23360318,2025-09-01,2025-09-30
"3020 | BU DIA | Engage | Grand Sale up to 70% off | 25-30 Sep 68","3020 | BU DIA | Engage | Grand Sale up to 70% off | 25-30 Sep","3020 | DIA | Engage | Grand Sale up to 70% off | 25-30 Sep [Retargeting]",25-34,female,4081,7076,571,,578,THB,0.60663341,,8.16845676,346.38767516,2025-09-01,2025-09-30
"3020 | BU DIA | Message | Grand Sale up to 70% off | 13-30 Sep 68","3020 | BU DIA | Message | Grand Sale up to 70% off | 13-30 Sep 68","3020 | DIA | Message | Grand Sale up to 70% off | 13-30 Sep 68 [Interest]",25-34,female,1742,3950,164,3,246,THB,2.10785049,115.22915999,6.2278481,345.68747996,2025-09-01,2025-09-30
"3020 | BU DIA | Message | Grand Sale up to 70% off | 20-30 Sep 68","3020 | BU DIA | Message | Grand Sale up to 70% off | 20-30 Sep 68","3020 | DIA | Message | Grand Sale up to 70% off | 20-30 Sep 68 [Interest]",25-34,female,1686,4378,160,2,231,THB,2.07253189,165.80255146,5.27638191,331.60510292,2025-09-01,2025-09-30
"3020 | BU DIA | Message | Grand Sale up to 70% off | 13-30 Sep 68","3020 | BU DIA | Message | Grand Sale up to 70% off | 13-30 Sep 68","3020 | DIA | Message | Grand Sale up to 70% off | 13-30 Sep 68 [Interest]",35-44,female,1426,3503,234,5,314,THB,1.34428597,62.91258343,8.96374536,314.56291714,2025-09-01,2025-09-30
"3020 | BU DIA | Message | September Big Deal sale up 50% off | 13-30 Sep 68","3020 | BU DIA | Message | September Big Deal sale up 50% off | 13-30 Sep 68","3020 | DIA | Message | September Big Deal sale up 50% off | 13-30 Sep 68 [Retargeting]",45-54,female,1110,3092,314,4,432,THB,0.99736711,78.29331793,13.97153946,313.17327173,2025-09-01,2025-09-30
"3020 | BU DIA | Engage | Everyday Pearls sale up to 50% off | 1-30 Sep 68","3020 | BU DIA | Engage | Everyday Pearls sale up to 50% off | 1-30 Sep 68","3020 | DIA | Engage | Everyday Pearls sale up to 50% off | 1-30 Sep 68",45-54,female,4543,10801,1575,6,1947,THB,0.19816427,52.01812206,18.02610869,312.10873237,2025-09-01,2025-09-30
"3020 | BU DIA | Engage | Grand Sale up to 70% off | 14-20 Sep 68","3020 | BU DIA | Engage | Grand Sale up to 70% off | 14-20 Sep 68","3020 | DIA | Engage | Grand Sale up to 70% off | 14-20 Sep 68 [Retargeting]",25-34,female,4467,6410,4378,,193,THB,0.07105834,,3.01092044,311.09341866,2025-09-01,2025-09-30
"3020 | BU DIA | Message | September Big Deal sale up 50% off | 13-30 Sep 68","3020 | BU DIA | Message | September Big Deal sale up 50% off | 13-30 Sep 68","3020 | DIA | Message | September Big Deal sale up 50% off | 13-30 Sep 68 [Interest]",35-44,female,1711,4211,275,8,391,THB,1.07711043,37.02567111,9.28520541,296.20536886,2025-09-01,2025-09-30
"3020 | BU DIA | Engage | Grand Sale up to 70% off | 25-30 Sep 68","3020 | BU DIA | Engage | Grand Sale up to 70% off | 25-30 Sep","3020 | DIA | Engage | Grand Sale up to 70% off | 25-30 Sep 68 [Interest]",55-64,female,5607,8074,566,,683,THB,0.45685941,,8.45925192,258.58242698,2025-09-01,2025-09-30
"3020 | BU DIA | Engage | Grand Sale up to 70% off | 25-30 Sep 68","3020 | BU DIA | Engage | Grand Sale up to 70% off | 25-30 Sep","3020 | DIA | Engage | Grand Sale up to 70% off | 25-30 Sep 68 [Interest]",35-44,female,7289,9704,573,2,680,THB,0.44317457,126.96951377,7.00741962,253.93902754,2025-09-01,2025-09-30
"3020 | BU DIA | Message | Grand Sale up to 70% off | 13-30 Sep 68","3020 | BU DIA | Message | Grand Sale up to 70% off | 13-30 Sep 68","3020 | DIA | Message | Grand Sale up to 70% off | 13-30 Sep 68 [Retargeting]",25-34,male,795,2516,86,2,143,THB,2.8679642,123.32246058,5.6836248,246.64492115,2025-09-01,2025-09-30
"3020 | BU DIA | Engage | Grand Sale up to 70% off | 14-20 Sep 68","3020 | BU DIA | Engage | Grand Sale up to 70% off | 14-20 Sep 68","3020 | DIA | Engage | Grand Sale up to 70% off | 14-20 Sep 68 [Retargeting]",45-54,female,2658,4779,3584,1,239,THB,0.06700981,240.16315947,5.00104624,240.16315947,2025-09-01,2025-09-30
"3020 | BU DIA | Engage | Grand Sale up to 70% off | 20-30 Sep 68","3020 | BU DIA | Engage | Grand Sale up to 70% off | 20-30 Sep 68","3020 | DIA | Engage | Grand Sale up to 70% off | 20-30 Sep 68 [Retargeting]",55-64,female,2564,5462,627,1,754,THB,0.36546796,229.14841007,13.80446723,229.14841007,2025-09-01,2025-09-30
"3020 | BU DIA | Message | Grand Sale up to 70% off | 20-30 Sep 68","3020 | BU DIA | Message | Grand Sale up to 70% off | 20-30 Sep 68","3020 | DIA | Message | Grand Sale up to 70% off | 20-30 Sep 68 [Interest]",45-54,female,866,2265,189,3,241,THB,1.17531586,74.04489897,10.6401766,222.13469692,2025-09-01,2025-09-30
"3020 | BU DIA | Engage | Grand Sale up to 70% off | 13-30 Sep 68","3020 | BU DIA | Engage | Grand Sale up to 70% off | 13-30 Sep 68","3020 | DIA | Engage | Grand Sale up to 70% off | 13-30 Sep 68 [Interest]",35-44,female,5206,8501,969,2,1159,THB,0.22914789,111.02215376,13.63369015,222.04430752,2025-09-01,2025-09-30
"3020 | BU DIA | Message | September Big Deal sale up 50% off | 13-30 Sep 68","3020 | BU DIA | Message | September Big Deal sale up 50% off | 13-30 Sep 68","3020 | DIA | Message | September Big Deal sale up 50% off | 13-30 Sep 68 [Interest]",25-34,female,1249,2876,112,4,187,THB,1.78353143,49.93887993,6.50208623,199.75551974,2025-09-01,2025-09-30
"3020 | BU DIA | Engage | Grand Sale up to 70% off | 14-20 Sep 68","3020 | BU DIA | Engage | Grand Sale up to 70% off | 14-20 Sep 68","3020 | DIA | Engage | Grand Sale up to 70% off | 14-20 Sep 68 [Retargeting]",55-64,female,1995,3738,2896,,159,THB,0.06862731,,4.25361156,198.74468677,2025-09-01,2025-09-30
"3020 | BU DIA | Engage | Grand Sale up to 70% off | 14-20 Sep 68","3020 | BU DIA | Engage | Grand Sale up to 70% off | 14-20 Sep 68","3020 | DIA | Engage | Grand Sale up to 70% off | 14-20 Sep 68 [Retargeting]",35-44,female,2839,4079,2758,,165,THB,0.07098822,,4.0451091,195.78551035,2025-09-01,2025-09-30
"3020 | BU DIA | Engage | Grand Sale up to 70% off | 25-30 Sep 68","3020 | BU DIA | Engage | Grand Sale up to 70% off | 25-30 Sep","3020 | DIA | Engage | Grand Sale up to 70% off | 25-30 Sep [Retargeting]",55-64,female,2998,4772,397,1,478,THB,0.47066739,186.85495556,10.01676446,186.85495556,2025-09-01,2025-09-30
"3020 | BU DIA | Message | Grand Sale up to 70% off | 13-30 Sep 68","3020 | BU DIA | Message | Grand Sale up to 70% off | 13-30 Sep 68","3020 | DIA | Message | Grand Sale up to 70% off | 13-30 Sep 68 [Retargeting]",35-44,male,377,1279,58,1,90,THB,3.21400967,186.41256073,7.03674746,186.41256073,2025-09-01,2025-09-30
"3020 | BU DIA | Engage | Grand Sale up to 70% off | 13-30 Sep 68","3020 | BU DIA | Engage | Grand Sale up to 70% off | 13-30 Sep 68","3020 | DIA | Engage | Grand Sale up to 70% off | 13-30 Sep 68 [Interest]",25-34,female,5019,7310,792,2,962,THB,0.22506361,89.12518894,13.16005472,178.25037787,2025-09-01,2025-09-30
"3020 | BU DIA | Engage | Grand Sale up to 70% off | 14-20 Sep 68","3020 | BU DIA | Engage | Grand Sale up to 70% off | 14-20 Sep 68","3020 | DIA | Engage | Grand Sale up to 70% off | 14-20 Sep 68 [Retargeting]",25-34,male,2688,3725,2170,,163,THB,0.07527398,,4.37583893,163.34453909,2025-09-01,2025-09-30
"3020 | BU DIA | Message | Grand Sale up to 70% off | 20-30 Sep 68","3020 | BU DIA | Message | Grand Sale up to 70% off | 20-30 Sep 68","3020 | DIA | Message | Grand Sale up to 70% off | 20-30 Sep 68 [Retargeting]",55-64,female,316,946,174,3,119,THB,0.92821038,53.83620187,12.57928118,161.50860561,2025-09-01,2025-09-30
"3020 | BU DIA | Message | Grand Sale up to 70% off | 13-30 Sep 68","3020 | BU DIA | Message | Grand Sale up to 70% off | 13-30 Sep 68","3020 | DIA | Message | Grand Sale up to 70% off | 13-30 Sep 68 [Retargeting]",55-64,female,203,622,60,,91,THB,2.66322691,,14.63022508,159.79361445,2025-09-01,2025-09-30
"3020 | BU DIA | Engage | Grand Sale up to 70% off | 25-30 Sep 68","3020 | BU DIA | Engage | Grand Sale up to 70% off | 25-30 Sep","3020 | DIA | Engage | Grand Sale up to 70% off | 25-30 Sep 68 [Interest]",65+,female,2846,4076,269,,334,THB,0.53826831,,8.19430815,144.79417614,2025-09-01,2025-09-30
"3020 | BU DIA | Message | September Big Deal sale up 50% off | 13-30 Sep 68","3020 | BU DIA | Message | September Big Deal sale up 50% off | 13-30 Sep 68","3020 | DIA | Message | September Big Deal sale up 50% off | 13-30 Sep 68 [Interest]",45-54,female,668,1584,167,5,222,THB,0.76777133,25.64356253,14.01515152,128.21781265,2025-09-01,2025-09-30
"3020 | BU DIA | Engage | September Mega Sale up to 60% off | 1-12 Sep 68","3020 | BU DIA | Engage | September Mega Sale up to 60% off | 1-12 Sep 68","3020 | DIA | Engage | September Mega Sale up to 60% off | 1-12 Sep 68",55-64,female,1526,3717,382,1,480,THB,0.32757694,125.13439045,12.91364003,125.13439045,2025-09-01,2025-09-30
"3020 | BU DIA | Message | Grand Sale up to 70% off | 13-30 Sep 68","3020 | BU DIA | Message | Grand Sale up to 70% off | 13-30 Sep 68","3020 | DIA | Message | Grand Sale up to 70% off | 13-30 Sep 68 [Retargeting]",18-24,female,430,1549,70,3,97,THB,1.70607918,39.80851425,6.26210458,119.42554276,2025-09-01,2025-09-30
"3020 | BU DIA | Engage | Grand Sale up to 70% off | 20-30 Sep 68","3020 | BU DIA | Engage | Grand Sale up to 70% off | 20-30 Sep 68","3020 | DIA | Engage | Grand Sale up to 70% off | 20-30 Sep 68 [Interest]",35-44,female,2906,3904,374,,440,THB,0.2973262,,11.2704918,111.2,2025-09-01,2025-09-30
"3020 | BU DIA | Message | Everyday Pearls sale up to 50% off | 1-30 Sep 68","3020 | BU DIA | Message | Everyday Pearls sale up to 50% off | 1-30 Sep 68","3020 | DIA | Message | Everyday Pearls sale up to 50% off | 1-30 Sep 68",55-64,female,422,1011,114,3,137,THB,0.94014377,35.7254633,13.55093966,107.1763899,2025-09-01,2025-09-30
"3020 | BU DIA | Engage | Grand Sale up to 70% off | 20-30 Sep 68","3020 | BU DIA | Engage | Grand Sale up to 70% off | 20-30 Sep 68","3020 | DIA | Engage | Grand Sale up to 70% off | 20-30 Sep 68 [Interest]",45-54,female,2377,3208,332,,397,THB,0.32066265,,12.37531172,106.46,2025-09-01,2025-09-30
"3020 | BU DIA | Engage | September Big Deal sale up 50% off | 13-30 Sep 68","3020 | BU DIA | Engage | September Big Deal sale up 50% off | 13-30 Sep 68","3020 | DIA | Engage | September Big Deal sale up 50% off | 13-30 Sep 68 [Interest]",35-44,female,3143,4340,535,3,651,THB,0.19537255,34.84143896,15,104.52431689,2025-09-01,2025-09-30
"3020 | BU DIA | Message | September Mega Sale up to 60% off | 1-12 Sep 68","3020 | BU DIA | Message | September Mega Sale up to 60% off | 1-12 Sep 68","3020 | DIA | Message | September Mega Sale up to 60% off | 1-12 Sep 68",55-64,female,252,866,135,5,110,THB,0.77116009,20.82132243,12.70207852,104.10661215,2025-09-01,2025-09-30
"3020 | BU DIA | Engage | Grand Sale up to 70% off | 14-20 Sep 68","3020 | BU DIA | Engage | Grand Sale up to 70% off | 14-20 Sep 68","3020 | DIA | Engage | Grand Sale up to 70% off | 14-20 Sep 68 [Interest]",25-34,female,1796,1877,1196,,31,THB,0.08316956,,1.65157166,99.47079846,2025-09-01,2025-09-30
"3020 | BU DIA | Message | Grand Sale up to 70% off | 13-30 Sep 68","3020 | BU DIA | Message | Grand Sale up to 70% off | 13-30 Sep 68","3020 | DIA | Message | Grand Sale up to 70% off | 13-30 Sep 68 [Interest]",45-54,female,426,934,90,1,103,THB,1.08344786,97.51030774,11.02783726,97.51030774,2025-09-01,2025-09-30
"3020 | BU DIA | Engage | Grand Sale up to 70% off | 14-20 Sep 68","3020 | BU DIA | Engage | Grand Sale up to 70% off | 14-20 Sep 68","3020 | DIA | Engage | Grand Sale up to 70% off | 14-20 Sep 68 [Interest]",25-34,male,1875,1950,1149,1,22,THB,0.08319148,95.5870144,1.12820513,95.5870144,2025-09-01,2025-09-30
"3020 | BU DIA | Engage | Grand Sale up to 70% off | 25-30 Sep 68","3020 | BU DIA | Engage | Grand Sale up to 70% off | 25-30 Sep","3020 | DIA | Engage | Grand Sale up to 70% off | 25-30 Sep [Retargeting]",25-34,male,789,1505,158,,149,THB,0.58945,,9.90033223,93.13310015,2025-09-01,2025-09-30
"3020 | BU DIA | Engage | Grand Sale up to 70% off | 13-30 Sep 68","3020 | BU DIA | Engage | Grand Sale up to 70% off | 13-30 Sep 68","3020 | DIA | Engage | Grand Sale up to 70% off | 13-30 Sep 68 [Retargeting]",18-24,female,1294,2472,274,,345,THB,0.32966989,,13.95631068,90.32955007,2025-09-01,2025-09-30
"3020 | BU DIA | Engage | Grand Sale up to 70% off | 13-30 Sep 68","3020 | BU DIA | Engage | Grand Sale up to 70% off | 13-30 Sep 68","3020 | DIA | Engage | Grand Sale up to 70% off | 13-30 Sep 68 [Interest]",45-54,female,1737,3142,476,,585,THB,0.18788792,,18.61871419,89.4346514,2025-09-01,2025-09-30
"3020 | BU DIA | Engage | Grand Sale up to 70% off | 25-30 Sep 68","3020 | BU DIA | Engage | Grand Sale up to 70% off | 25-30 Sep","3020 | DIA | Engage | Grand Sale up to 70% off | 25-30 Sep 68 [Interest]",25-34,female,2343,3165,193,,211,THB,0.4582605,,6.66666667,88.44427711,2025-09-01,2025-09-30
"3020 | BU DIA | Engage | September Big Deal sale up 50% off | 13-30 Sep 68","3020 | BU DIA | Engage | September Big Deal sale up 50% off | 13-30 Sep 68","3020 | DIA | Engage | September Big Deal sale up 50% off | 13-30 Sep 68 [Retargeting]",55-64,female,1275,2451,288,1,350,THB,0.30369222,87.4633604,14.27988576,87.4633604,2025-09-01,2025-09-30
"3020 | BU DIA | Engage | Grand Sale up to 70% off | 14-20 Sep 68","3020 | BU DIA | Engage | Grand Sale up to 70% off | 14-20 Sep 68","3020 | DIA | Engage | Grand Sale up to 70% off | 14-20 Sep 68 [Interest]",35-44,female,1588,1680,1058,,15,THB,0.07902286,,0.89285714,83.60618953,2025-09-01,2025-09-30
"3020 | BU DIA | Engage | Grand Sale up to 70% off | 13-30 Sep 68","3020 | BU DIA | Engage | Grand Sale up to 70% off | 13-30 Sep 68","3020 | DIA | Engage | Grand Sale up to 70% off | 13-30 Sep 68 [Retargeting]",55-64,female,866,1822,207,,256,THB,0.39676124,,14.05049396,82.12957654,2025-09-01,2025-09-30
"3020 | BU DIA | Message | September Mega Sale up to 60% off | 1-12 Sep 68","3020 | BU DIA | Message | September Mega Sale up to 60% off | 1-12 Sep 68","3020 | DIA | Message | September Mega Sale up to 60% off | 1-12 Sep 68",25-34,male,468,1347,44,2,49,THB,1.85489054,40.80759182,3.63771344,81.61518365,2025-09-01,2025-09-30
"3020 | BU DIA | Engage | Grand Sale up to 70% off | 13-30 Sep 68","3020 | BU DIA | Engage | Grand Sale up to 70% off | 13-30 Sep 68","3020 | DIA | Engage | Grand Sale up to 70% off | 13-30 Sep 68 [Retargeting]",25-34,male,959,2027,220,,246,THB,0.36859476,,12.13616182,81.09084664,2025-09-01,2025-09-30
"3020 | BU DIA | Engage | September Big Deal sale up 50% off | 13-30 Sep 68","3020 | BU DIA | Engage | September Big Deal sale up 50% off | 13-30 Sep 68","3020 | DIA | Engage | September Big Deal sale up 50% off | 13-30 Sep 68 [Interest]",45-54,female,2187,3072,407,1,508,THB,0.19641361,79.94034129,16.53645833,79.94034129,2025-09-01,2025-09-30
"3020 | BU DIA | Message | Grand Sale up to 70% off | 20-30 Sep 68","3020 | BU DIA | Message | Grand Sale up to 70% off | 20-30 Sep 68","3020 | DIA | Message | Grand Sale up to 70% off | 20-30 Sep 68 [Retargeting]",35-44,male,231,766,37,,37,THB,2.15269521,,4.83028721,79.64972269,2025-09-01,2025-09-30
"3020 | BU DIA | Message | Grand Sale up to 70% off | 20-30 Sep 68","3020 | BU DIA | Message | Grand Sale up to 70% off | 20-30 Sep 68","3020 | DIA | Message | Grand Sale up to 70% off | 20-30 Sep 68 [Retargeting]",25-34,male,369,1267,58,2,55,THB,1.36896237,39.69990884,4.3409629,79.39981769,2025-09-01,2025-09-30
"3020 | BU DIA | Engage | Grand Sale up to 70% off | 14-20 Sep 68","3020 | BU DIA | Engage | Grand Sale up to 70% off | 14-20 Sep 68","3020 | DIA | Engage | Grand Sale up to 70% off | 14-20 Sep 68 [Retargeting]",35-44,male,1207,1744,1047,,90,THB,0.07358983,,5.16055046,77.04855639,2025-09-01,2025-09-30
"3020 | BU DIA | Engage | Grand Sale up to 70% off | 14-20 Sep 68","3020 | BU DIA | Engage | Grand Sale up to 70% off | 14-20 Sep 68","3020 | DIA | Engage | Grand Sale up to 70% off | 14-20 Sep 68 [Retargeting]",45-54,male,849,1509,1098,,90,THB,0.06873315,,5.96421471,75.468996,2025-09-01,2025-09-30
"3020 | BU DIA | Engage | Grand Sale up to 70% off | 25-30 Sep 68","3020 | BU DIA | Engage | Grand Sale up to 70% off | 25-30 Sep","3020 | DIA | Engage | Grand Sale up to 70% off | 25-30 Sep [Retargeting]",35-44,male,703,1336,127,,126,THB,0.58741951,,9.43113772,74.60227758,2025-09-01,2025-09-30
"3020 | BU DIA | Engage | Grand Sale up to 70% off | 14-20 Sep 68","3020 | BU DIA | Engage | Grand Sale up to 70% off | 14-20 Sep 68","3020 | DIA | Engage | Grand Sale up to 70% off | 14-20 Sep 68 [Retargeting]",55-64,male,721,1332,1068,,64,THB,0.06980267,,4.8048048,74.54925197,2025-09-01,2025-09-30
"3020 | BU DIA | Engage | Grand Sale up to 70% off | 14-20 Sep 68","3020 | BU DIA | Engage | Grand Sale up to 70% off | 14-20 Sep 68","3020 | DIA | Engage | Grand Sale up to 70% off | 14-20 Sep 68 [Interest]",35-44,male,1528,1571,866,,16,THB,0.08376893,,1.01845958,72.54389457,2025-09-01,2025-09-30
"3020 | BU DIA | Engage | Everyday Pearls sale up to 50% off | 1-30 Sep 68","3020 | BU DIA | Engage | Everyday Pearls sale up to 50% off | 1-30 Sep 68","3020 | DIA | Engage | Everyday Pearls sale up to 50% off | 1-30 Sep 68",55-64,female,1053,2399,298,2,373,THB,0.22696493,33.81777451,15.54814506,67.63554903,2025-09-01,2025-09-30
"3020 | BU DIA | Message | September Big Deal sale up 50% off | 13-30 Sep 68","3020 | BU DIA | Message | September Big Deal sale up 50% off | 13-30 Sep 68","3020 | DIA | Message | September Big Deal sale up 50% off | 13-30 Sep 68 [Retargeting]",55-64,female,195,448,63,1,93,THB,0.96204291,60.60870329,20.75892857,60.60870329,2025-09-01,2025-09-30
"3020 | BU DIA | Engage | Grand Sale up to 70% off | 25-30 Sep 68","3020 | BU DIA | Engage | Grand Sale up to 70% off | 25-30 Sep","3020 | DIA | Engage | Grand Sale up to 70% off | 25-30 Sep [Retargeting]",65+,female,866,1423,119,,134,THB,0.50624064,,9.41672523,60.24263641,2025-09-01,2025-09-30
"3020 | BU DIA | Message | September Big Deal sale up 50% off | 13-30 Sep 68","3020 | BU DIA | Message | September Big Deal sale up 50% off | 13-30 Sep 68","3020 | DIA | Message | September Big Deal sale up 50% off | 13-30 Sep 68 [Retargeting]",35-44,male,170,465,28,,43,THB,2.14782779,,9.24731183,60.13917815,2025-09-01,2025-09-30
"3020 | BU DIA | Message | Everyday Pearls sale up to 50% off | 1-30 Sep 68","3020 | BU DIA | Message | Everyday Pearls sale up to 50% off | 1-30 Sep 68","3020 | DIA | Message | Everyday Pearls sale up to 50% off | 1-30 Sep 68",45-54,male,73,185,35,2,35,THB,1.65466305,28.95660338,18.91891892,57.91320677,2025-09-01,2025-09-30
"3020 | BU DIA | Message | Everyday Pearls sale up to 50% off | 1-30 Sep 68","3020 | BU DIA | Message | Everyday Pearls sale up to 50% off | 1-30 Sep 68","3020 | DIA | Message | Everyday Pearls sale up to 50% off | 1-30 Sep 68",25-34,male,313,1000,68,4,100,THB,0.83065962,14.12121353,10,56.48485413,2025-09-01,2025-09-30
"3020 | BU DIA | Message | Grand Sale up to 70% off | 13-30 Sep 68","3020 | BU DIA | Message | Grand Sale up to 70% off | 13-30 Sep 68","3020 | DIA | Message | Grand Sale up to 70% off | 13-30 Sep 68 [Retargeting]",45-54,male,72,244,11,1,14,THB,5.02511639,55.27628034,5.73770492,55.27628034,2025-09-01,2025-09-30
"3020 | BU DIA | Engage | Grand Sale up to 70% off | 20-30 Sep 68","3020 | BU DIA | Engage | Grand Sale up to 70% off | 20-30 Sep 68","3020 | DIA | Engage | Grand Sale up to 70% off | 20-30 Sep 68 [Retargeting]",65+,female,631,1275,168,,192,THB,0.32190775,,15.05882353,54.08050206,2025-09-01,2025-09-30
"3020 | BU DIA | Message | September Mega Sale up to 60% off | 1-12 Sep 68","3020 | BU DIA | Message | September Mega Sale up to 60% off | 1-12 Sep 68","3020 | DIA | Message | September Mega Sale up to 60% off | 1-12 Sep 68",35-44,male,331,874,49,1,47,THB,1.07680309,52.76335117,5.37757437,52.76335117,2025-09-01,2025-09-30
"3020 | BU DIA | Engage | Grand Sale up to 70% off | 20-30 Sep 68","3020 | BU DIA | Engage | Grand Sale up to 70% off | 20-30 Sep 68","3020 | DIA | Engage | Grand Sale up to 70% off | 20-30 Sep 68 [Retargeting]",35-44,male,687,1439,152,,155,THB,0.34686184,,10.77136901,52.72299961,2025-09-01,2025-09-30
"3020 | BU DIA | Message | Grand Sale up to 70% off | 20-30 Sep 68","3020 | BU DIA | Message | Grand Sale up to 70% off | 20-30 Sep 68","3020 | DIA | Message | Grand Sale up to 70% off | 20-30 Sep 68 [Interest]",55-64,female,183,385,37,,48,THB,1.39678515,,12.46753247,51.68105053,2025-09-01,2025-09-30
"3020 | BU DIA | Engage | Grand Sale up to 70% off | 13-30 Sep 68","3020 | BU DIA | Engage | Grand Sale up to 70% off | 13-30 Sep 68","3020 | DIA | Engage | Grand Sale up to 70% off | 13-30 Sep 68 [Retargeting]",35-44,male,604,1248,121,1,134,THB,0.4178362,50.55818028,10.73717949,50.55818028,2025-09-01,2025-09-30
"3020 | BU DIA | Engage | Grand Sale up to 70% off | 14-20 Sep 68","3020 | BU DIA | Engage | Grand Sale up to 70% off | 14-20 Sep 68","3020 | DIA | Engage | Grand Sale up to 70% off | 14-20 Sep 68 [Interest]",45-54,female,1021,1073,724,,26,THB,0.068978,,2.42311277,49.94007165,2025-09-01,2025-09-30
"3020 | BU DIA | Engage | Grand Sale up to 70% off | 20-30 Sep 68","3020 | BU DIA | Engage | Grand Sale up to 70% off | 20-30 Sep 68","3020 | DIA | Engage | Grand Sale up to 70% off | 20-30 Sep 68 [Retargeting]",25-34,male,669,1409,128,,144,THB,0.37945812,,10.22001419,48.57063917,2025-09-01,2025-09-30
"3020 | BU DIA | Engage | September Big Deal sale up 50% off | 13-30 Sep 68","3020 | BU DIA | Engage | September Big Deal sale up 50% off | 13-30 Sep 68","3020 | DIA | Engage | September Big Deal sale up 50% off | 13-30 Sep 68 [Interest]",25-34,female,1573,2015,183,1,235,THB,0.26316852,48.15983852,11.66253102,48.15983852,2025-09-01,2025-09-30
"3020 | BU DIA | Message | September Big Deal sale up 50% off | 13-30 Sep 68","3020 | BU DIA | Message | September Big Deal sale up 50% off | 13-30 Sep 68","3020 | DIA | Message | September Big Deal sale up 50% off | 13-30 Sep 68 [Retargeting]",45-54,male,45,121,12,,14,THB,3.68543939,,11.57024793,44.2252727,2025-09-01,2025-09-30
"3020 | BU DIA | Engage | September Mega Sale up to 60% off | 1-12 Sep 68","3020 | BU DIA | Engage | September Mega Sale up to 60% off | 1-12 Sep 68","3020 | DIA | Engage | September Mega Sale up to 60% off | 1-12 Sep 68",35-44,male,583,1327,169,,191,THB,0.26133183,,14.3933685,44.16507898,2025-09-01,2025-09-30
"3020 | BU DIA | Engage | Grand Sale up to 70% off | 25-30 Sep 68","3020 | BU DIA | Engage | Grand Sale up to 70% off | 25-30 Sep","3020 | DIA | Engage | Grand Sale up to 70% off | 25-30 Sep [Retargeting]",45-54,male,486,876,76,,77,THB,0.56183849,,8.78995434,42.69972523,2025-09-01,2025-09-30
"3020 | BU DIA | Message | September Mega Sale up to 60% off | 1-12 Sep 68","3020 | BU DIA | Message | September Mega Sale up to 60% off | 1-12 Sep 68","3020 | DIA | Message | September Mega Sale up to 60% off | 1-12 Sep 68",45-54,male,92,244,26,2,27,THB,1.63741169,21.28635197,11.06557377,42.57270393,2025-09-01,2025-09-30
"3020 | BU DIA | Engage | Grand Sale up to 70% off | 20-30 Sep 68","3020 | BU DIA | Engage | Grand Sale up to 70% off | 20-30 Sep 68","3020 | DIA | Engage | Grand Sale up to 70% off | 20-30 Sep 68 [Interest]",55-64,female,847,1149,130,,155,THB,0.32461538,,13.4899913,42.2,2025-09-01,2025-09-30
"3020 | BU DIA | Engage | Everyday Pearls sale up to 50% off | 1-30 Sep 68","3020 | BU DIA | Engage | Everyday Pearls sale up to 50% off | 1-30 Sep 68","3020 | DIA | Engage | Everyday Pearls sale up to 50% off | 1-30 Sep 68",18-24,female,921,1638,194,,276,THB,0.21508458,,16.84981685,41.72640755,2025-09-01,2025-09-30
"3020 | BU DIA | Engage | Grand Sale up to 70% off | 20-30 Sep 68","3020 | BU DIA | Engage | Grand Sale up to 70% off | 20-30 Sep 68","3020 | DIA | Engage | Grand Sale up to 70% off | 20-30 Sep 68 [Interest]",25-34,female,1223,1592,145,,181,THB,0.28675862,,11.36934673,41.58,2025-09-01,2025-09-30
"3020 | BU DIA | Engage | Grand Sale up to 70% off | 14-20 Sep 68","3020 | BU DIA | Engage | Grand Sale up to 70% off | 14-20 Sep 68","3020 | DIA | Engage | Grand Sale up to 70% off | 14-20 Sep 68 [Interest]",18-24,female,730,749,523,,13,THB,0.07656961,,1.73564753,40.04590712,2025-09-01,2025-09-30
"3020 | BU DIA | Engage | Grand Sale up to 70% off | 14-20 Sep 68","3020 | BU DIA | Engage | Grand Sale up to 70% off | 14-20 Sep 68","3020 | DIA | Engage | Grand Sale up to 70% off | 14-20 Sep 68 [Interest]",55-64,female,822,867,596,,24,THB,0.06618602,,2.76816609,39.44686587,2025-09-01,2025-09-30
"3020 | BU DIA | Engage | September Mega Sale up to 60% off | 1-12 Sep 68","3020 | BU DIA | Engage | September Mega Sale up to 60% off | 1-12 Sep 68","3020 | DIA | Engage | September Mega Sale up to 60% off | 1-12 Sep 68",25-34,male,639,1263,118,1,133,THB,0.31944352,37.69433485,10.53048298,37.69433485,2025-09-01,2025-09-30
"3020 | BU DIA | Engage | September Big Deal sale up 50% off | 13-30 Sep 68","3020 | BU DIA | Engage | September Big Deal sale up 50% off | 13-30 Sep 68","3020 | DIA | Engage | September Big Deal sale up 50% off | 13-30 Sep 68 [Retargeting]",25-34,male,526,1010,122,,140,THB,0.30807786,,13.86138614,37.58549836,2025-09-01,2025-09-30
"3020 | BU DIA | Message | Grand Sale up to 70% off | 13-30 Sep 68","3020 | BU DIA | Message | Grand Sale up to 70% off | 13-30 Sep 68","3020 | DIA | Message | Grand Sale up to 70% off | 13-30 Sep 68 [Interest]",25-34,male,186,319,13,1,15,THB,2.71009281,35.23120659,4.70219436,35.23120659,2025-09-01,2025-09-30
"3020 | BU DIA | Engage | September Big Deal sale up 50% off | 13-30 Sep 68","3020 | BU DIA | Engage | September Big Deal sale up 50% off | 13-30 Sep 68","3020 | DIA | Engage | September Big Deal sale up 50% off | 13-30 Sep 68 [Retargeting]",35-44,male,484,973,116,,124,THB,0.30362771,,12.74409044,35.22081476,2025-09-01,2025-09-30
"3020 | BU DIA | Engage | Grand Sale up to 70% off | 25-30 Sep 68","3020 | BU DIA | Engage | Grand Sale up to 70% off | 25-30 Sep","3020 | DIA | Engage | Grand Sale up to 70% off | 25-30 Sep [Retargeting]",18-24,female,338,549,62,,60,THB,0.56155471,,10.92896175,34.81639199,2025-09-01,2025-09-30
"3020 | BU DIA | Message | September Big Deal sale up 50% off | 13-30 Sep 68","3020 | BU DIA | Message | September Big Deal sale up 50% off | 13-30 Sep 68","3020 | DIA | Message | September Big Deal sale up 50% off | 13-30 Sep 68 [Retargeting]",25-34,male,259,574,14,,25,THB,2.45037895,,4.3554007,34.30530528,2025-09-01,2025-09-30
"3020 | BU DIA | Message | Grand Sale up to 70% off | 20-30 Sep 68","3020 | BU DIA | Message | Grand Sale up to 70% off | 20-30 Sep 68","3020 | DIA | Message | Grand Sale up to 70% off | 20-30 Sep 68 [Retargeting]",45-54,male,68,235,20,,18,THB,1.69185687,,7.65957447,33.83713746,2025-09-01,2025-09-30
"3020 | BU DIA | Engage | Grand Sale up to 70% off | 20-30 Sep 68","3020 | BU DIA | Engage | Grand Sale up to 70% off | 20-30 Sep 68","3020 | DIA | Engage | Grand Sale up to 70% off | 20-30 Sep 68 [Retargeting]",45-54,male,400,892,94,,104,THB,0.35870176,,11.65919283,33.71796529,2025-09-01,2025-09-30
"3020 | BU DIA | Message | Everyday Pearls sale up to 50% off | 1-30 Sep 68","3020 | BU DIA | Message | Everyday Pearls sale up to 50% off | 1-30 Sep 68","3020 | DIA | Message | Everyday Pearls sale up to 50% off | 1-30 Sep 68",35-44,male,226,575,35,,50,THB,0.9449102,,8.69565217,33.07185712,2025-09-01,2025-09-30
"3020 | BU DIA | Message | Grand Sale up to 70% off | 20-30 Sep 68","3020 | BU DIA | Message | Grand Sale up to 70% off | 20-30 Sep 68","3020 | DIA | Message | Grand Sale up to 70% off | 20-30 Sep 68 [Interest]",25-34,male,194,519,13,,17,THB,2.50673901,,3.27552987,32.58760718,2025-09-01,2025-09-30
"3020 | BU DIA | Engage | Grand Sale up to 70% off | 14-20 Sep 68","3020 | BU DIA | Engage | Grand Sale up to 70% off | 14-20 Sep 68","3020 | DIA | Engage | Grand Sale up to 70% off | 14-20 Sep 68 [Retargeting]",65+,female,360,624,500,,36,THB,0.06460202,,5.76923077,32.30101021,2025-09-01,2025-09-30
"3020 | BU DIA | Engage | Grand Sale up to 70% off | 14-20 Sep 68","3020 | BU DIA | Engage | Grand Sale up to 70% off | 14-20 Sep 68","3020 | DIA | Engage | Grand Sale up to 70% off | 14-20 Sep 68 [Interest]",18-24,male,692,712,388,,4,THB,0.08316586,,0.56179775,32.26835498,2025-09-01,2025-09-30
"3020 | BU DIA | Message | Grand Sale up to 70% off | 20-30 Sep 68","3020 | BU DIA | Message | Grand Sale up to 70% off | 20-30 Sep 68","3020 | DIA | Message | Grand Sale up to 70% off | 20-30 Sep 68 [Interest]",35-44,male,142,387,20,,29,THB,1.57747973,,7.49354005,31.54959458,2025-09-01,2025-09-30
"3020 | BU DIA | Message | Grand Sale up to 70% off | 13-30 Sep 68","3020 | BU DIA | Message | Grand Sale up to 70% off | 13-30 Sep 68","3020 | DIA | Message | Grand Sale up to 70% off | 13-30 Sep 68 [Retargeting]",65+,female,78,409,40,1,51,THB,0.78537882,31.41515282,12.46943765,31.41515282,2025-09-01,2025-09-30
"3020 | BU DIA | Engage | Grand Sale up to 70% off | 25-30 Sep 68","3020 | BU DIA | Engage | Grand Sale up to 70% off | 25-30 Sep","3020 | DIA | Engage | Grand Sale up to 70% off | 25-30 Sep 68 [Interest]",45-54,male,700,1039,79,,91,THB,0.39564013,,8.75842156,31.25557044,2025-09-01,2025-09-30
"3020 | BU DIA | Engage | September Mega Sale up to 60% off | 1-12 Sep 68","3020 | BU DIA | Engage | September Mega Sale up to 60% off | 1-12 Sep 68","3020 | DIA | Engage | September Mega Sale up to 60% off | 1-12 Sep 68",65+,female,363,883,101,,135,THB,0.29171672,,15.28878822,29.46338829,2025-09-01,2025-09-30
"3020 | BU DIA | Message | Grand Sale up to 70% off | 20-30 Sep 68","3020 | BU DIA | Message | Grand Sale up to 70% off | 20-30 Sep 68","3020 | DIA | Message | Grand Sale up to 70% off | 20-30 Sep 68 [Interest]",18-24,female,111,286,16,,26,THB,1.79593647,,9.09090909,28.73498349,2025-09-01,2025-09-30
"3020 | BU DIA | Engage | Grand Sale up to 70% off | 25-30 Sep 68","3020 | BU DIA | Engage | Grand Sale up to 70% off | 25-30 Sep","3020 | DIA | Engage | Grand Sale up to 70% off | 25-30 Sep 68 [Interest]",35-44,male,683,1012,63,,77,THB,0.45078778,,7.60869565,28.39963013,2025-09-01,2025-09-30
"3020 | BU DIA | Message | Everyday Pearls sale up to 50% off | 1-30 Sep 68","3020 | BU DIA | Message | Everyday Pearls sale up to 50% off | 1-30 Sep 68","3020 | DIA | Message | Everyday Pearls sale up to 50% off | 1-30 Sep 68",18-24,female,315,735,50,3,77,THB,0.54597031,9.09950524,10.47619048,27.29851571,2025-09-01,2025-09-30
"3020 | BU DIA | Engage | September Mega Sale up to 60% off | 1-12 Sep 68","3020 | BU DIA | Engage | September Mega Sale up to 60% off | 1-12 Sep 68","3020 | DIA | Engage | September Mega Sale up to 60% off | 1-12 Sep 68",45-54,male,315,817,92,,106,THB,0.28427182,,12.97429621,26.1530076,2025-09-01,2025-09-30
"3020 | BU DIA | Engage | Grand Sale up to 70% off | 14-20 Sep 68","3020 | BU DIA | Engage | Grand Sale up to 70% off | 14-20 Sep 68","3020 | DIA | Engage | Grand Sale up to 70% off | 14-20 Sep 68 [Interest]",65+,female,526,553,394,,18,THB,0.06552964,,3.25497288,25.81867759,2025-09-01,2025-09-30
"3020 | BU DIA | Engage | Grand Sale up to 70% off | 20-30 Sep 68","3020 | BU DIA | Engage | Grand Sale up to 70% off | 20-30 Sep 68","3020 | DIA | Engage | Grand Sale up to 70% off | 20-30 Sep 68 [Retargeting]",18-24,female,414,709,71,,85,THB,0.36158827,,11.9887165,25.67276694,2025-09-01,2025-09-30
"3020 | BU DIA | Engage | Grand Sale up to 70% off | 25-30 Sep 68","3020 | BU DIA | Engage | Grand Sale up to 70% off | 25-30 Sep","3020 | DIA | Engage | Grand Sale up to 70% off | 25-30 Sep [Retargeting]",55-64,male,230,380,42,,39,THB,0.59730861,,10.26315789,25.08696172,2025-09-01,2025-09-30
"3020 | BU DIA | Engage | Grand Sale up to 70% off | 14-20 Sep 68","3020 | BU DIA | Engage | Grand Sale up to 70% off | 14-20 Sep 68","3020 | DIA | Engage | Grand Sale up to 70% off | 14-20 Sep 68 [Interest]",45-54,male,580,595,379,,4,THB,0.06559423,,0.67226891,24.8602116,2025-09-01,2025-09-30
"3020 | BU DIA | Message | September Big Deal sale up 50% off | 13-30 Sep 68","3020 | BU DIA | Message | September Big Deal sale up 50% off | 13-30 Sep 68","3020 | DIA | Message | September Big Deal sale up 50% off | 13-30 Sep 68 [Interest]",55-64,female,131,272,28,1,35,THB,0.86587488,24.24449663,12.86764706,24.24449663,2025-09-01,2025-09-30
"3020 | BU DIA | Engage | Grand Sale up to 70% off | 20-30 Sep 68","3020 | BU DIA | Engage | Grand Sale up to 70% off | 20-30 Sep 68","3020 | DIA | Engage | Grand Sale up to 70% off | 20-30 Sep 68 [Retargeting]",55-64,male,158,340,65,,44,THB,0.34812874,,12.94117647,22.62836806,2025-09-01,2025-09-30
"3020 | BU DIA | Engage | September Big Deal sale up 50% off | 13-30 Sep 68","3020 | BU DIA | Engage | September Big Deal sale up 50% off | 13-30 Sep 68","3020 | DIA | Engage | September Big Deal sale up 50% off | 13-30 Sep 68 [Retargeting]",18-24,female,400,670,73,,84,THB,0.30930461,,12.53731343,22.57923621,2025-09-01,2025-09-30
"3020 | BU DIA | Engage | Grand Sale up to 70% off | 13-30 Sep 68","3020 | BU DIA | Engage | Grand Sale up to 70% off | 13-30 Sep 68","3020 | DIA | Engage | Grand Sale up to 70% off | 13-30 Sep 68 [Retargeting]",55-64,male,67,209,48,,16,THB,0.46713714,,7.65550239,22.42258292,2025-09-01,2025-09-30
"3020 | BU DIA | Engage | Grand Sale up to 70% off | 13-30 Sep 68","3020 | BU DIA | Engage | Grand Sale up to 70% off | 13-30 Sep 68","3020 | DIA | Engage | Grand Sale up to 70% off | 13-30 Sep 68 [Retargeting]",45-54,male,216,482,62,,65,THB,0.36020472,,13.48547718,22.33269283,2025-09-01,2025-09-30
"3020 | BU DIA | Engage | Grand Sale up to 70% off | 13-30 Sep 68","3020 | BU DIA | Engage | Grand Sale up to 70% off | 13-30 Sep 68","3020 | DIA | Engage | Grand Sale up to 70% off | 13-30 Sep 68 [Interest]",55-64,female,434,718,100,,134,THB,0.21572528,,18.66295265,21.57252837,2025-09-01,2025-09-30
"3020 | BU DIA | Engage | Everyday Pearls sale up to 50% off | 1-30 Sep 68","3020 | BU DIA | Engage | Everyday Pearls sale up to 50% off | 1-30 Sep 68","3020 | DIA | Engage | Everyday Pearls sale up to 50% off | 1-30 Sep 68",25-34,male,441,796,84,1,105,THB,0.24884728,20.9031716,13.19095477,20.9031716,2025-09-01,2025-09-30
"3020 | BU DIA | Message | Grand Sale up to 70% off | 20-30 Sep 68","3020 | BU DIA | Message | Grand Sale up to 70% off | 20-30 Sep 68","3020 | DIA | Message | Grand Sale up to 70% off | 20-30 Sep 68 [Retargeting]",18-24,female,144,415,27,,29,THB,0.76563488,,6.98795181,20.67214188,2025-09-01,2025-09-30
"3020 | BU DIA | Message | Grand Sale up to 70% off | 20-30 Sep 68","3020 | BU DIA | Message | Grand Sale up to 70% off | 20-30 Sep 68","3020 | DIA | Message | Grand Sale up to 70% off | 20-30 Sep 68 [Retargeting]",65+,female,79,297,22,,17,THB,0.93328159,,5.72390572,20.53219508,2025-09-01,2025-09-30
"3020 | BU DIA | Engage | September Big Deal sale up 50% off | 13-30 Sep 68","3020 | BU DIA | Engage | September Big Deal sale up 50% off | 13-30 Sep 68","3020 | DIA | Engage | September Big Deal sale up 50% off | 13-30 Sep 68 [Retargeting]",45-54,male,252,561,72,,91,THB,0.28477642,,16.22103387,20.50390208,2025-09-01,2025-09-30
"3020 | BU DIA | Message | Everyday Pearls sale up to 50% off | 1-30 Sep 68","3020 | BU DIA | Message | Everyday Pearls sale up to 50% off | 1-30 Sep 68","3020 | DIA | Message | Everyday Pearls sale up to 50% off | 1-30 Sep 68",65+,female,103,303,42,1,52,THB,0.48491692,20.36651062,17.16171617,20.36651062,2025-09-01,2025-09-30
"3020 | BU DIA | Engage | Grand Sale up to 70% off | 13-30 Sep 68","3020 | BU DIA | Engage | Grand Sale up to 70% off | 13-30 Sep 68","3020 | DIA | Engage | Grand Sale up to 70% off | 13-30 Sep 68 [Retargeting]",65+,female,228,495,58,,68,THB,0.34664511,,13.73737374,20.10541622,2025-09-01,2025-09-30
"3020 | BU DIA | Message | Grand Sale up to 70% off | 20-30 Sep 68","3020 | BU DIA | Message | Grand Sale up to 70% off | 20-30 Sep 68","3020 | DIA | Message | Grand Sale up to 70% off | 20-30 Sep 68 [Retargeting]",55-64,male,14,59,10,1,8,THB,2.00323851,20.03238507,13.55932203,20.03238507,2025-09-01,2025-09-30
"3020 | BU DIA | Engage | September Big Deal sale up 50% off | 13-30 Sep 68","3020 | BU DIA | Engage | September Big Deal sale up 50% off | 13-30 Sep 68","3020 | DIA | Engage | September Big Deal sale up 50% off | 13-30 Sep 68 [Interest]",55-64,female,556,752,93,,121,THB,0.20982224,,16.09042553,19.51346825,2025-09-01,2025-09-30
"3020 | BU DIA | Engage | Grand Sale up to 70% off | 25-30 Sep 68","3020 | BU DIA | Engage | Grand Sale up to 70% off | 25-30 Sep","3020 | DIA | Engage | Grand Sale up to 70% off | 25-30 Sep 68 [Interest]",25-34,male,484,659,41,,48,THB,0.4734733,,7.28376328,19.41240541,2025-09-01,2025-09-30
"3020 | BU DIA | Engage | Everyday Pearls sale up to 50% off | 1-30 Sep 68","3020 | BU DIA | Engage | Everyday Pearls sale up to 50% off | 1-30 Sep 68","3020 | DIA | Engage | Everyday Pearls sale up to 50% off | 1-30 Sep 68",35-44,male,310,664,91,2,114,THB,0.21290552,9.68720118,17.1686747,19.37440236,2025-09-01,2025-09-30
"3020 | BU DIA | Engage | Grand Sale up to 70% off | 20-30 Sep 68","3020 | BU DIA | Engage | Grand Sale up to 70% off | 20-30 Sep 68","3020 | DIA | Engage | Grand Sale up to 70% off | 20-30 Sep 68 [Interest]",65+,female,360,488,54,,69,THB,0.35796296,,14.13934426,19.33,2025-09-01,2025-09-30
"3020 | BU DIA | Engage | September Big Deal sale up 50% off | 13-30 Sep 68","3020 | BU DIA | Engage | September Big Deal sale up 50% off | 13-30 Sep 68","3020 | DIA | Engage | September Big Deal sale up 50% off | 13-30 Sep 68 [Retargeting]",65+,female,276,527,68,,82,THB,0.2671934,,15.5597723,18.16915118,2025-09-01,2025-09-30
"3020 | BU DIA | Engage | Grand Sale up to 70% off | 13-30 Sep 68","3020 | BU DIA | Engage | Grand Sale up to 70% off | 13-30 Sep 68","3020 | DIA | Engage | Grand Sale up to 70% off | 13-30 Sep 68 [Interest]",25-34,male,565,667,34,,40,THB,0.53260427,,5.9970015,18.10854533,2025-09-01,2025-09-30
"3020 | BU DIA | Message | Grand Sale up to 70% off | 13-30 Sep 68","3020 | BU DIA | Message | Grand Sale up to 70% off | 13-30 Sep 68","3020 | DIA | Message | Grand Sale up to 70% off | 13-30 Sep 68 [Interest]",18-24,female,141,310,13,,15,THB,1.36811265,,4.83870968,17.78546447,2025-09-01,2025-09-30
"3020 | BU DIA | Engage | Grand Sale up to 70% off | 14-20 Sep 68","3020 | BU DIA | Engage | Grand Sale up to 70% off | 14-20 Sep 68","3020 | DIA | Engage | Grand Sale up to 70% off | 14-20 Sep 68 [Interest]",55-64,male,383,383,262,,2,THB,0.06504856,,0.52219321,17.04272337,2025-09-01,2025-09-30
"3020 | BU DIA | Engage | Grand Sale up to 70% off | 25-30 Sep 68","3020 | BU DIA | Engage | Grand Sale up to 70% off | 25-30 Sep","3020 | DIA | Engage | Grand Sale up to 70% off | 25-30 Sep 68 [Interest]",55-64,male,356,534,26,,34,THB,0.64869327,,6.3670412,16.86602507,2025-09-01,2025-09-30
"3020 | BU DIA | Engage | Grand Sale up to 70% off | 14-20 Sep 68","3020 | BU DIA | Engage | Grand Sale up to 70% off | 14-20 Sep 68","3020 | DIA | Engage | Grand Sale up to 70% off | 14-20 Sep 68 [Retargeting]",65+,male,182,326,247,,13,THB,0.06799727,,3.98773006,16.79532564,2025-09-01,2025-09-30
"3020 | BU DIA | Message | Grand Sale up to 70% off | 13-30 Sep 68","3020 | BU DIA | Message | Grand Sale up to 70% off | 13-30 Sep 68","3020 | DIA | Message | Grand Sale up to 70% off | 13-30 Sep 68 [Retargeting]",35-44,unknown,34,150,11,,15,THB,1.48791407,,10,16.36705481,2025-09-01,2025-09-30
"3020 | BU DIA | Engage | Grand Sale up to 70% off | 13-30 Sep 68","3020 | BU DIA | Engage | Grand Sale up to 70% off | 13-30 Sep 68","3020 | DIA | Engage | Grand Sale up to 70% off | 13-30 Sep 68 [Interest]",18-24,female,581,639,55,,70,THB,0.28459656,,10.95461659,15.65281096,2025-09-01,2025-09-30
"3020 | BU DIA | Message | Grand Sale up to 70% off | 13-30 Sep 68","3020 | BU DIA | Message | Grand Sale up to 70% off | 13-30 Sep 68","3020 | DIA | Message | Grand Sale up to 70% off | 13-30 Sep 68 [Interest]",55-64,female,60,119,8,,9,THB,1.85723214,,7.56302521,14.85785712,2025-09-01,2025-09-30
"3020 | BU DIA | Message | September Big Deal sale up 50% off | 13-30 Sep 68","3020 | BU DIA | Message | September Big Deal sale up 50% off | 13-30 Sep 68","3020 | DIA | Message | September Big Deal sale up 50% off | 13-30 Sep 68 [Interest]",35-44,male,103,222,13,,24,THB,1.13982631,,10.81081081,14.81774209,2025-09-01,2025-09-30
"3020 | BU DIA | Engage | Everyday Pearls sale up to 50% off | 1-30 Sep 68","3020 | BU DIA | Engage | Everyday Pearls sale up to 50% off | 1-30 Sep 68","3020 | DIA | Engage | Everyday Pearls sale up to 50% off | 1-30 Sep 68",65+,female,244,535,84,,105,THB,0.17581084,,19.62616822,14.76811072,2025-09-01,2025-09-30
"3020 | BU DIA | Message | September Big Deal sale up 50% off | 13-30 Sep 68","3020 | BU DIA | Message | September Big Deal sale up 50% off | 13-30 Sep 68","3020 | DIA | Message | September Big Deal sale up 50% off | 13-30 Sep 68 [Retargeting]",18-24,female,100,198,10,,12,THB,1.46651684,,6.06060606,14.66516836,2025-09-01,2025-09-30
"3020 | BU DIA | Message | September Mega Sale up to 60% off | 1-12 Sep 68","3020 | BU DIA | Message | September Mega Sale up to 60% off | 1-12 Sep 68","3020 | DIA | Message | September Mega Sale up to 60% off | 1-12 Sep 68",65+,female,78,235,24,,19,THB,0.60920536,,8.08510638,14.62092862,2025-09-01,2025-09-30
"3020 | BU DIA | Engage | Grand Sale up to 70% off | 13-30 Sep 68","3020 | BU DIA | Engage | Grand Sale up to 70% off | 13-30 Sep 68","3020 | DIA | Engage | Grand Sale up to 70% off | 13-30 Sep 68 [Interest]",35-44,male,383,527,53,,66,THB,0.27348721,,12.52371917,14.49482239,2025-09-01,2025-09-30
"3020 | BU DIA | Message | September Big Deal sale up 50% off | 13-30 Sep 68","3020 | BU DIA | Message | September Big Deal sale up 50% off | 13-30 Sep 68","3020 | DIA | Message | September Big Deal sale up 50% off | 13-30 Sep 68 [Retargeting]",65+,female,55,167,16,,24,THB,0.90283691,,14.37125749,14.44539063,2025-09-01,2025-09-30
"3020 | BU DIA | Engage | September Big Deal sale up 50% off | 13-30 Sep 68","3020 | BU DIA | Engage | September Big Deal sale up 50% off | 13-30 Sep 68","3020 | DIA | Engage | September Big Deal sale up 50% off | 13-30 Sep 68 [Retargeting]",55-64,male,73,202,50,,27,THB,0.27957145,,13.36633663,13.97857266,2025-09-01,2025-09-30
"3020 | BU DIA | Message | Grand Sale up to 70% off | 13-30 Sep 68","3020 | BU DIA | Message | Grand Sale up to 70% off | 13-30 Sep 68","3020 | DIA | Message | Grand Sale up to 70% off | 13-30 Sep 68 [Interest]",35-44,male,104,188,8,,13,THB,1.68362402,,6.91489362,13.4689922,2025-09-01,2025-09-30
"3020 | BU DIA | Message | Grand Sale up to 70% off | 13-30 Sep 68","3020 | BU DIA | Message | Grand Sale up to 70% off | 13-30 Sep 68","3020 | DIA | Message | Grand Sale up to 70% off | 13-30 Sep 68 [Retargeting]",65+,male,17,129,4,,6,THB,3.21745522,,4.65116279,12.86982087,2025-09-01,2025-09-30
"3020 | BU DIA | Engage | Grand Sale up to 70% off | 25-30 Sep 68","3020 | BU DIA | Engage | Grand Sale up to 70% off | 25-30 Sep","3020 | DIA | Engage | Grand Sale up to 70% off | 25-30 Sep 68 [Interest]",18-24,female,321,442,30,,40,THB,0.42606102,,9.04977376,12.78183072,2025-09-01,2025-09-30
"3020 | BU DIA | Message | Grand Sale up to 70% off | 20-30 Sep 68","3020 | BU DIA | Message | Grand Sale up to 70% off | 20-30 Sep 68","3020 | DIA | Message | Grand Sale up to 70% off | 20-30 Sep 68 [Interest]",65+,female,56,132,18,,21,THB,0.68479998,,15.90909091,12.32639965,2025-09-01,2025-09-30
"3020 | BU DIA | Engage | Everyday Pearls sale up to 50% off | 1-30 Sep 68","3020 | BU DIA | Engage | Everyday Pearls sale up to 50% off | 1-30 Sep 68","3020 | DIA | Engage | Everyday Pearls sale up to 50% off | 1-30 Sep 68",45-54,male,163,399,57,,72,THB,0.21333702,,18.04511278,12.16021025,2025-09-01,2025-09-30
"3020 | BU DIA | Message | September Big Deal sale up 50% off | 13-30 Sep 68","3020 | BU DIA | Message | September Big Deal sale up 50% off | 13-30 Sep 68","3020 | DIA | Message | September Big Deal sale up 50% off | 13-30 Sep 68 [Interest]",25-34,male,108,196,10,,13,THB,1.15094096,,6.63265306,11.50940962,2025-09-01,2025-09-30
"3020 | BU DIA | Message | Grand Sale up to 70% off | 20-30 Sep 68","3020 | BU DIA | Message | Grand Sale up to 70% off | 20-30 Sep 68","3020 | DIA | Message | Grand Sale up to 70% off | 20-30 Sep 68 [Retargeting]",35-44,unknown,21,102,10,2,9,THB,1.08858619,5.44293097,8.82352941,10.88586195,2025-09-01,2025-09-30
"3020 | BU DIA | Engage | Grand Sale up to 70% off | 25-30 Sep 68","3020 | BU DIA | Engage | Grand Sale up to 70% off | 25-30 Sep","3020 | DIA | Engage | Grand Sale up to 70% off | 25-30 Sep [Retargeting]",18-24,male,96,171,17,,16,THB,0.61927897,,9.35672515,10.52774249,2025-09-01,2025-09-30
"3020 | BU DIA | Message | Grand Sale up to 70% off | 13-30 Sep 68","3020 | BU DIA | Message | Grand Sale up to 70% off | 13-30 Sep 68","3020 | DIA | Message | Grand Sale up to 70% off | 13-30 Sep 68 [Retargeting]",55-64,male,10,45,1,,1,THB,10.24189938,,2.22222222,10.24189938,2025-09-01,2025-09-30
"3020 | BU DIA | Engage | Grand Sale up to 70% off | 14-20 Sep 68","3020 | BU DIA | Engage | Grand Sale up to 70% off | 14-20 Sep 68","3020 | DIA | Engage | Grand Sale up to 70% off | 14-20 Sep 68 [Interest]",65+,male,213,220,128,,0,THB,0.07261815,,0,9.29512329,2025-09-01,2025-09-30
"3020 | BU DIA | Engage | Grand Sale up to 70% off | 25-30 Sep 68","3020 | BU DIA | Engage | Grand Sale up to 70% off | 25-30 Sep","3020 | DIA | Engage | Grand Sale up to 70% off | 25-30 Sep [Retargeting]",65+,male,113,185,19,,18,THB,0.48686542,,9.72972973,9.25044293,2025-09-01,2025-09-30
"3020 | BU DIA | Message | Grand Sale up to 70% off | 13-30 Sep 68","3020 | BU DIA | Message | Grand Sale up to 70% off | 13-30 Sep 68","3020 | DIA | Message | Grand Sale up to 70% off | 13-30 Sep 68 [Retargeting]",18-24,male,44,120,4,,5,THB,2.26820601,,4.16666667,9.07282403,2025-09-01,2025-09-30
"3020 | BU DIA | Engage | Grand Sale up to 70% off | 25-30 Sep 68","3020 | BU DIA | Engage | Grand Sale up to 70% off | 25-30 Sep","3020 | DIA | Engage | Grand Sale up to 70% off | 25-30 Sep 68 [Interest]",65+,male,198,294,11,,16,THB,0.81792823,,5.44217687,8.99721053,2025-09-01,2025-09-30
"3020 | BU DIA | Engage | September Mega Sale up to 60% off | 1-12 Sep 68","3020 | BU DIA | Engage | September Mega Sale up to 60% off | 1-12 Sep 68","3020 | DIA | Engage | September Mega Sale up to 60% off | 1-12 Sep 68",55-64,male,103,265,22,,24,THB,0.40550118,,9.05660377,8.92102592,2025-09-01,2025-09-30
"3020 | BU DIA | Message | September Big Deal sale up 50% off | 13-30 Sep 68","3020 | BU DIA | Message | September Big Deal sale up 50% off | 13-30 Sep 68","3020 | DIA | Message | September Big Deal sale up 50% off | 13-30 Sep 68 [Interest]",65+,female,39,83,13,1,15,THB,0.67837679,8.81889828,18.07228916,8.81889828,2025-09-01,2025-09-30
"3020 | BU DIA | Message | Grand Sale up to 70% off | 20-30 Sep 68","3020 | BU DIA | Message | Grand Sale up to 70% off | 20-30 Sep 68","3020 | DIA | Message | Grand Sale up to 70% off | 20-30 Sep 68 [Interest]",45-54,male,50,109,7,,11,THB,1.24903714,,10.09174312,8.74326,2025-09-01,2025-09-30
"3020 | BU DIA | Message | September Mega Sale up to 60% off | 1-12 Sep 68","3020 | BU DIA | Message | September Mega Sale up to 60% off | 1-12 Sep 68","3020 | DIA | Message | September Mega Sale up to 60% off | 1-12 Sep 68",35-44,unknown,22,102,4,1,3,THB,2.12013466,8.48053863,2.94117647,8.48053863,2025-09-01,2025-09-30
"3020 | BU DIA | Engage | Grand Sale up to 70% off | 13-30 Sep 68","3020 | BU DIA | Engage | Grand Sale up to 70% off | 13-30 Sep 68","3020 | DIA | Engage | Grand Sale up to 70% off | 13-30 Sep 68 [Interest]",65+,female,159,276,35,,42,THB,0.23473512,,15.2173913,8.21572922,2025-09-01,2025-09-30
"3020 | BU DIA | Engage | September Big Deal sale up 50% off | 13-30 Sep 68","3020 | BU DIA | Engage | September Big Deal sale up 50% off | 13-30 Sep 68","3020 | DIA | Engage | September Big Deal sale up 50% off | 13-30 Sep 68 [Interest]",25-34,male,192,219,12,,16,THB,0.63131809,,7.30593607,7.57581709,2025-09-01,2025-09-30
"3020 | BU DIA | Message | Grand Sale up to 70% off | 13-30 Sep 68","3020 | BU DIA | Message | Grand Sale up to 70% off | 13-30 Sep 68","3020 | DIA | Message | Grand Sale up to 70% off | 13-30 Sep 68 [Retargeting]",45-54,unknown,11,31,10,,13,THB,0.73242071,,41.93548387,7.32420707,2025-09-01,2025-09-30
"3020 | BU DIA | Engage | Grand Sale up to 70% off | 20-30 Sep 68","3020 | BU DIA | Engage | Grand Sale up to 70% off | 20-30 Sep 68","3020 | DIA | Engage | Grand Sale up to 70% off | 20-30 Sep 68 [Interest]",45-54,male,157,220,19,,30,THB,0.38368421,,13.63636364,7.29,2025-09-01,2025-09-30
"3020 | BU DIA | Engage | Grand Sale up to 70% off | 14-20 Sep 68","3020 | BU DIA | Engage | Grand Sale up to 70% off | 14-20 Sep 68","3020 | DIA | Engage | Grand Sale up to 70% off | 14-20 Sep 68 [Retargeting]",18-24,female,106,135,92,,5,THB,0.07345782,,3.7037037,6.75811913,2025-09-01,2025-09-30
"3020 | BU DIA | Engage | Grand Sale up to 70% off | 20-30 Sep 68","3020 | BU DIA | Engage | Grand Sale up to 70% off | 20-30 Sep 68","3020 | DIA | Engage | Grand Sale up to 70% off | 20-30 Sep 68 [Interest]",18-24,female,174,208,37,,43,THB,0.17810811,,20.67307692,6.59,2025-09-01,2025-09-30
"3020 | BU DIA | Engage | September Big Deal sale up 50% off | 13-30 Sep 68","3020 | BU DIA | Engage | September Big Deal sale up 50% off | 13-30 Sep 68","3020 | DIA | Engage | September Big Deal sale up 50% off | 13-30 Sep 68 [Interest]",65+,female,170,233,25,,31,THB,0.25991341,,13.30472103,6.49783521,2025-09-01,2025-09-30
"3020 | BU DIA | Message | Grand Sale up to 70% off | 13-30 Sep 68","3020 | BU DIA | Message | Grand Sale up to 70% off | 13-30 Sep 68","3020 | DIA | Message | Grand Sale up to 70% off | 13-30 Sep 68 [Interest]",65+,female,28,76,3,,7,THB,2.12493002,,9.21052632,6.37479007,2025-09-01,2025-09-30
"3020 | BU DIA | Engage | Grand Sale up to 70% off | 20-30 Sep 68","3020 | BU DIA | Engage | Grand Sale up to 70% off | 20-30 Sep 68","3020 | DIA | Engage | Grand Sale up to 70% off | 20-30 Sep 68 [Retargeting]",65+,male,72,137,18,,18,THB,0.35212993,,13.13868613,6.33833865,2025-09-01,2025-09-30
"3020 | BU DIA | Message | September Big Deal sale up 50% off | 13-30 Sep 68","3020 | BU DIA | Message | September Big Deal sale up 50% off | 13-30 Sep 68","3020 | DIA | Message | September Big Deal sale up 50% off | 13-30 Sep 68 [Interest]",18-24,female,60,110,5,,6,THB,1.26155087,,5.45454545,6.30775436,2025-09-01,2025-09-30
"3020 | BU DIA | Message | Grand Sale up to 70% off | 13-30 Sep 68","3020 | BU DIA | Message | Grand Sale up to 70% off | 13-30 Sep 68","3020 | DIA | Message | Grand Sale up to 70% off | 13-30 Sep 68 [Retargeting]",25-34,unknown,32,111,3,,3,THB,2.01840358,,2.7027027,6.05521075,2025-09-01,2025-09-30
"3020 | BU DIA | Message | Grand Sale up to 70% off | 20-30 Sep 68","3020 | BU DIA | Message | Grand Sale up to 70% off | 20-30 Sep 68","3020 | DIA | Message | Grand Sale up to 70% off | 20-30 Sep 68 [Retargeting]",65+,male,11,75,5,,6,THB,1.19954402,,8,5.99772008,2025-09-01,2025-09-30
"3020 | BU DIA | Message | Everyday Pearls sale up to 50% off | 1-30 Sep 68","3020 | BU DIA | Message | Everyday Pearls sale up to 50% off | 1-30 Sep 68","3020 | DIA | Message | Everyday Pearls sale up to 50% off | 1-30 Sep 68",45-54,unknown,18,36,3,1,4,THB,1.991037,5.97311101,11.11111111,5.97311101,2025-09-01,2025-09-30
"3020 | BU DIA | Engage | Grand Sale up to 70% off | 13-30 Sep 68","3020 | BU DIA | Engage | Grand Sale up to 70% off | 13-30 Sep 68","3020 | DIA | Engage | Grand Sale up to 70% off | 13-30 Sep 68 [Retargeting]",18-24,male,91,160,21,,19,THB,0.28203609,,11.875,5.92275798,2025-09-01,2025-09-30
"3020 | BU DIA | Engage | September Mega Sale up to 60% off | 1-12 Sep 68","3020 | BU DIA | Engage | September Mega Sale up to 60% off | 1-12 Sep 68","3020 | DIA | Engage | September Mega Sale up to 60% off | 1-12 Sep 68",35-44,unknown,81,163,24,,32,THB,0.23877746,,19.63190184,5.73065903,2025-09-01,2025-09-30
"3020 | BU DIA | Message | September Big Deal sale up 50% off | 13-30 Sep 68","3020 | BU DIA | Message | September Big Deal sale up 50% off | 13-30 Sep 68","3020 | DIA | Message | September Big Deal sale up 50% off | 13-30 Sep 68 [Retargeting]",55-64,male,14,43,3,,6,THB,1.90807027,,13.95348837,5.72421081,2025-09-01,2025-09-30
"3020 | BU DIA | Engage | Grand Sale up to 70% off | 20-30 Sep 68","3020 | BU DIA | Engage | Grand Sale up to 70% off | 20-30 Sep 68","3020 | DIA | Engage | Grand Sale up to 70% off | 20-30 Sep 68 [Interest]",35-44,male,172,219,29,,36,THB,0.19551724,,16.43835616,5.67,2025-09-01,2025-09-30
"3020 | BU DIA | Message | September Big Deal sale up 50% off | 13-30 Sep 68","3020 | BU DIA | Message | September Big Deal sale up 50% off | 13-30 Sep 68","3020 | DIA | Message | September Big Deal sale up 50% off | 13-30 Sep 68 [Interest]",45-54,unknown,4,10,,,0,THB,,,0,5.61021439,2025-09-01,2025-09-30
"3020 | BU DIA | Engage | September Big Deal sale up 50% off | 13-30 Sep 68","3020 | BU DIA | Engage | September Big Deal sale up 50% off | 13-30 Sep 68","3020 | DIA | Engage | September Big Deal sale up 50% off | 13-30 Sep 68 [Interest]",35-44,male,163,207,14,,17,THB,0.3999655,,8.21256039,5.59951698,2025-09-01,2025-09-30
"3020 | BU DIA | Message | Everyday Pearls sale up to 50% off | 1-30 Sep 68","3020 | BU DIA | Message | Everyday Pearls sale up to 50% off | 1-30 Sep 68","3020 | DIA | Message | Everyday Pearls sale up to 50% off | 1-30 Sep 68",35-44,unknown,47,96,11,,13,THB,0.50759639,,13.54166667,5.58356029,2025-09-01,2025-09-30
"3020 | BU DIA | Engage | Grand Sale up to 70% off | 20-30 Sep 68","3020 | BU DIA | Engage | Grand Sale up to 70% off | 20-30 Sep 68","3020 | DIA | Engage | Grand Sale up to 70% off | 20-30 Sep 68 [Retargeting]",18-24,male,80,171,12,,12,THB,0.44418279,,7.01754386,5.33019345,2025-09-01,2025-09-30
"3020 | BU DIA | Engage | Grand Sale up to 70% off | 13-30 Sep 68","3020 | BU DIA | Engage | Grand Sale up to 70% off | 13-30 Sep 68","3020 | DIA | Engage | Grand Sale up to 70% off | 13-30 Sep 68 [Interest]",45-54,male,116,193,25,,29,THB,0.21283031,,15.02590674,5.32075781,2025-09-01,2025-09-30
"3020 | BU DIA | Engage | Grand Sale up to 70% off | 13-30 Sep 68","3020 | BU DIA | Engage | Grand Sale up to 70% off | 13-30 Sep 68","3020 | DIA | Engage | Grand Sale up to 70% off | 13-30 Sep 68 [Retargeting]",35-44,unknown,58,137,19,,24,THB,0.27440132,,17.51824818,5.21362507,2025-09-01,2025-09-30
"3020 | BU DIA | Message | Grand Sale up to 70% off | 20-30 Sep 68","3020 | BU DIA | Message | Grand Sale up to 70% off | 20-30 Sep 68","3020 | DIA | Message | Grand Sale up to 70% off | 20-30 Sep 68 [Interest]",18-24,male,15,35,2,1,1,THB,2.4503086,4.90061719,2.85714286,4.90061719,2025-09-01,2025-09-30
"3020 | BU DIA | Engage | Grand Sale up to 70% off | 25-30 Sep 68","3020 | BU DIA | Engage | Grand Sale up to 70% off | 25-30 Sep","3020 | DIA | Engage | Grand Sale up to 70% off | 25-30 Sep 68 [Interest]",18-24,male,108,153,22,,23,THB,0.21333311,,15.03267974,4.69332847,2025-09-01,2025-09-30
"3020 | BU DIA | Engage | September Big Deal sale up 50% off | 13-30 Sep 68","3020 | BU DIA | Engage | September Big Deal sale up 50% off | 13-30 Sep 68","3020 | DIA | Engage | September Big Deal sale up 50% off | 13-30 Sep 68 [Retargeting]",18-24,male,71,135,16,,15,THB,0.28498428,,11.11111111,4.55974854,2025-09-01,2025-09-30
"3020 | BU DIA | Message | September Big Deal sale up 50% off | 13-30 Sep 68","3020 | BU DIA | Message | September Big Deal sale up 50% off | 13-30 Sep 68","3020 | DIA | Message | September Big Deal sale up 50% off | 13-30 Sep 68 [Retargeting]",35-44,unknown,18,49,3,,4,THB,1.5184643,,8.16326531,4.5553929,2025-09-01,2025-09-30
"3020 | BU DIA | Engage | Grand Sale up to 70% off | 13-30 Sep 68","3020 | BU DIA | Engage | Grand Sale up to 70% off | 13-30 Sep 68","3020 | DIA | Engage | Grand Sale up to 70% off | 13-30 Sep 68 [Retargeting]",25-34,unknown,66,116,10,,10,THB,0.45244677,,8.62068966,4.52446773,2025-09-01,2025-09-30
"3020 | BU DIA | Engage | Everyday Pearls sale up to 50% off | 1-30 Sep 68","3020 | BU DIA | Engage | Everyday Pearls sale up to 50% off | 1-30 Sep 68","3020 | DIA | Engage | Everyday Pearls sale up to 50% off | 1-30 Sep 68",35-44,unknown,76,152,32,,40,THB,0.13863839,,26.31578947,4.43642839,2025-09-01,2025-09-30
"3020 | BU DIA | Engage | September Big Deal sale up 50% off | 13-30 Sep 68","3020 | BU DIA | Engage | September Big Deal sale up 50% off | 13-30 Sep 68","3020 | DIA | Engage | September Big Deal sale up 50% off | 13-30 Sep 68 [Interest]",18-24,female,157,170,10,,13,THB,0.4391778,,7.64705882,4.39177802,2025-09-01,2025-09-30
"3020 | BU DIA | Engage | Grand Sale up to 70% off | 20-30 Sep 68","3020 | BU DIA | Engage | Grand Sale up to 70% off | 20-30 Sep 68","3020 | DIA | Engage | Grand Sale up to 70% off | 20-30 Sep 68 [Interest]",25-34,male,121,155,18,,19,THB,0.24388889,,12.25806452,4.39,2025-09-01,2025-09-30
"3020 | BU DIA | Message | September Big Deal sale up 50% off | 13-30 Sep 68","3020 | BU DIA | Message | September Big Deal sale up 50% off | 13-30 Sep 68","3020 | DIA | Message | September Big Deal sale up 50% off | 13-30 Sep 68 [Interest]",65+,male,9,51,,,0,THB,,,0,4.20516958,2025-09-01,2025-09-30
"3020 | BU DIA | Engage | Grand Sale up to 70% off | 20-30 Sep 68","3020 | BU DIA | Engage | Grand Sale up to 70% off | 20-30 Sep 68","3020 | DIA | Engage | Grand Sale up to 70% off | 20-30 Sep 68 [Retargeting]",35-44,unknown,52,108,12,,13,THB,0.33272119,,12.03703704,3.99265427,2025-09-01,2025-09-30
"3020 | BU DIA | Engage | September Mega Sale up to 60% off | 1-12 Sep 68","3020 | BU DIA | Engage | September Mega Sale up to 60% off | 1-12 Sep 68","3020 | DIA | Engage | September Mega Sale up to 60% off | 1-12 Sep 68",45-54,unknown,48,109,19,,21,THB,0.1979175,,19.26605505,3.76043245,2025-09-01,2025-09-30
"3020 | BU DIA | Message | Grand Sale up to 70% off | 20-30 Sep 68","3020 | BU DIA | Message | Grand Sale up to 70% off | 20-30 Sep 68","3020 | DIA | Message | Grand Sale up to 70% off | 20-30 Sep 68 [Retargeting]",45-54,unknown,12,49,4,,2,THB,0.91715136,,4.08163265,3.66860545,2025-09-01,2025-09-30
"3020 | BU DIA | Engage | Grand Sale up to 70% off | 13-30 Sep 68","3020 | BU DIA | Engage | Grand Sale up to 70% off | 13-30 Sep 68","3020 | DIA | Engage | Grand Sale up to 70% off | 13-30 Sep 68 [Interest]",18-24,male,113,124,6,,7,THB,0.60894226,,5.64516129,3.65365358,2025-09-01,2025-09-30
"3020 | BU DIA | Engage | Grand Sale up to 70% off | 13-30 Sep 68","3020 | BU DIA | Engage | Grand Sale up to 70% off | 13-30 Sep 68","3020 | DIA | Engage | Grand Sale up to 70% off | 13-30 Sep 68 [Retargeting]",65+,male,34,53,5,,11,THB,0.68915734,,20.75471698,3.44578668,2025-09-01,2025-09-30
"3020 | BU DIA | Engage | September Big Deal sale up 50% off | 13-30 Sep 68","3020 | BU DIA | Engage | September Big Deal sale up 50% off | 13-30 Sep 68","3020 | DIA | Engage | September Big Deal sale up 50% off | 13-30 Sep 68 [Interest]",45-54,male,103,129,20,,25,THB,0.17217766,,19.37984496,3.44355322,2025-09-01,2025-09-30
"3020 | BU DIA | Engage | Everyday Pearls sale up to 50% off | 1-30 Sep 68","3020 | BU DIA | Engage | Everyday Pearls sale up to 50% off | 1-30 Sep 68","3020 | DIA | Engage | Everyday Pearls sale up to 50% off | 1-30 Sep 68",25-34,unknown,97,141,19,,19,THB,0.17669985,,13.4751773,3.35729716,2025-09-01,2025-09-30
"3020 | BU DIA | Message | Everyday Pearls sale up to 50% off | 1-30 Sep 68","3020 | BU DIA | Message | Everyday Pearls sale up to 50% off | 1-30 Sep 68","3020 | DIA | Message | Everyday Pearls sale up to 50% off | 1-30 Sep 68",25-34,unknown,35,60,8,,11,THB,0.39704208,,18.33333333,3.17633663,2025-09-01,2025-09-30
"3020 | BU DIA | Message | Grand Sale up to 70% off | 13-30 Sep 68","3020 | BU DIA | Message | Grand Sale up to 70% off | 13-30 Sep 68","3020 | DIA | Message | Grand Sale up to 70% off | 13-30 Sep 68 [Interest]",65+,male,9,53,,,0,THB,,,0,3.15741954,2025-09-01,2025-09-30
"3020 | BU DIA | Message | Grand Sale up to 70% off | 20-30 Sep 68","3020 | BU DIA | Message | Grand Sale up to 70% off | 20-30 Sep 68","3020 | DIA | Message | Grand Sale up to 70% off | 20-30 Sep 68 [Interest]",45-54,unknown,6,12,1,,1,THB,3.08409514,,8.33333333,3.08409514,2025-09-01,2025-09-30
"3020 | BU DIA | Engage | Grand Sale up to 70% off | 14-20 Sep 68","3020 | BU DIA | Engage | Grand Sale up to 70% off | 14-20 Sep 68","3020 | DIA | Engage | Grand Sale up to 70% off | 14-20 Sep 68 [Retargeting]",25-34,unknown,49,70,43,,5,THB,0.07021302,,7.14285714,3.01915973,2025-09-01,2025-09-30
"3020 | BU DIA | Message | Everyday Pearls sale up to 50% off | 1-30 Sep 68","3020 | BU DIA | Message | Everyday Pearls sale up to 50% off | 1-30 Sep 68","3020 | DIA | Message | Everyday Pearls sale up to 50% off | 1-30 Sep 68",55-64,male,17,28,2,,3,THB,1.50826047,,10.71428571,3.01652095,2025-09-01,2025-09-30
"3020 | BU DIA | Message | September Big Deal sale up 50% off | 13-30 Sep 68","3020 | BU DIA | Message | September Big Deal sale up 50% off | 13-30 Sep 68","3020 | DIA | Message | September Big Deal sale up 50% off | 13-30 Sep 68 [Retargeting]",45-54,unknown,10,23,,,0,THB,,,0,2.97698922,2025-09-01,2025-09-30
"3020 | BU DIA | Engage | September Mega Sale up to 60% off | 1-12 Sep 68","3020 | BU DIA | Engage | September Mega Sale up to 60% off | 1-12 Sep 68","3020 | DIA | Engage | September Mega Sale up to 60% off | 1-12 Sep 68",65+,male,35,70,12,,11,THB,0.24752847,,15.71428571,2.97034159,2025-09-01,2025-09-30
"3020 | BU DIA | Engage | Everyday Pearls sale up to 50% off | 1-30 Sep 68","3020 | BU DIA | Engage | Everyday Pearls sale up to 50% off | 1-30 Sep 68","3020 | DIA | Engage | Everyday Pearls sale up to 50% off | 1-30 Sep 68",55-64,male,36,102,14,,17,THB,0.19769798,,16.66666667,2.76777177,2025-09-01,2025-09-30
"3020 | BU DIA | Engage | Grand Sale up to 70% off | 20-30 Sep 68","3020 | BU DIA | Engage | Grand Sale up to 70% off | 20-30 Sep 68","3020 | DIA | Engage | Grand Sale up to 70% off | 20-30 Sep 68 [Retargeting]",45-54,unknown,40,77,5,,5,THB,0.55098629,,6.49350649,2.75493144,2025-09-01,2025-09-30
"3020 | BU DIA | Engage | Everyday Pearls sale up to 50% off | 1-30 Sep 68","3020 | BU DIA | Engage | Everyday Pearls sale up to 50% off | 1-30 Sep 68","3020 | DIA | Engage | Everyday Pearls sale up to 50% off | 1-30 Sep 68",45-54,unknown,36,75,6,,7,THB,0.43798073,,9.33333333,2.62788438,2025-09-01,2025-09-30
"3020 | BU DIA | Message | Grand Sale up to 70% off | 20-30 Sep 68","3020 | BU DIA | Message | Grand Sale up to 70% off | 20-30 Sep 68","3020 | DIA | Message | Grand Sale up to 70% off | 20-30 Sep 68 [Interest]",55-64,male,13,39,3,,3,THB,0.83839479,,7.69230769,2.51518438,2025-09-01,2025-09-30
"3020 | BU DIA | Message | September Big Deal sale up 50% off | 13-30 Sep 68","3020 | BU DIA | Message | September Big Deal sale up 50% off | 13-30 Sep 68","3020 | DIA | Message | September Big Deal sale up 50% off | 13-30 Sep 68 [Interest]",55-64,male,8,27,4,1,3,THB,0.62031234,2.48124935,11.11111111,2.48124935,2025-09-01,2025-09-30
"3020 | BU DIA | Message | Grand Sale up to 70% off | 20-30 Sep 68","3020 | BU DIA | Message | Grand Sale up to 70% off | 20-30 Sep 68","3020 | DIA | Message | Grand Sale up to 70% off | 20-30 Sep 68 [Interest]",35-44,unknown,8,25,3,,4,THB,0.81510605,,16,2.44531815,2025-09-01,2025-09-30
"3020 | BU DIA | Engage | Everyday Pearls sale up to 50% off | 1-30 Sep 68","3020 | BU DIA | Engage | Everyday Pearls sale up to 50% off | 1-30 Sep 68","3020 | DIA | Engage | Everyday Pearls sale up to 50% off | 1-30 Sep 68",18-24,male,49,79,12,,14,THB,0.20233711,,17.72151899,2.42804527,2025-09-01,2025-09-30
"3020 | BU DIA | Message | Grand Sale up to 70% off | 13-30 Sep 68","3020 | BU DIA | Message | Grand Sale up to 70% off | 13-30 Sep 68","3020 | DIA | Message | Grand Sale up to 70% off | 13-30 Sep 68 [Interest]",45-54,male,33,44,1,,3,THB,2.36806465,,6.81818182,2.36806465,2025-09-01,2025-09-30
"3020 | BU DIA | Engage | Grand Sale up to 70% off | 25-30 Sep 68","3020 | BU DIA | Engage | Grand Sale up to 70% off | 25-30 Sep","3020 | DIA | Engage | Grand Sale up to 70% off | 25-30 Sep [Retargeting]",45-54,unknown,28,46,6,,5,THB,0.38751406,,10.86956522,2.32508436,2025-09-01,2025-09-30
"3020 | BU DIA | Engage | Grand Sale up to 70% off | 20-30 Sep 68","3020 | BU DIA | Engage | Grand Sale up to 70% off | 20-30 Sep 68","3020 | DIA | Engage | Grand Sale up to 70% off | 20-30 Sep 68 [Interest]",55-64,male,57,69,7,,8,THB,0.32857143,,11.5942029,2.3,2025-09-01,2025-09-30
"3020 | BU DIA | Engage | Grand Sale up to 70% off | 20-30 Sep 68","3020 | BU DIA | Engage | Grand Sale up to 70% off | 20-30 Sep 68","3020 | DIA | Engage | Grand Sale up to 70% off | 20-30 Sep 68 [Retargeting]",25-34,unknown,36,55,4,,4,THB,0.57144864,,7.27272727,2.28579457,2025-09-01,2025-09-30
"3020 | BU DIA | Engage | September Big Deal sale up 50% off | 13-30 Sep 68","3020 | BU DIA | Engage | September Big Deal sale up 50% off | 13-30 Sep 68","3020 | DIA | Engage | September Big Deal sale up 50% off | 13-30 Sep 68 [Retargeting]",35-44,unknown,42,79,11,,14,THB,0.20408662,,17.72151899,2.24495278,2025-09-01,2025-09-30
"3020 | BU DIA | Message | September Big Deal sale up 50% off | 13-30 Sep 68","3020 | BU DIA | Message | September Big Deal sale up 50% off | 13-30 Sep 68","3020 | DIA | Message | September Big Deal sale up 50% off | 13-30 Sep 68 [Interest]",45-54,male,27,39,6,,7,THB,0.36703889,,17.94871795,2.20223336,2025-09-01,2025-09-30
"3020 | BU DIA | Message | September Mega Sale up to 60% off | 1-12 Sep 68","3020 | BU DIA | Message | September Mega Sale up to 60% off | 1-12 Sep 68","3020 | DIA | Message | September Mega Sale up to 60% off | 1-12 Sep 68",45-54,unknown,14,30,,,1,THB,,,3.33333333,2.17013783,2025-09-01,2025-09-30
"3020 | BU DIA | Engage | September Big Deal sale up 50% off | 13-30 Sep 68","3020 | BU DIA | Engage | September Big Deal sale up 50% off | 13-30 Sep 68","3020 | DIA | Engage | September Big Deal sale up 50% off | 13-30 Sep 68 [Retargeting]",65+,male,32,46,9,,7,THB,0.23724439,,15.2173913,2.13519954,2025-09-01,2025-09-30
"3020 | BU DIA | Message | Everyday Pearls sale up to 50% off | 1-30 Sep 68","3020 | BU DIA | Message | Everyday Pearls sale up to 50% off | 1-30 Sep 68","3020 | DIA | Message | Everyday Pearls sale up to 50% off | 1-30 Sep 68",18-24,male,27,68,3,,9,THB,0.65923968,,13.23529412,1.97771903,2025-09-01,2025-09-30
"3020 | BU DIA | Engage | September Mega Sale up to 60% off | 1-12 Sep 68","3020 | BU DIA | Engage | September Mega Sale up to 60% off | 1-12 Sep 68","3020 | DIA | Engage | September Mega Sale up to 60% off | 1-12 Sep 68",25-34,unknown,45,64,4,,8,THB,0.48755607,,12.5,1.95022428,2025-09-01,2025-09-30
"3020 | BU DIA | Message | Grand Sale up to 70% off | 13-30 Sep 68","3020 | BU DIA | Message | Grand Sale up to 70% off | 13-30 Sep 68","3020 | DIA | Message | Grand Sale up to 70% off | 13-30 Sep 68 [Interest]",35-44,unknown,6,15,,,0,THB,,,0,1.93841579,2025-09-01,2025-09-30
"3020 | BU DIA | Engage | Grand Sale up to 70% off | 14-20 Sep 68","3020 | BU DIA | Engage | Grand Sale up to 70% off | 14-20 Sep 68","3020 | DIA | Engage | Grand Sale up to 70% off | 14-20 Sep 68 [Retargeting]",18-24,male,32,41,29,,5,THB,0.06618848,,12.19512195,1.91946579,2025-09-01,2025-09-30
"3020 | BU DIA | Engage | Grand Sale up to 70% off | 13-30 Sep 68","3020 | BU DIA | Engage | Grand Sale up to 70% off | 13-30 Sep 68","3020 | DIA | Engage | Grand Sale up to 70% off | 13-30 Sep 68 [Retargeting]",45-54,unknown,24,50,4,,4,THB,0.4794138,,8,1.9176552,2025-09-01,2025-09-30
"3020 | BU DIA | Message | September Mega Sale up to 60% off | 1-12 Sep 68","3020 | BU DIA | Message | September Mega Sale up to 60% off | 1-12 Sep 68","3020 | DIA | Message | September Mega Sale up to 60% off | 1-12 Sep 68",55-64,male,20,41,1,,3,THB,1.89012005,,7.31707317,1.89012005,2025-09-01,2025-09-30
"3020 | BU DIA | Message | Everyday Pearls sale up to 50% off | 1-30 Sep 68","3020 | BU DIA | Message | Everyday Pearls sale up to 50% off | 1-30 Sep 68","3020 | DIA | Message | Everyday Pearls sale up to 50% off | 1-30 Sep 68",65+,male,9,22,,,0,THB,,,0,1.87783423,2025-09-01,2025-09-30
"3020 | BU DIA | Message | September Mega Sale up to 60% off | 1-12 Sep 68","3020 | BU DIA | Message | September Mega Sale up to 60% off | 1-12 Sep 68","3020 | DIA | Message | September Mega Sale up to 60% off | 1-12 Sep 68",25-34,unknown,16,29,4,,5,THB,0.46002922,,17.24137931,1.84011687,2025-09-01,2025-09-30
"3020 | BU DIA | Message | Grand Sale up to 70% off | 20-30 Sep 68","3020 | BU DIA | Message | Grand Sale up to 70% off | 20-30 Sep 68","3020 | DIA | Message | Grand Sale up to 70% off | 20-30 Sep 68 [Interest]",65+,male,8,31,2,,3,THB,0.91824192,,9.67741935,1.83648384,2025-09-01,2025-09-30
"3020 | BU DIA | Engage | Grand Sale up to 70% off | 14-20 Sep 68","3020 | BU DIA | Engage | Grand Sale up to 70% off | 14-20 Sep 68","3020 | DIA | Engage | Grand Sale up to 70% off | 14-20 Sep 68 [Retargeting]",35-44,unknown,28,38,22,,3,THB,0.08043216,,7.89473684,1.76950752,2025-09-01,2025-09-30
"3020 | BU DIA | Message | Grand Sale up to 70% off | 20-30 Sep 68","3020 | BU DIA | Message | Grand Sale up to 70% off | 20-30 Sep 68","3020 | DIA | Message | Grand Sale up to 70% off | 20-30 Sep 68 [Retargeting]",18-24,male,22,48,1,,1,THB,1.65936922,,2.08333333,1.65936922,2025-09-01,2025-09-30
"3020 | BU DIA | Engage | Grand Sale up to 70% off | 25-30 Sep 68","3020 | BU DIA | Engage | Grand Sale up to 70% off | 25-30 Sep","3020 | DIA | Engage | Grand Sale up to 70% off | 25-30 Sep [Retargeting]",25-34,unknown,20,33,3,,4,THB,0.54551335,,12.12121212,1.63654006,2025-09-01,2025-09-30
"3020 | BU DIA | Engage | Grand Sale up to 70% off | 20-30 Sep 68","3020 | BU DIA | Engage | Grand Sale up to 70% off | 20-30 Sep 68","3020 | DIA | Engage | Grand Sale up to 70% off | 20-30 Sep 68 [Interest]",18-24,male,29,52,10,,11,THB,0.162,,21.15384615,1.62,2025-09-01,2025-09-30
"3020 | BU DIA | Message | September Mega Sale up to 60% off | 1-12 Sep 68","3020 | BU DIA | Message | September Mega Sale up to 60% off | 1-12 Sep 68","3020 | DIA | Message | September Mega Sale up to 60% off | 1-12 Sep 68",65+,male,10,16,2,,1,THB,0.80505113,,6.25,1.61010226,2025-09-01,2025-09-30
"3020 | BU DIA | Message | September Big Deal sale up 50% off | 13-30 Sep 68","3020 | BU DIA | Message | September Big Deal sale up 50% off | 13-30 Sep 68","3020 | DIA | Message | September Big Deal sale up 50% off | 13-30 Sep 68 [Retargeting]",25-34,unknown,15,26,1,,1,THB,1.59838347,,3.84615385,1.59838347,2025-09-01,2025-09-30
"3020 | BU DIA | Engage | September Big Deal sale up 50% off | 13-30 Sep 68","3020 | BU DIA | Engage | September Big Deal sale up 50% off | 13-30 Sep 68","3020 | DIA | Engage | September Big Deal sale up 50% off | 13-30 Sep 68 [Retargeting]",25-34,unknown,30,42,3,,4,THB,0.50220425,,9.52380952,1.50661276,2025-09-01,2025-09-30
"3020 | BU DIA | Engage | Grand Sale up to 70% off | 20-30 Sep 68","3020 | BU DIA | Engage | Grand Sale up to 70% off | 20-30 Sep 68","3020 | DIA | Engage | Grand Sale up to 70% off | 20-30 Sep 68 [Interest]",65+,male,33,37,3,,3,THB,0.49666667,,8.10810811,1.49,2025-09-01,2025-09-30
"3020 | BU DIA | Engage | Grand Sale up to 70% off | 14-20 Sep 68","3020 | BU DIA | Engage | Grand Sale up to 70% off | 14-20 Sep 68","3020 | DIA | Engage | Grand Sale up to 70% off | 14-20 Sep 68 [Retargeting]",45-54,unknown,16,32,22,,3,THB,0.06634517,,9.375,1.45959378,2025-09-01,2025-09-30
"3020 | BU DIA | Engage | September Big Deal sale up 50% off | 13-30 Sep 68","3020 | BU DIA | Engage | September Big Deal sale up 50% off | 13-30 Sep 68","3020 | DIA | Engage | September Big Deal sale up 50% off | 13-30 Sep 68 [Interest]",18-24,male,50,54,2,,2,THB,0.72364524,,3.7037037,1.44729048,2025-09-01,2025-09-30
"3020 | BU DIA | Message | Grand Sale up to 70% off | 13-30 Sep 68","3020 | BU DIA | Message | Grand Sale up to 70% off | 13-30 Sep 68","3020 | DIA | Message | Grand Sale up to 70% off | 13-30 Sep 68 [Interest]",45-54,unknown,3,4,,,0,THB,,,0,1.41884042,2025-09-01,2025-09-30
"3020 | BU DIA | Engage | September Big Deal sale up 50% off | 13-30 Sep 68","3020 | BU DIA | Engage | September Big Deal sale up 50% off | 13-30 Sep 68","3020 | DIA | Engage | September Big Deal sale up 50% off | 13-30 Sep 68 [Retargeting]",45-54,unknown,22,46,4,,5,THB,0.35420366,,10.86956522,1.41681464,2025-09-01,2025-09-30
"3020 | BU DIA | Engage | Grand Sale up to 70% off | 25-30 Sep 68","3020 | BU DIA | Engage | Grand Sale up to 70% off | 25-30 Sep","3020 | DIA | Engage | Grand Sale up to 70% off | 25-30 Sep 68 [Interest]",45-54,unknown,30,46,4,,4,THB,0.33452448,,8.69565217,1.3380979,2025-09-01,2025-09-30
"3020 | BU DIA | Engage | Grand Sale up to 70% off | 14-20 Sep 68","3020 | BU DIA | Engage | Grand Sale up to 70% off | 14-20 Sep 68","3020 | DIA | Engage | Grand Sale up to 70% off | 14-20 Sep 68 [Interest]",25-34,unknown,26,27,17,,1,THB,0.07458651,,3.7037037,1.26797063,2025-09-01,2025-09-30
"3020 | BU DIA | Engage | Grand Sale up to 70% off | 13-30 Sep 68","3020 | BU DIA | Engage | Grand Sale up to 70% off | 13-30 Sep 68","3020 | DIA | Engage | Grand Sale up to 70% off | 13-30 Sep 68 [Interest]",55-64,male,25,47,7,,10,THB,0.17826179,,21.27659574,1.24783251,2025-09-01,2025-09-30
"3020 | BU DIA | Engage | Grand Sale up to 70% off | 14-20 Sep 68","3020 | BU DIA | Engage | Grand Sale up to 70% off | 14-20 Sep 68","3020 | DIA | Engage | Grand Sale up to 70% off | 14-20 Sep 68 [Interest]",35-44,unknown,24,25,17,,1,THB,0.06812626,,4,1.1581464,2025-09-01,2025-09-30
"3020 | BU DIA | Message | September Big Deal sale up 50% off | 13-30 Sep 68","3020 | BU DIA | Message | September Big Deal sale up 50% off | 13-30 Sep 68","3020 | DIA | Message | September Big Deal sale up 50% off | 13-30 Sep 68 [Retargeting]",65+,male,6,16,5,,5,THB,0.22776964,,31.25,1.13884822,2025-09-01,2025-09-30
"3020 | BU DIA | Message | Grand Sale up to 70% off | 13-30 Sep 68","3020 | BU DIA | Message | Grand Sale up to 70% off | 13-30 Sep 68","3020 | DIA | Message | Grand Sale up to 70% off | 13-30 Sep 68 [Interest]",18-24,male,22,34,,,1,THB,,,2.94117647,1.12907724,2025-09-01,2025-09-30
"3020 | BU DIA | Engage | Grand Sale up to 70% off | 13-30 Sep 68","3020 | BU DIA | Engage | Grand Sale up to 70% off | 13-30 Sep 68","3020 | DIA | Engage | Grand Sale up to 70% off | 13-30 Sep 68 [Interest]",25-34,unknown,36,37,1,,2,THB,1.11805793,,5.40540541,1.11805793,2025-09-01,2025-09-30
"3020 | BU DIA | Engage | September Big Deal sale up 50% off | 13-30 Sep 68","3020 | BU DIA | Engage | September Big Deal sale up 50% off | 13-30 Sep 68","3020 | DIA | Engage | September Big Deal sale up 50% off | 13-30 Sep 68 [Interest]",55-64,male,25,41,8,,8,THB,0.13100474,,19.51219512,1.04803794,2025-09-01,2025-09-30
"3020 | BU DIA | Message | September Big Deal sale up 50% off | 13-30 Sep 68","3020 | BU DIA | Message | September Big Deal sale up 50% off | 13-30 Sep 68","3020 | DIA | Message | September Big Deal sale up 50% off | 13-30 Sep 68 [Retargeting]",18-24,male,12,28,1,,4,THB,1.01896946,,14.28571429,1.01896946,2025-09-01,2025-09-30
"3020 | BU DIA | Engage | Grand Sale up to 70% off | 25-30 Sep 68","3020 | BU DIA | Engage | Grand Sale up to 70% off | 25-30 Sep","3020 | DIA | Engage | Grand Sale up to 70% off | 25-30 Sep [Retargeting]",35-44,unknown,18,33,5,,5,THB,0.1955865,,15.15151515,0.97793248,2025-09-01,2025-09-30
"3020 | BU DIA | Message | September Mega Sale up to 60% off | 1-12 Sep 68","3020 | BU DIA | Message | September Mega Sale up to 60% off | 1-12 Sep 68","3020 | DIA | Message | September Mega Sale up to 60% off | 1-12 Sep 68",55-64,unknown,2,2,,,0,THB,,,0,0.97006161,2025-09-01,2025-09-30
"3020 | BU DIA | Engage | Grand Sale up to 70% off | 20-30 Sep 68","3020 | BU DIA | Engage | Grand Sale up to 70% off | 20-30 Sep 68","3020 | DIA | Engage | Grand Sale up to 70% off | 20-30 Sep 68 [Interest]",45-54,unknown,14,24,5,,5,THB,0.188,,20.83333333,0.94,2025-09-01,2025-09-30
"3020 | BU DIA | Message | September Big Deal sale up 50% off | 13-30 Sep 68","3020 | BU DIA | Message | September Big Deal sale up 50% off | 13-30 Sep 68","3020 | DIA | Message | September Big Deal sale up 50% off | 13-30 Sep 68 [Retargeting]",55-64,unknown,2,2,,,0,THB,,,0,0.92906039,2025-09-01,2025-09-30
"3020 | BU DIA | Message | Grand Sale up to 70% off | 20-30 Sep 68","3020 | BU DIA | Message | Grand Sale up to 70% off | 20-30 Sep 68","3020 | DIA | Message | Grand Sale up to 70% off | 20-30 Sep 68 [Retargeting]",25-34,unknown,7,33,1,,1,THB,0.91965041,,3.03030303,0.91965041,2025-09-01,2025-09-30
"3020 | BU DIA | Engage | Grand Sale up to 70% off | 13-30 Sep 68","3020 | BU DIA | Engage | Grand Sale up to 70% off | 13-30 Sep 68","3020 | DIA | Engage | Grand Sale up to 70% off | 13-30 Sep 68 [Interest]",65+,male,21,33,3,,4,THB,0.30280735,,12.12121212,0.90842206,2025-09-01,2025-09-30
"3020 | BU DIA | Message | Grand Sale up to 70% off | 13-30 Sep 68","3020 | BU DIA | Message | Grand Sale up to 70% off | 13-30 Sep 68","3020 | DIA | Message | Grand Sale up to 70% off | 13-30 Sep 68 [Interest]",25-34,unknown,9,22,2,,4,THB,0.44463661,,18.18181818,0.88927322,2025-09-01,2025-09-30
"3020 | BU DIA | Engage | Grand Sale up to 70% off | 14-20 Sep 68","3020 | BU DIA | Engage | Grand Sale up to 70% off | 14-20 Sep 68","3020 | DIA | Engage | Grand Sale up to 70% off | 14-20 Sep 68 [Retargeting]",55-64,unknown,8,15,13,,2,THB,0.06767347,,13.33333333,0.87975515,2025-09-01,2025-09-30
"3020 | BU DIA | Engage | Everyday Pearls sale up to 50% off | 1-30 Sep 68","3020 | BU DIA | Engage | Everyday Pearls sale up to 50% off | 1-30 Sep 68","3020 | DIA | Engage | Everyday Pearls sale up to 50% off | 1-30 Sep 68",65+,male,22,30,1,,2,THB,0.7693806,,6.66666667,0.7693806,2025-09-01,2025-09-30
"3020 | BU DIA | Message | September Big Deal sale up 50% off | 13-30 Sep 68","3020 | BU DIA | Message | September Big Deal sale up 50% off | 13-30 Sep 68","3020 | DIA | Message | September Big Deal sale up 50% off | 13-30 Sep 68 [Interest]",35-44,unknown,10,16,,,0,THB,,,0,0.74736426,2025-09-01,2025-09-30
"3020 | BU DIA | Engage | Grand Sale up to 70% off | 14-20 Sep 68","3020 | BU DIA | Engage | Grand Sale up to 70% off | 14-20 Sep 68","3020 | DIA | Engage | Grand Sale up to 70% off | 14-20 Sep 68 [Interest]",18-24,unknown,14,15,13,,1,THB,0.05452811,,6.66666667,0.70886547,2025-09-01,2025-09-30
"3020 | BU DIA | Engage | Grand Sale up to 70% off | 13-30 Sep 68","3020 | BU DIA | Engage | Grand Sale up to 70% off | 13-30 Sep 68","3020 | DIA | Engage | Grand Sale up to 70% off | 13-30 Sep 68 [Interest]",35-44,unknown,27,34,5,,6,THB,0.14175377,,17.64705882,0.70876886,2025-09-01,2025-09-30
"3020 | BU DIA | Message | Grand Sale up to 70% off | 20-30 Sep 68","3020 | BU DIA | Message | Grand Sale up to 70% off | 20-30 Sep 68","3020 | DIA | Message | Grand Sale up to 70% off | 20-30 Sep 68 [Interest]",25-34,unknown,7,15,,,0,THB,,,0,0.64875788,2025-09-01,2025-09-30
"3020 | BU DIA | Engage | Grand Sale up to 70% off | 13-30 Sep 68","3020 | BU DIA | Engage | Grand Sale up to 70% off | 13-30 Sep 68","3020 | DIA | Engage | Grand Sale up to 70% off | 13-30 Sep 68 [Retargeting]",18-24,unknown,9,15,2,,2,THB,0.31461531,,13.33333333,0.62923061,2025-09-01,2025-09-30
"3020 | BU DIA | Engage | Grand Sale up to 70% off | 25-30 Sep 68","3020 | BU DIA | Engage | Grand Sale up to 70% off | 25-30 Sep","3020 | DIA | Engage | Grand Sale up to 70% off | 25-30 Sep 68 [Interest]",25-34,unknown,8,9,,,0,THB,,,0,0.55920509,2025-09-01,2025-09-30
"3020 | BU DIA | Message | September Big Deal sale up 50% off | 13-30 Sep 68","3020 | BU DIA | Message | September Big Deal sale up 50% off | 13-30 Sep 68","3020 | DIA | Message | September Big Deal sale up 50% off | 13-30 Sep 68 [Interest]",18-24,male,12,14,,,0,THB,,,0,0.48827798,2025-09-01,2025-09-30
"3020 | BU DIA | Engage | Grand Sale up to 70% off | 13-30 Sep 68","3020 | BU DIA | Engage | Grand Sale up to 70% off | 13-30 Sep 68","3020 | DIA | Engage | Grand Sale up to 70% off | 13-30 Sep 68 [Interest]",45-54,unknown,12,17,1,,1,THB,0.46918502,,5.88235294,0.46918502,2025-09-01,2025-09-30
"3020 | BU DIA | Engage | Grand Sale up to 70% off | 25-30 Sep 68","3020 | BU DIA | Engage | Grand Sale up to 70% off | 25-30 Sep","3020 | DIA | Engage | Grand Sale up to 70% off | 25-30 Sep 68 [Interest]",35-44,unknown,14,19,,,0,THB,,,0,0.42938963,2025-09-01,2025-09-30
"3020 | BU DIA | Message | September Big Deal sale up 50% off | 13-30 Sep 68","3020 | BU DIA | Message | September Big Deal sale up 50% off | 13-30 Sep 68","3020 | DIA | Message | September Big Deal sale up 50% off | 13-30 Sep 68 [Interest]",25-34,unknown,7,11,1,,1,THB,0.42848884,,9.09090909,0.42848884,2025-09-01,2025-09-30
"3020 | BU DIA | Engage | Grand Sale up to 70% off | 14-20 Sep 68","3020 | BU DIA | Engage | Grand Sale up to 70% off | 14-20 Sep 68","3020 | DIA | Engage | Grand Sale up to 70% off | 14-20 Sep 68 [Interest]",45-54,unknown,11,11,4,,0,THB,0.09235219,,0,0.36940877,2025-09-01,2025-09-30
"3020 | BU DIA | Engage | September Big Deal sale up 50% off | 13-30 Sep 68","3020 | BU DIA | Engage | September Big Deal sale up 50% off | 13-30 Sep 68","3020 | DIA | Engage | September Big Deal sale up 50% off | 13-30 Sep 68 [Interest]",65+,male,10,15,2,,3,THB,0.17966365,,20,0.35932729,2025-09-01,2025-09-30
"3020 | BU DIA | Engage | Grand Sale up to 70% off | 25-30 Sep 68","3020 | BU DIA | Engage | Grand Sale up to 70% off | 25-30 Sep","3020 | DIA | Engage | Grand Sale up to 70% off | 25-30 Sep [Retargeting]",55-64,unknown,9,10,,,0,THB,,,0,0.3592405,2025-09-01,2025-09-30
"3020 | BU DIA | Engage | Grand Sale up to 70% off | 20-30 Sep 68","3020 | BU DIA | Engage | Grand Sale up to 70% off | 20-30 Sep 68","3020 | DIA | Engage | Grand Sale up to 70% off | 20-30 Sep 68 [Retargeting]",55-64,unknown,8,8,2,,2,THB,0.17467862,,25,0.34935725,2025-09-01,2025-09-30
"3020 | BU DIA | Engage | Grand Sale up to 70% off | 13-30 Sep 68","3020 | BU DIA | Engage | Grand Sale up to 70% off | 13-30 Sep 68","3020 | DIA | Engage | Grand Sale up to 70% off | 13-30 Sep 68 [Retargeting]",55-64,unknown,3,5,,,0,THB,,,0,0.32959699,2025-09-01,2025-09-30
"3020 | BU DIA | Engage | Grand Sale up to 70% off | 20-30 Sep 68","3020 | BU DIA | Engage | Grand Sale up to 70% off | 20-30 Sep 68","3020 | DIA | Engage | Grand Sale up to 70% off | 20-30 Sep 68 [Interest]",35-44,unknown,9,12,1,,2,THB,0.32,,16.66666667,0.32,2025-09-01,2025-09-30
"3020 | BU DIA | Message | Grand Sale up to 70% off | 13-30 Sep 68","3020 | BU DIA | Message | Grand Sale up to 70% off | 13-30 Sep 68","3020 | DIA | Message | Grand Sale up to 70% off | 13-30 Sep 68 [Retargeting]",55-64,unknown,3,5,,,0,THB,,,0,0.30975501,2025-09-01,2025-09-30
"3020 | BU DIA | Engage | September Mega Sale up to 60% off | 1-12 Sep 68","3020 | BU DIA | Engage | September Mega Sale up to 60% off | 1-12 Sep 68","3020 | DIA | Engage | September Mega Sale up to 60% off | 1-12 Sep 68",65+,unknown,9,11,,,1,THB,,,9.09090909,0.27003105,2025-09-01,2025-09-30
"3020 | BU DIA | Engage | Grand Sale up to 70% off | 25-30 Sep 68","3020 | BU DIA | Engage | Grand Sale up to 70% off | 25-30 Sep","3020 | DIA | Engage | Grand Sale up to 70% off | 25-30 Sep 68 [Interest]",55-64,unknown,9,10,,,0,THB,,,0,0.26961674,2025-09-01,2025-09-30
"3020 | BU DIA | Engage | Grand Sale up to 70% off | 20-30 Sep 68","3020 | BU DIA | Engage | Grand Sale up to 70% off | 20-30 Sep 68","3020 | DIA | Engage | Grand Sale up to 70% off | 20-30 Sep 68 [Retargeting]",18-24,unknown,4,9,,,0,THB,,,0,0.24954089,2025-09-01,2025-09-30
"3020 | BU DIA | Message | September Mega Sale up to 60% off | 1-12 Sep 68","3020 | BU DIA | Message | September Mega Sale up to 60% off | 1-12 Sep 68","3020 | DIA | Message | September Mega Sale up to 60% off | 1-12 Sep 68",65+,unknown,1,1,1,,0,THB,0.22001397,,0,0.22001397,2025-09-01,2025-09-30
"3020 | BU DIA | Engage | Everyday Pearls sale up to 50% off | 1-30 Sep 68","3020 | BU DIA | Engage | Everyday Pearls sale up to 50% off | 1-30 Sep 68","3020 | DIA | Engage | Everyday Pearls sale up to 50% off | 1-30 Sep 68",18-24,unknown,6,8,2,,2,THB,0.10991151,,25,0.21982303,2025-09-01,2025-09-30
"3020 | BU DIA | Engage | Grand Sale up to 70% off | 20-30 Sep 68","3020 | BU DIA | Engage | Grand Sale up to 70% off | 20-30 Sep 68","3020 | DIA | Engage | Grand Sale up to 70% off | 20-30 Sep 68 [Retargeting]",65+,unknown,3,5,1,,1,THB,0.20961435,,20,0.20961435,2025-09-01,2025-09-30
"3020 | BU DIA | Engage | September Big Deal sale up 50% off | 13-30 Sep 68","3020 | BU DIA | Engage | September Big Deal sale up 50% off | 13-30 Sep 68","3020 | DIA | Engage | September Big Deal sale up 50% off | 13-30 Sep 68 [Interest]",35-44,unknown,10,10,,,0,THB,,,0,0.20960759,2025-09-01,2025-09-30
"3020 | BU DIA | Engage | Grand Sale up to 70% off | 25-30 Sep 68","3020 | BU DIA | Engage | Grand Sale up to 70% off | 25-30 Sep","3020 | DIA | Engage | Grand Sale up to 70% off | 25-30 Sep 68 [Interest]",65+,unknown,5,8,,,1,THB,,,12.5,0.19971611,2025-09-01,2025-09-30
"3020 | BU DIA | Engage | September Big Deal sale up 50% off | 13-30 Sep 68","3020 | BU DIA | Engage | September Big Deal sale up 50% off | 13-30 Sep 68","3020 | DIA | Engage | September Big Deal sale up 50% off | 13-30 Sep 68 [Interest]",45-54,unknown,6,8,2,,2,THB,0.09981314,,25,0.19962627,2025-09-01,2025-09-30
"3020 | BU DIA | Engage | September Mega Sale up to 60% off | 1-12 Sep 68","3020 | BU DIA | Engage | September Mega Sale up to 60% off | 1-12 Sep 68","3020 | DIA | Engage | September Mega Sale up to 60% off | 1-12 Sep 68",55-64,unknown,7,8,2,,4,THB,0.09501093,,50,0.19002185,2025-09-01,2025-09-30
"3020 | BU DIA | Engage | Grand Sale up to 70% off | 13-30 Sep 68","3020 | BU DIA | Engage | Grand Sale up to 70% off | 13-30 Sep 68","3020 | DIA | Engage | Grand Sale up to 70% off | 13-30 Sep 68 [Interest]",18-24,unknown,8,8,2,,2,THB,0.08984394,,25,0.17968788,2025-09-01,2025-09-30
"3020 | BU DIA | Engage | September Big Deal sale up 50% off | 13-30 Sep 68","3020 | BU DIA | Engage | September Big Deal sale up 50% off | 13-30 Sep 68","3020 | DIA | Engage | September Big Deal sale up 50% off | 13-30 Sep 68 [Retargeting]",18-24,unknown,4,6,,,0,THB,,,0,0.17959622,2025-09-01,2025-09-30
"3020 | BU DIA | Engage | Grand Sale up to 70% off | 20-30 Sep 68","3020 | BU DIA | Engage | Grand Sale up to 70% off | 20-30 Sep 68","3020 | DIA | Engage | Grand Sale up to 70% off | 20-30 Sep 68 [Interest]",18-24,unknown,4,6,,,0,THB,,,0,0.17,2025-09-01,2025-09-30
"3020 | BU DIA | Message | Everyday Pearls sale up to 50% off | 1-30 Sep 68","3020 | BU DIA | Message | Everyday Pearls sale up to 50% off | 1-30 Sep 68","3020 | DIA | Message | Everyday Pearls sale up to 50% off | 1-30 Sep 68",55-64,unknown,1,3,,,0,THB,,,0,0.16980416,2025-09-01,2025-09-30
"3020 | BU DIA | Engage | Everyday Pearls sale up to 50% off | 1-30 Sep 68","3020 | BU DIA | Engage | Everyday Pearls sale up to 50% off | 1-30 Sep 68","3020 | DIA | Engage | Everyday Pearls sale up to 50% off | 1-30 Sep 68",55-64,unknown,2,3,,,0,THB,,,0,0.15987129,2025-09-01,2025-09-30
"3020 | BU DIA | Engage | Grand Sale up to 70% off | 14-20 Sep 68","3020 | BU DIA | Engage | Grand Sale up to 70% off | 14-20 Sep 68","3020 | DIA | Engage | Grand Sale up to 70% off | 14-20 Sep 68 [Retargeting]",65+,unknown,1,3,3,,0,THB,0.04998609,,0,0.14995826,2025-09-01,2025-09-30
"3020 | BU DIA | Message | Grand Sale up to 70% off | 20-30 Sep 68","3020 | BU DIA | Message | Grand Sale up to 70% off | 20-30 Sep 68","3020 | DIA | Message | Grand Sale up to 70% off | 20-30 Sep 68 [Retargeting]",55-64,unknown,1,1,,,0,THB,,,0,0.1399468,2025-09-01,2025-09-30
"3020 | BU DIA | Engage | September Big Deal sale up 50% off | 13-30 Sep 68","3020 | BU DIA | Engage | September Big Deal sale up 50% off | 13-30 Sep 68","3020 | DIA | Engage | September Big Deal sale up 50% off | 13-30 Sep 68 [Interest]",25-34,unknown,4,4,1,,1,THB,0.13973839,,25,0.13973839,2025-09-01,2025-09-30
"3020 | BU DIA | Engage | Grand Sale up to 70% off | 13-30 Sep 68","3020 | BU DIA | Engage | Grand Sale up to 70% off | 13-30 Sep 68","3020 | DIA | Engage | Grand Sale up to 70% off | 13-30 Sep 68 [Retargeting]",65+,unknown,2,7,,,0,THB,,,0,0.11985345,2025-09-01,2025-09-30
"3020 | BU DIA | Engage | Everyday Pearls sale up to 50% off | 1-30 Sep 68","3020 | BU DIA | Engage | Everyday Pearls sale up to 50% off | 1-30 Sep 68","3020 | DIA | Engage | Everyday Pearls sale up to 50% off | 1-30 Sep 68",65+,unknown,3,6,1,,1,THB,0.09991956,,16.66666667,0.09991956,2025-09-01,2025-09-30
"3020 | BU DIA | Engage | Grand Sale up to 70% off | 25-30 Sep 68","3020 | BU DIA | Engage | Grand Sale up to 70% off | 25-30 Sep","3020 | DIA | Engage | Grand Sale up to 70% off | 25-30 Sep 68 [Interest]",18-24,unknown,2,2,,,0,THB,,,0,0.09985805,2025-09-01,2025-09-30
"3020 | BU DIA | Engage | Grand Sale up to 70% off | 14-20 Sep 68","3020 | BU DIA | Engage | Grand Sale up to 70% off | 14-20 Sep 68","3020 | DIA | Engage | Grand Sale up to 70% off | 14-20 Sep 68 [Interest]",55-64,unknown,1,1,1,,0,THB,0.08985619,,0,0.08985619,2025-09-01,2025-09-30
"3020 | BU DIA | Message | Grand Sale up to 70% off | 13-30 Sep 68","3020 | BU DIA | Message | Grand Sale up to 70% off | 13-30 Sep 68","3020 | DIA | Message | Grand Sale up to 70% off | 13-30 Sep 68 [Interest]",55-64,male,4,7,,,0,THB,,,0,0.07993467,2025-09-01,2025-09-30
"3020 | BU DIA | Engage | Grand Sale up to 70% off | 13-30 Sep 68","3020 | BU DIA | Engage | Grand Sale up to 70% off | 13-30 Sep 68","3020 | DIA | Engage | Grand Sale up to 70% off | 13-30 Sep 68 [Interest]",65+,unknown,1,2,,,0,THB,,,0,0.07986128,2025-09-01,2025-09-30
"3020 | BU DIA | Engage | Grand Sale up to 70% off | 25-30 Sep 68","3020 | BU DIA | Engage | Grand Sale up to 70% off | 25-30 Sep","3020 | DIA | Engage | Grand Sale up to 70% off | 25-30 Sep [Retargeting]",65+,unknown,2,2,,,0,THB,,,0,0.07983122,2025-09-01,2025-09-30
"3020 | BU DIA | Message | Everyday Pearls sale up to 50% off | 1-30 Sep 68","3020 | BU DIA | Message | Everyday Pearls sale up to 50% off | 1-30 Sep 68","3020 | DIA | Message | Everyday Pearls sale up to 50% off | 1-30 Sep 68",18-24,unknown,2,2,,,0,THB,,,0,0.06991936,2025-09-01,2025-09-30
"3020 | BU DIA | Engage | Grand Sale up to 70% off | 20-30 Sep 68","3020 | BU DIA | Engage | Grand Sale up to 70% off | 20-30 Sep 68","3020 | DIA | Engage | Grand Sale up to 70% off | 20-30 Sep 68 [Interest]",25-34,unknown,3,3,,,1,THB,,,33.33333333,0.06,2025-09-01,2025-09-30
"3020 | BU DIA | Engage | Grand Sale up to 70% off | 20-30 Sep 68","3020 | BU DIA | Engage | Grand Sale up to 70% off | 20-30 Sep 68","3020 | DIA | Engage | Grand Sale up to 70% off | 20-30 Sep 68 [Interest]",65+,unknown,1,1,,,0,THB,,,0,0.06,2025-09-01,2025-09-30
"3020 | BU DIA | Message | Grand Sale up to 70% off | 20-30 Sep 68","3020 | BU DIA | Message | Grand Sale up to 70% off | 20-30 Sep 68","3020 | DIA | Message | Grand Sale up to 70% off | 20-30 Sep 68 [Interest]",55-64,unknown,2,2,,,0,THB,,,0,0.05988534,2025-09-01,2025-09-30
"3020 | BU DIA | Engage | Grand Sale up to 70% off | 14-20 Sep 68","3020 | BU DIA | Engage | Grand Sale up to 70% off | 14-20 Sep 68","3020 | DIA | Engage | Grand Sale up to 70% off | 14-20 Sep 68 [Retargeting]",18-24,unknown,1,1,,,0,THB,,,0,0.04998609,2025-09-01,2025-09-30
"3020 | BU DIA | Message | Grand Sale up to 70% off | 13-30 Sep 68","3020 | BU DIA | Message | Grand Sale up to 70% off | 13-30 Sep 68","3020 | DIA | Message | Grand Sale up to 70% off | 13-30 Sep 68 [Interest]",55-64,unknown,1,3,,,0,THB,,,0,0.04995917,2025-09-01,2025-09-30
"3020 | BU DIA | Engage | Grand Sale up to 70% off | 14-20 Sep 68","3020 | BU DIA | Engage | Grand Sale up to 70% off | 14-20 Sep 68","3020 | DIA | Engage | Grand Sale up to 70% off | 14-20 Sep 68 [Interest]",65+,unknown,2,2,1,,0,THB,0.0499201,,0,0.0499201,2025-09-01,2025-09-30
"3020 | BU DIA | Engage | September Big Deal sale up 50% off | 13-30 Sep 68","3020 | BU DIA | Engage | September Big Deal sale up 50% off | 13-30 Sep 68","3020 | DIA | Engage | September Big Deal sale up 50% off | 13-30 Sep 68 [Interest]",65+,unknown,2,2,,,0,THB,,,0,0.04990657,2025-09-01,2025-09-30
"3020 | BU DIA | Engage | September Big Deal sale up 50% off | 13-30 Sep 68","3020 | BU DIA | Engage | September Big Deal sale up 50% off | 13-30 Sep 68","3020 | DIA | Engage | September Big Deal sale up 50% off | 13-30 Sep 68 [Retargeting]",55-64,unknown,1,1,,,0,THB,,,0,0.0299327,2025-09-01,2025-09-30
"3020 | BU DIA | Engage | Grand Sale up to 70% off | 20-30 Sep 68","3020 | BU DIA | Engage | Grand Sale up to 70% off | 20-30 Sep 68","3020 | DIA | Engage | Grand Sale up to 70% off | 20-30 Sep 68 [Interest]",55-64,unknown,1,1,,,0,THB,,,0,0.02,2025-09-01,2025-09-30
"3020 | BU DIA | Message | September Big Deal sale up 50% off | 13-30 Sep 68","3020 | BU DIA | Message | September Big Deal sale up 50% off | 13-30 Sep 68","3020 | DIA | Message | September Big Deal sale up 50% off | 13-30 Sep 68 [Retargeting]",18-24,unknown,1,2,,,0,THB,,,0,0.01997979,2025-09-01,2025-09-30
"3020 | BU DIA | Engage | Grand Sale up to 70% off | 25-30 Sep 68","3020 | BU DIA | Engage | Grand Sale up to 70% off | 25-30 Sep","3020 | DIA | Engage | Grand Sale up to 70% off | 25-30 Sep [Retargeting]",18-24,unknown,1,1,,,0,THB,,,0,0.01995781,2025-09-01,2025-09-30
"3020 | BU DIA | Engage | September Big Deal sale up 50% off | 13-30 Sep 68","3020 | BU DIA | Engage | September Big Deal sale up 50% off | 13-30 Sep 68","3020 | DIA | Engage | September Big Deal sale up 50% off | 13-30 Sep 68 [Retargeting]",65+,unknown,1,1,,,0,THB,,,0,0.01995514,2025-09-01,2025-09-30
"3020 | BU DIA | Message | Grand Sale up to 70% off | 13-30 Sep 68","3020 | BU DIA | Message | Grand Sale up to 70% off | 13-30 Sep 68","3020 | DIA | Message | Grand Sale up to 70% off | 13-30 Sep 68 [Retargeting]",18-24,unknown,1,1,,,0,THB,,,0,0.0099921,2025-09-01,2025-09-30
"3020 | BU DIA | Engage FB| Private Sale | 24 - 28 Aug 2025","3020 | BU DIA | Engage FB| Private Sale | 24 - 28 Aug 2025","3020 | BU DIA | Engage FB| Private Sale | 24 - 28 Aug 2025",25-34,female,0,0,,1,0,THB,,0,0,0,2025-09-01,2025-09-30
"3020 | BU DIA | MSG| Gifts From The Heart Sale up to 60% off | 16 - 31 Aug 2025","3020 | BU DIA | MSG| Gifts From The Heart Sale up to 60% off | 16 - 31 Aug 2025","3020 | BU DIA | MSG| Gifts From The Heart Sale up to 60% off",25-34,female,0,0,,1,0,THB,,0,0,0,2025-09-01,2025-09-30
"3020 | BU DIA | Engage | Pearl Deals You Can't Miss Up to 60% Off | 1-31 Aug 68","3020 | BU DIA | Engage | Pearl Deals You Can't Miss Up to 60% Off | 1-31 Aug 68","3020 | BU DIA | Engage | Pearl Deals You Can't Miss Up to 60% Off | 1-31 Aug 68",35-44,female,0,0,,1,0,THB,,0,0,0,2025-09-01,2025-09-30
"3020 | BU DIA | Engage FB| Private Sale | 24 - 28 Aug 2025","3020 | BU DIA | Engage FB| Private Sale | 24 - 28 Aug 2025","3020 | BU DIA | Engage FB| Private Sale | 24 - 28 Aug 2025",35-44,female,0,0,,1,0,THB,,0,0,0,2025-09-01,2025-09-30
"3020 | BU DIA | Engage  | New Arrival | 7-31 Aug 2025","3020 | BU DIA | Engage  | New Arrival | 7-31 Aug 2025","3020 | BU DIA | Engage  | New Arrival | 7-31 Aug 2025",35-44,female,0,0,,1,0,THB,,0,0,0,2025-09-01,2025-09-30
"3020 | BU DIA | Engage | เลี้ยงด้วยใจ เเทนคุณด้วยเพชร ลดสูงสุด 60% | 13-31 Aug 68","3020 | BU DIA | Engage | เลี้ยงด้วยใจ เเทนคุณด้วยเพชร ลดสูงสุด 60% | 13-31 Aug 68","3020 | BU DIA | Engage | เลี้ยงด้วยใจ เเทนคุณด้วยเพชร ลดสูงสุด 60% | 13-31 Aug 68",65+,female,0,0,,1,0,THB,,0,0,0,2025-09-01,2025-09-30
