"Campaign name","Ad name","Ad set name",Age,Gender,Reach,Impressions,"Post engagements","Messaging conversations started","Clicks (all)",Currency,"Cost per post engagement","Cost per messaging conversation started","CTR (all)","Amount spent (THB)","Reporting starts","Reporting ends"
"3020 | BU DIA | Message | Wedding Package sale up to 60% off | 2-30 Nov 25","Wedding Package sale up to 60% off","3020 | BU DIA | Message |Wedding Package sale up to 60% off | 2-30 Nov 25 [Retargeting]",25-34,female,4982,12328,1115,20,1619,THB,1.02234434,56.99569691,13.13270604,1139.91393819,2025-11-01,2025-11-30
"3020 | BU DIA | Engage | Wedding Package sale up to 60% off | 2-30 Nov 25","Wedding Package sale up to 60% off","3020 | BU DIA | Engage |Wedding Package sale up to 60% off | 2-30 Nov 25 [Retargeting]",25-34,female,12619,25258,3596,9,4662,THB,0.26033301,104.01750202,18.45751841,936.15751814,2025-11-01,2025-11-30
"3020 | BU DIA | Message | จัดตามงบ ได้ครบตามใจ Sale up to 50% off | 16-30 Nov 25 - Copy","จัดตามงบ ได้ครบตามใจ Sale up to 50% off","3020 | BU DIA | Message  | จัดตามงบ ได้ครบตามใจ Sale up to 50% off | 16-30 Nov 25 [Retargeting]",35-44,female,5479,13801,1388,55,1804,THB,0.67171843,16.95173054,13.07151656,932.3451798,2025-11-01,2025-11-30
"3020 | BU DIA | Message | The Season of Gift Finding Sale up to 60% off | 1-15 Nov 25","The Season of Gift Finding Sale up to 60% off","3020 | BU DIA | Message |The Season of Gift Finding Sale up to 60% off | 1-15 Nov 25 [Interest]",35-44,female,4745,11896,949,16,1181,THB,0.73767005,43.75305464,9.92770679,700.04887429,2025-11-01,2025-11-30
"3020 | BU DIA | Message | Modern Pearl, Minimal You Sale up to 60% | 1-30 Nov 25","Modern Pearl, Minimal You Sale up to 60%","3020 | BU DIA | Message | Modern Pearl, Minimal You Sale up to 60% | 1-30 Nov 25 [Retargeting]",35-44,female,5260,9903,1007,57,1438,THB,0.67518765,11.92831515,14.52085227,679.91396368,2025-11-01,2025-11-30
"3020 | BU DIA | Message | จัดตามงบ ได้ครบตามใจ Sale up to 50% off | 16-30 Nov 25 - Copy","จัดตามงบ ได้ครบตามใจ Sale up to 50% off","3020 | BU DIA | Message  | จัดตามงบ ได้ครบตามใจ Sale up to 50% off | 16-30 Nov 25 [Retargeting]",25-34,female,4691,11548,949,44,1290,THB,0.62451422,13.46963622,11.1707655,592.66399368,2025-11-01,2025-11-30
"3020 | BU DIA | Message | The Season of Gift Finding Sale up to 60% off | 10-12 Nov 25","The Season of Gift Finding Sale up to 60% off | 10-12 Nov 25","3020 | BU DIA | Message |The Season of Gift Finding Sale up to 60% off | 10-12 Nov 25  [Retargeting]",35-44,female,3834,5827,377,13,491,THB,1.50089076,43.52583217,8.4262914,565.83581815,2025-11-01,2025-11-30
"3020 | BU DIA | Message | Modern Pearl, Minimal You Sale up to 60% | 1-30 Nov 25","Modern Pearl, Minimal You Sale up to 60%","3020 | BU DIA | Message | Modern Pearl, Minimal You Sale up to 60% | 1-30 Nov 25 [Interest]",35-44,female,5905,11313,1047,52,1519,THB,0.53640938,10.80039652,13.42703085,561.62061885,2025-11-01,2025-11-30
"3020 | BU DIA | Message | The Season of Gift Finding Sale up to 60% off | 10-12 Nov 25","The Season of Gift Finding Sale up to 60% off | 10-12 Nov 25","3020 | BU DIA | Message |The Season of Gift Finding Sale up to 60% off | 10-12 Nov 25  [Interest]",35-44,female,4727,7481,446,12,576,THB,1.19402189,44.3778136,7.69950541,532.53376321,2025-11-01,2025-11-30
"3020 | BU DIA | Engage | Modern Pearl, Minimal You Sale up to 60% | 1-30 Nov 25","Modern Pearl, Minimal You Sale up to 60%","3020 | BU DIA | Engage |Modern Pearl, Minimal You Sale up to 60% | 1-30 Nov 25 [Retargeting]",25-34,female,10192,19391,2056,20,2826,THB,0.25022324,25.72294893,14.57377134,514.45897851,2025-11-01,2025-11-30
"3020 | BU DIA | Engage | Modern Pearl, Minimal You Sale up to 60% | 1-30 Nov 25","Modern Pearl, Minimal You Sale up to 60%","3020 | BU DIA | Engage |Modern Pearl, Minimal You Sale up to 60% | 1-30 Nov 25 [Retargeting]",35-44,female,9139,17508,2213,16,2982,THB,0.23144954,32.01236502,17.03221385,512.19784025,2025-11-01,2025-11-30
"3020 | BU DIA | Message | The Season of Gift Finding Sale up to 60% off | 10-12 Nov 25","The Season of Gift Finding Sale up to 60% off | 10-12 Nov 25","3020 | BU DIA | Message |The Season of Gift Finding Sale up to 60% off | 10-12 Nov 25  [Retargeting]",25-34,female,3974,6194,288,8,384,THB,1.7552343,63.18843464,6.19954795,505.50747713,2025-11-01,2025-11-30
"3020 | BU DIA | Engage | จัดตามงบ ได้ครบตามใจ Sale up to 50% off | 16-30 Nov 25","จัดตามงบ ได้ครบตามใจ Sale up to 50% off","3020 | BU DIA | Engage  | จัดตามงบ ได้ครบตามใจ Sale up to 50% off | 16-30 Nov 25 [Retargeting]",35-44,female,9312,17130,2276,8,2817,THB,0.21971416,62.50867907,16.44483363,500.06943254,2025-11-01,2025-11-30
"3020 | BU DIA | Engage | NEW ARRIVAL แหวนเพชร Simplify Collection | 3-30 Nov 25","NEW ARRIVAL แหวนเพชร Simplify Collection","3020 | BU DIA | Engage  | NEW ARRIVAL แหวนเพชร Simplify Collection | 3-30 Nov 25 [Retargeting]",35-44,female,6464,12814,1408,7,1972,THB,0.34280769,68.95331845,15.38941782,482.67322914,2025-11-01,2025-11-30
"3020 | BU DIA | Message | จัดตามงบ ได้ครบตามใจ Sale up to 50% off | 16-30 Nov 25 - Copy","จัดตามงบ ได้ครบตามใจ Sale up to 50% off","3020 | BU DIA | Message  | จัดตามงบ ได้ครบตามใจ Sale up to 50% off | 16-30 Nov 25 [Retargeting]",45-54,female,2189,5582,759,39,979,THB,0.60857865,11.8438768,17.53851666,461.91119504,2025-11-01,2025-11-30
"3020 | BU DIA | Message | The Season of Gift Finding Sale up to 60% off | 1-15 Nov 25","The Season of Gift Finding Sale up to 60% off","3020 | BU DIA | Message |The Season of Gift Finding Sale up to 60% off | 1-15 Nov 25 [Retargeting]",35-44,female,2618,5170,522,12,650,THB,0.86450552,37.60599012,12.57253385,451.27188147,2025-11-01,2025-11-30
"3020 | BU DIA | Engage  | New Arrival Infinite Love Collection | 6-30 Nov 25","New Arrival Infinite Love Collection","3020 | BU DIA | Engage  | New Arrival Infinite Love Collection | 6-30 Nov 25 [Retargeting]",25-34,female,7333,13825,1282,4,1757,THB,0.34515443,110.6219941,12.70886076,442.48797639,2025-11-01,2025-11-30
"3020 | BU DIA | Engage | The Season of Gift Finding Sale up to 60% off | 1-15 Nov 25","The Season of Gift Finding Sale up to 60% off","3020 | BU DIA | Engage |The Season of Gift Finding Sale up to 60% off | 1-15 Nov 25 [Retargeting]",35-44,female,7653,16186,2021,3,2266,THB,0.21687522,146.10160436,13.99975287,438.30481307,2025-11-01,2025-11-30
"3020 | BU DIA | Message | Modern Pearl, Minimal You Sale up to 60% | 1-30 Nov 25","Modern Pearl, Minimal You Sale up to 60%","3020 | BU DIA | Message | Modern Pearl, Minimal You Sale up to 60% | 1-30 Nov 25 [Retargeting]",25-34,female,4275,8093,663,39,996,THB,0.66028836,11.22490215,12.30693192,437.77118382,2025-11-01,2025-11-30
"3020 | BU DIA | Message | Wedding Package sale up to 60% off | 2-30 Nov 25","Wedding Package sale up to 60% off","3020 | BU DIA | Message |Wedding Package sale up to 60% off | 2-30 Nov 25 [Retargeting]",35-44,female,1578,3481,340,9,492,THB,1.27953085,48.33783211,14.13386958,435.04048895,2025-11-01,2025-11-30
"3020 | BU DIA | Engage  | New Arrival Infinite Love Collection | 6-30 Nov 25","New Arrival Infinite Love Collection","3020 | BU DIA | Engage  | New Arrival Infinite Love Collection | 6-30 Nov 25 [Retargeting]",35-44,female,6437,12238,1404,1,1988,THB,0.30841648,433.01673543,16.24448439,433.01673543,2025-11-01,2025-11-30
"3020 | BU DIA | Message | The Season of Gift Finding Sale up to 60% off | 1-15 Nov 25","The Season of Gift Finding Sale up to 60% off","3020 | BU DIA | Message |The Season of Gift Finding Sale up to 60% off | 1-15 Nov 25 [Interest]",45-54,female,2084,5263,560,14,708,THB,0.75949831,30.37993243,13.45240357,425.319054,2025-11-01,2025-11-30
"3020 | BU DIA | Message | The Season of Gift Finding Sale up to 60% off | 1-15 Nov 25","The Season of Gift Finding Sale up to 60% off","3020 | BU DIA | Message |The Season of Gift Finding Sale up to 60% off | 1-15 Nov 25 [Interest]",25-34,female,3301,7915,427,11,559,THB,0.98880103,38.3834582,7.06253948,422.21804015,2025-11-01,2025-11-30
"3020 | BU DIA | Engage | จัดตามงบ ได้ครบตามใจ Sale up to 50% off | 16-30 Nov 25","จัดตามงบ ได้ครบตามใจ Sale up to 50% off","3020 | BU DIA | Engage  | จัดตามงบ ได้ครบตามใจ Sale up to 50% off | 16-30 Nov 25 [Retargeting]",25-34,female,8522,14954,1722,7,2155,THB,0.2376135,58.45292172,14.41085997,409.17045205,2025-11-01,2025-11-30
"3020 | BU DIA | Message | One Price ราคาเดียว 13,900.- | 4-30 Nov 25","One Price ราคาเดียว 13,900.-","3020 | BU DIA | Message | One Price ราคาเดียว 13,900.- | 4-30 Nov 25 [Retargeting]",35-44,female,2180,4032,415,12,588,THB,0.95243043,32.9382189,14.58333333,395.25862674,2025-11-01,2025-11-30
"3020 | BU DIA | Message | Wedding Package sale up to 60% off | 2-30 Nov 25","Wedding Package sale up to 60% off","3020 | BU DIA | Message |Wedding Package sale up to 60% off | 2-30 Nov 25 [Interest]",25-34,female,2965,5949,411,13,590,THB,0.93921939,29.69378241,9.91763322,386.01917128,2025-11-01,2025-11-30
"3020 | BU DIA | Message | One Price ราคาเดียว 13,900.- | 4-30 Nov 25","One Price ราคาเดียว 13,900.-","3020 | BU DIA | Message | One Price ราคาเดียว 13,900.- | 4-30 Nov 25 [Interest]",35-44,female,3075,6063,573,10,810,THB,0.66654792,38.19319586,13.35972291,381.93195861,2025-11-01,2025-11-30
"3020 | BU DIA | Message | Modern Pearl, Minimal You Sale up to 60% | 1-30 Nov 25","Modern Pearl, Minimal You Sale up to 60%","3020 | BU DIA | Message | Modern Pearl, Minimal You Sale up to 60% | 1-30 Nov 25 [Retargeting]",45-54,female,2290,4360,518,28,706,THB,0.73450925,13.5884212,16.19266055,380.4757937,2025-11-01,2025-11-30
"3020 | BU DIA | Engage | NEW ARRIVAL แหวนเพชร Simplify Collection | 3-30 Nov 25","NEW ARRIVAL แหวนเพชร Simplify Collection","3020 | BU DIA | Engage  | NEW ARRIVAL แหวนเพชร Simplify Collection | 3-30 Nov 25 [Retargeting]",25-34,female,5411,10431,1063,5,1523,THB,0.34980771,74.36911987,14.60070942,371.84559933,2025-11-01,2025-11-30
"3020 | BU DIA | Message | One Price ราคาเดียว 13,900.- | 4-30 Nov 25","One Price ราคาเดียว 13,900.-","3020 | BU DIA | Message | One Price ราคาเดียว 13,900.- | 4-30 Nov 25 [Retargeting]",25-34,female,2272,4417,342,14,506,THB,1.02907758,25.13889509,11.45573919,351.94453128,2025-11-01,2025-11-30
"3020 | BU DIA | Message | The Season of Gift Finding Sale up to 60% off | 1-15 Nov 25","The Season of Gift Finding Sale up to 60% off","3020 | BU DIA | Message |The Season of Gift Finding Sale up to 60% off | 1-15 Nov 25 [Retargeting]",25-34,female,2504,4797,276,10,362,THB,1.27375362,35.15559981,7.54638316,351.55599809,2025-11-01,2025-11-30
"3020 | BU DIA | Message | The Season of Gift Finding Sale up to 60% off | 10-12 Nov 25","The Season of Gift Finding Sale up to 60% off | 10-12 Nov 25","3020 | BU DIA | Message |The Season of Gift Finding Sale up to 60% off | 10-12 Nov 25  [Interest]",25-34,female,3345,5252,211,7,286,THB,1.65578917,49.91021626,5.44554455,349.37151383,2025-11-01,2025-11-30
"3020 | BU DIA | Message | จัดตามงบ ได้ครบตามใจ Sale up to 50% off | 16-30 Nov 25 - Copy","จัดตามงบ ได้ครบตามใจ Sale up to 50% off","3020 | BU DIA | Message  | จัดตามงบ ได้ครบตามใจ Sale up to 50% off | 16-30 Nov 25 [Interest]",35-44,female,3958,7750,641,25,819,THB,0.51294631,13.15194342,10.56774194,328.79858549,2025-11-01,2025-11-30
"3020 | BU DIA | Engage | NEW ARRIVAL แหวนเพชร Simplify Collection | 3-30 Nov 25","NEW ARRIVAL แหวนเพชร Simplify Collection","3020 | BU DIA | Engage  | NEW ARRIVAL แหวนเพชร Simplify Collection | 3-30 Nov 25 [Retargeting]",45-54,female,3772,7221,906,3,1255,THB,0.33975849,102.60706388,17.37986428,307.82119163,2025-11-01,2025-11-30
"3020 | BU DIA | Engage | The Season of Gift Finding Sale up to 60% off | 1-15 Nov 25","The Season of Gift Finding Sale up to 60% off","3020 | BU DIA | Engage |The Season of Gift Finding Sale up to 60% off | 1-15 Nov 25 [Retargeting]",25-34,female,5814,11829,1187,1,1386,THB,0.25154251,298.58096398,11.71696678,298.58096398,2025-11-01,2025-11-30
"3020 | BU DIA | Message | Modern Pearl, Minimal You Sale up to 60% | 1-30 Nov 25","Modern Pearl, Minimal You Sale up to 60%","3020 | BU DIA | Message | Modern Pearl, Minimal You Sale up to 60% | 1-30 Nov 25 [Interest]",45-54,female,2404,4810,463,19,653,THB,0.62857757,15.31744277,13.57588358,291.03141264,2025-11-01,2025-11-30
"3020 | BU DIA | Message | The Season of Gift Finding Sale up to 60% off | 10-12 Nov 25","The Season of Gift Finding Sale up to 60% off | 10-12 Nov 25","3020 | BU DIA | Message |The Season of Gift Finding Sale up to 60% off | 10-12 Nov 25  [Interest]",45-54,female,2182,3361,290,2,356,THB,0.9832076,142.56510143,10.59208569,285.13020287,2025-11-01,2025-11-30
"3020 | BU DIA | Engage | The Season of Gift Finding Sale up to 60% off | 1-15 Nov 25","The Season of Gift Finding Sale up to 60% off","3020 | BU DIA | Engage |The Season of Gift Finding Sale up to 60% off | 1-15 Nov 25 [Retargeting]",45-54,female,4867,9233,1294,1,1454,THB,0.21611108,279.64773232,15.74786093,279.64773232,2025-11-01,2025-11-30
"3020 | BU DIA | Message | Modern Pearl, Minimal You Sale up to 60% | 1-30 Nov 25","Modern Pearl, Minimal You Sale up to 60%","3020 | BU DIA | Message | Modern Pearl, Minimal You Sale up to 60% | 1-30 Nov 25 [Interest]",25-34,female,3771,6532,441,15,701,THB,0.62909284,18.49532964,10.731782,277.42994456,2025-11-01,2025-11-30
"3020 | BU DIA | Engage | The Season of Gift Finding Sale up to 60% off | 1-15 Nov 25","The Season of Gift Finding Sale up to 60% off","3020 | BU DIA | Engage |The Season of Gift Finding Sale up to 60% off | 1-15 Nov 25 [Interest]",35-44,female,6617,12208,1298,,1485,THB,0.20272846,,12.16415465,263.14153918,2025-11-01,2025-11-30
"3020 | BU DIA | Message | The Season of Gift Finding Sale up to 60% off | 10-12 Nov 25","The Season of Gift Finding Sale up to 60% off | 10-12 Nov 25","3020 | BU DIA | Message |The Season of Gift Finding Sale up to 60% off | 10-12 Nov 25  [Retargeting]",45-54,female,1582,2335,213,,250,THB,1.21709759,,10.70663812,259.24178652,2025-11-01,2025-11-30
"3020 | BU DIA | Engage | The Season of Gift Finding Sale up to 60% off | 1-15 Nov 25","The Season of Gift Finding Sale up to 60% off","3020 | BU DIA | Engage |The Season of Gift Finding Sale up to 60% off | 1-15 Nov 25 [Interest]",45-54,female,5465,9574,1163,1,1349,THB,0.2207395,256.72003743,14.09024441,256.72003743,2025-11-01,2025-11-30
"3020 | BU DIA | Engage | จัดตามงบ ได้ครบตามใจ Sale up to 50% off | 16-30 Nov 25","จัดตามงบ ได้ครบตามใจ Sale up to 50% off","3020 | BU DIA | Engage  | จัดตามงบ ได้ครบตามใจ Sale up to 50% off | 16-30 Nov 25 [Retargeting]",45-54,female,4458,7901,1150,7,1361,THB,0.2215489,36.39731851,17.22566764,254.78122956,2025-11-01,2025-11-30
"3020 | BU DIA | Engage | จัดตามงบ ได้ครบตามใจ Sale up to 50% off | 16-30 Nov 25","จัดตามงบ ได้ครบตามใจ Sale up to 50% off","3020 | BU DIA | Engage  | จัดตามงบ ได้ครบตามใจ Sale up to 50% off | 16-30 Nov 25 [Interest]",35-44,female,7137,11064,1281,4,1662,THB,0.19416174,62.18029698,15.02169197,248.72118791,2025-11-01,2025-11-30
"3020 | BU DIA | Engage  | New Arrival Infinite Love Collection | 6-30 Nov 25","New Arrival Infinite Love Collection","3020 | BU DIA | Engage  | New Arrival Infinite Love Collection | 6-30 Nov 25 [Retargeting]",45-54,female,3292,6109,733,1,981,THB,0.33432757,245.06210893,16.05827468,245.06210893,2025-11-01,2025-11-30
"3020 | BU DIA | Engage | Modern Pearl, Minimal You Sale up to 60% | 1-30 Nov 25","Modern Pearl, Minimal You Sale up to 60%","3020 | BU DIA | Engage |Modern Pearl, Minimal You Sale up to 60% | 1-30 Nov 25 [Retargeting]",45-54,female,4072,7674,1064,11,1384,THB,0.22979613,22.22755298,18.03492312,244.50308278,2025-11-01,2025-11-30
"3020 | BU DIA | Message | One Price ราคาเดียว 13,900.- | 4-30 Nov 25","One Price ราคาเดียว 13,900.-","3020 | BU DIA | Message | One Price ราคาเดียว 13,900.- | 4-30 Nov 25 [Interest]",25-34,female,2527,4509,295,10,453,THB,0.82144547,24.2326414,10.04657352,242.32641399,2025-11-01,2025-11-30
"3020 | BU DIA | Engage  | One Price ราคาเดียว 13,900.- | 4-30 Nov 25","One Price ราคาเดียว 13,900.-","3020 | BU DIA | Engage  | One Price ราคาเดียว 13,900.- | 4-30 Nov 25 [Retargeting]",35-44,female,3902,7738,1175,2,1444,THB,0.20347786,119.54324434,18.66115275,239.08648869,2025-11-01,2025-11-30
"3020 | BU DIA | Message | Wedding Package sale up to 60% off | 2-30 Nov 25","Wedding Package sale up to 60% off","3020 | BU DIA | Message |Wedding Package sale up to 60% off | 2-30 Nov 25 [Interest]",35-44,female,1388,2853,192,7,270,THB,1.23161522,33.78144595,9.4637224,236.47012166,2025-11-01,2025-11-30
"3020 | BU DIA | Engage | Modern Pearl, Minimal You Sale up to 60% | 1-30 Nov 25","Modern Pearl, Minimal You Sale up to 60%","3020 | BU DIA | Engage | Modern Pearl, Minimal You Sale up to 60% | 1-30 Nov 25 [Interest]",35-44,female,7193,11293,1309,11,1791,THB,0.17980892,21.39726195,15.85938192,235.36988141,2025-11-01,2025-11-30
"3020 | BU DIA | Message | The Season of Gift Finding Sale up to 60% off | 1-15 Nov 25","The Season of Gift Finding Sale up to 60% off","3020 | BU DIA | Message |The Season of Gift Finding Sale up to 60% off | 1-15 Nov 25 [Retargeting]",45-54,female,1114,2067,262,10,322,THB,0.89720398,23.5067443,15.57813256,235.06744305,2025-11-01,2025-11-30
"3020 | BU DIA | Engage | Wedding Package sale up to 60% off | 2-30 Nov 25","Wedding Package sale up to 60% off","3020 | BU DIA | Engage |Wedding Package sale up to 60% off | 2-30 Nov 25 [Retargeting]",35-44,female,3247,5626,813,2,996,THB,0.27698358,112.59382404,17.70351937,225.18764808,2025-11-01,2025-11-30
"3020 | BU DIA | Message | Wedding Package sale up to 60% off | 2-30 Nov 25","Wedding Package sale up to 60% off","3020 | BU DIA | Message |Wedding Package sale up to 60% off | 2-30 Nov 25 [Retargeting]",25-34,male,1036,2820,197,5,285,THB,1.11774956,44.03933249,10.10638298,220.19666247,2025-11-01,2025-11-30
"3020 | BU DIA | Engage | Wedding Package sale up to 60% off | 2-30 Nov 25","Wedding Package sale up to 60% off","3020 | BU DIA | Engage | Wedding Package sale up to 60% off | 2-30 Nov 25 [Interest]",25-34,female,5150,6897,934,2,1245,THB,0.21999132,102.73594644,18.05132666,205.47189289,2025-11-01,2025-11-30
"3020 | BU DIA | Message | One Price ราคาเดียว 13,900.- | 4-30 Nov 25","One Price ราคาเดียว 13,900.-","3020 | BU DIA | Message | One Price ราคาเดียว 13,900.- | 4-30 Nov 25 [Interest]",45-54,female,1229,2480,244,5,331,THB,0.80835441,39.44769499,13.34677419,197.23847493,2025-11-01,2025-11-30
"3020 | BU DIA | Engage  | One Price ราคาเดียว 13,900.- | 4-30 Nov 25","One Price ราคาเดียว 13,900.-","3020 | BU DIA | Engage  | One Price ราคาเดียว 13,900.- | 4-30 Nov 25 [Retargeting]",25-34,female,3381,6519,916,1,1160,THB,0.20570362,188.42451884,17.79414021,188.42451884,2025-11-01,2025-11-30
"3020 | BU DIA | Engage | NEW ARRIVAL แหวนเพชร Simplify Collection | 3-30 Nov 25","NEW ARRIVAL แหวนเพชร Simplify Collection","3020 | BU DIA | Engage  | NEW ARRIVAL แหวนเพชร Simplify Collection | 3-30 Nov 25 [Interest]",45-54,female,3296,5505,522,1,781,THB,0.33989853,177.42703029,14.18710263,177.42703029,2025-11-01,2025-11-30
"3020 | BU DIA | Engage | NEW ARRIVAL แหวนเพชร Simplify Collection | 3-30 Nov 25","NEW ARRIVAL แหวนเพชร Simplify Collection","3020 | BU DIA | Engage  | NEW ARRIVAL แหวนเพชร Simplify Collection | 3-30 Nov 25 [Interest]",35-44,female,4020,6562,577,1,903,THB,0.30590377,176.50647498,13.76104846,176.50647498,2025-11-01,2025-11-30
"3020 | BU DIA | Message | จัดตามงบ ได้ครบตามใจ Sale up to 50% off | 16-30 Nov 25 - Copy","จัดตามงบ ได้ครบตามใจ Sale up to 50% off","3020 | BU DIA | Message  | จัดตามงบ ได้ครบตามใจ Sale up to 50% off | 16-30 Nov 25 [Interest]",45-54,female,1744,3365,331,13,414,THB,0.53152445,13.5334303,12.30312036,175.93459395,2025-11-01,2025-11-30
"3020 | BU DIA | Engage  | New Arrival Infinite Love Collection | 6-30 Nov 25","New Arrival Infinite Love Collection","3020 | BU DIA | Engage  | New Arrival Infinite Love Collection | 6-30 Nov 25 [Interest]",35-44,female,4381,7081,628,2,1027,THB,0.27784649,87.24379939,14.50360119,174.48759878,2025-11-01,2025-11-30
"3020 | BU DIA | Engage | จัดตามงบ ได้ครบตามใจ Sale up to 50% off | 16-30 Nov 25","จัดตามงบ ได้ครบตามใจ Sale up to 50% off","3020 | BU DIA | Engage  | จัดตามงบ ได้ครบตามใจ Sale up to 50% off | 16-30 Nov 25 [Interest]",45-54,female,4163,6517,848,3,1023,THB,0.20475556,57.8775718,15.69740678,173.63271539,2025-11-01,2025-11-30
"3020 | BU DIA | Engage | Wedding Package sale up to 60% off | 2-30 Nov 25","Wedding Package sale up to 60% off","3020 | BU DIA | Engage |Wedding Package sale up to 60% off | 2-30 Nov 25 [Retargeting]",25-34,male,2246,4378,679,,846,THB,0.24287015,,19.32389219,164.90883256,2025-11-01,2025-11-30
"3020 | BU DIA | Message | One Price ราคาเดียว 13,900.- | 4-30 Nov 25","One Price ราคาเดียว 13,900.-","3020 | BU DIA | Message | One Price ราคาเดียว 13,900.- | 4-30 Nov 25 [Retargeting]",45-54,female,759,1355,140,4,201,THB,1.14551564,40.09304725,14.83394834,160.372189,2025-11-01,2025-11-30
"3020 | BU DIA | Engage | Modern Pearl, Minimal You Sale up to 60% | 1-30 Nov 25","Modern Pearl, Minimal You Sale up to 60%","3020 | BU DIA | Engage | Modern Pearl, Minimal You Sale up to 60% | 1-30 Nov 25 [Interest]",45-54,female,4155,6493,787,6,1088,THB,0.20106767,26.37337643,16.75650701,158.24025855,2025-11-01,2025-11-30
"3020 | BU DIA | Message | จัดตามงบ ได้ครบตามใจ Sale up to 50% off | 16-30 Nov 25 - Copy","จัดตามงบ ได้ครบตามใจ Sale up to 50% off","3020 | BU DIA | Message  | จัดตามงบ ได้ครบตามใจ Sale up to 50% off | 16-30 Nov 25 [Interest]",25-34,female,2614,4505,269,7,386,THB,0.56321173,21.64342229,8.56825749,151.50395603,2025-11-01,2025-11-30
"3020 | BU DIA | Engage  | New Arrival Infinite Love Collection | 6-30 Nov 25","New Arrival Infinite Love Collection","3020 | BU DIA | Engage  | New Arrival Infinite Love Collection | 6-30 Nov 25 [Interest]",45-54,female,3084,5172,466,2,745,THB,0.32075273,74.7353872,14.40448569,149.47077439,2025-11-01,2025-11-30
"3020 | BU DIA | Engage  | One Price ราคาเดียว 13,900.- | 4-30 Nov 25","One Price ราคาเดียว 13,900.-","3020 | BU DIA | Engage  | One Price ราคาเดียว 13,900.- |  4-30 Nov 25 [Interest]",35-44,female,3375,6295,837,2,1058,THB,0.17500833,73.24098658,16.80698967,146.48197315,2025-11-01,2025-11-30
"3020 | BU DIA | Engage | Wedding Package sale up to 60% off | 2-30 Nov 25","Wedding Package sale up to 60% off","3020 | BU DIA | Engage | Wedding Package sale up to 60% off | 2-30 Nov 25 [Interest]",18-24,female,2492,3940,560,,709,THB,0.21653683,,17.99492386,121.26062494,2025-11-01,2025-11-30
"3020 | BU DIA | Engage | จัดตามงบ ได้ครบตามใจ Sale up to 50% off | 16-30 Nov 25","จัดตามงบ ได้ครบตามใจ Sale up to 50% off","3020 | BU DIA | Engage  | จัดตามงบ ได้ครบตามใจ Sale up to 50% off | 16-30 Nov 25 [Interest]",25-34,female,3868,5425,606,4,770,THB,0.19031084,28.83209298,14.19354839,115.32837194,2025-11-01,2025-11-30
"3020 | BU DIA | Engage | Modern Pearl, Minimal You Sale up to 60% | 1-30 Nov 25","Modern Pearl, Minimal You Sale up to 60%","3020 | BU DIA | Engage | Modern Pearl, Minimal You Sale up to 60% | 1-30 Nov 25 [Interest]",25-34,female,4219,5861,632,14,915,THB,0.17610493,7.9498797,15.61167036,111.29831586,2025-11-01,2025-11-30
"3020 | BU DIA | Engage  | One Price ราคาเดียว 13,900.- | 4-30 Nov 25","One Price ราคาเดียว 13,900.-","3020 | BU DIA | Engage  | One Price ราคาเดียว 13,900.- | 4-30 Nov 25 [Retargeting]",45-54,female,1835,3275,542,3,637,THB,0.20447636,36.94206159,19.45038168,110.82618477,2025-11-01,2025-11-30
"3020 | BU DIA | Engage  | One Price ราคาเดียว 13,900.- | 4-30 Nov 25","One Price ราคาเดียว 13,900.-","3020 | BU DIA | Engage  | One Price ราคาเดียว 13,900.- |  4-30 Nov 25 [Interest]",45-54,female,2123,3819,554,,702,THB,0.18426788,,18.38177533,102.08440603,2025-11-01,2025-11-30
"3020 | BU DIA | Message | Wedding Package sale up to 60% off | 2-30 Nov 25","Wedding Package sale up to 60% off","3020 | BU DIA | Message |Wedding Package sale up to 60% off | 2-30 Nov 25 [Retargeting]",45-54,female,293,539,36,1,47,THB,2.66919194,96.09090996,8.71985158,96.09090996,2025-11-01,2025-11-30
"3020 | BU DIA | Engage | The Season of Gift Finding Sale up to 60% off | 1-15 Nov 25","The Season of Gift Finding Sale up to 60% off","3020 | BU DIA | Engage |The Season of Gift Finding Sale up to 60% off | 1-15 Nov 25 [Interest]",25-34,female,2993,4861,491,1,587,THB,0.19246864,94.50210058,12.07570459,94.50210058,2025-11-01,2025-11-30
"3020 | BU DIA | Engage  | New Arrival Infinite Love Collection | 6-30 Nov 25","New Arrival Infinite Love Collection","3020 | BU DIA | Engage  | New Arrival Infinite Love Collection | 6-30 Nov 25 [Retargeting]",25-34,male,1299,2382,255,,289,THB,0.36906796,,12.13266163,94.11233094,2025-11-01,2025-11-30
"3020 | BU DIA | Message | The Season of Gift Finding Sale up to 60% off | 1-15 Nov 25","The Season of Gift Finding Sale up to 60% off","3020 | BU DIA | Message |The Season of Gift Finding Sale up to 60% off | 1-15 Nov 25 [Interest]",55-64,female,417,857,110,3,133,THB,0.85409742,31.31690543,15.51925321,93.95071629,2025-11-01,2025-11-30
"3020 | BU DIA | Message | Wedding Package sale up to 60% off | 2-30 Nov 25","Wedding Package sale up to 60% off","3020 | BU DIA | Message |Wedding Package sale up to 60% off | 2-30 Nov 25 [Retargeting]",35-44,male,412,982,97,2,142,THB,0.94318012,45.74423577,14.46028513,91.48847154,2025-11-01,2025-11-30
"3020 | BU DIA | Engage  | New Arrival Infinite Love Collection | 6-30 Nov 25","New Arrival Infinite Love Collection","3020 | BU DIA | Engage  | New Arrival Infinite Love Collection | 6-30 Nov 25 [Retargeting]",55-64,female,1175,2164,285,,383,THB,0.31726964,,17.6987061,90.4218474,2025-11-01,2025-11-30
"3020 | BU DIA | Message | Wedding Package sale up to 60% off | 2-30 Nov 25","Wedding Package sale up to 60% off","3020 | BU DIA | Message |Wedding Package sale up to 60% off | 2-30 Nov 25 [Interest]",25-34,male,588,1301,78,5,114,THB,1.15604469,18.03429722,8.76249039,90.17148608,2025-11-01,2025-11-30
"3020 | BU DIA | Engage | The Season of Gift Finding Sale up to 60% off | 1-15 Nov 25","The Season of Gift Finding Sale up to 60% off","3020 | BU DIA | Engage |The Season of Gift Finding Sale up to 60% off | 1-15 Nov 25 [Retargeting]",55-64,female,1503,2866,395,3,447,THB,0.22689949,29.8750993,15.59665038,89.6252979,2025-11-01,2025-11-30
"3020 | BU DIA | Message | The Season of Gift Finding Sale up to 60% off | 10-12 Nov 25","The Season of Gift Finding Sale up to 60% off | 10-12 Nov 25","3020 | BU DIA | Message |The Season of Gift Finding Sale up to 60% off | 10-12 Nov 25  [Interest]",55-64,female,559,777,82,,105,THB,1.09067984,,13.51351351,89.43574695,2025-11-01,2025-11-30
"3020 | BU DIA | Message | Wedding Package sale up to 60% off | 2-30 Nov 25","Wedding Package sale up to 60% off","3020 | BU DIA | Message |Wedding Package sale up to 60% off | 2-30 Nov 25 [Interest]",45-54,female,342,661,46,,62,THB,1.93937747,,9.37972769,89.21136378,2025-11-01,2025-11-30
"3020 | BU DIA | Engage  | New Arrival Infinite Love Collection | 6-30 Nov 25","New Arrival Infinite Love Collection","3020 | BU DIA | Engage  | New Arrival Infinite Love Collection | 6-30 Nov 25 [Interest]",25-34,female,2812,4090,327,1,544,THB,0.27252082,89.11430965,13.3007335,89.11430965,2025-11-01,2025-11-30
"3020 | BU DIA | Engage | NEW ARRIVAL แหวนเพชร Simplify Collection | 3-30 Nov 25","NEW ARRIVAL แหวนเพชร Simplify Collection","3020 | BU DIA | Engage  | NEW ARRIVAL แหวนเพชร Simplify Collection | 3-30 Nov 25 [Retargeting]",55-64,female,956,1788,222,,290,THB,0.38322458,,16.21923937,85.07585696,2025-11-01,2025-11-30
"3020 | BU DIA | Engage | The Season of Gift Finding Sale up to 60% off | 1-15 Nov 25","The Season of Gift Finding Sale up to 60% off","3020 | BU DIA | Engage |The Season of Gift Finding Sale up to 60% off | 1-15 Nov 25 [Interest]",55-64,female,1753,3031,371,,446,THB,0.21891912,,14.71461564,81.21899415,2025-11-01,2025-11-30
"3020 | BU DIA | Message | จัดตามงบ ได้ครบตามใจ Sale up to 50% off | 16-30 Nov 25 - Copy","จัดตามงบ ได้ครบตามใจ Sale up to 50% off","3020 | BU DIA | Message  | จัดตามงบ ได้ครบตามใจ Sale up to 50% off | 16-30 Nov 25 [Retargeting]",55-64,female,372,767,100,4,132,THB,0.78245612,19.56140293,17.20990874,78.24561174,2025-11-01,2025-11-30
"3020 | BU DIA | Engage | NEW ARRIVAL แหวนเพชร Simplify Collection | 3-30 Nov 25","NEW ARRIVAL แหวนเพชร Simplify Collection","3020 | BU DIA | Engage  | NEW ARRIVAL แหวนเพชร Simplify Collection | 3-30 Nov 25 [Interest]",25-34,female,1799,2730,217,2,334,THB,0.31627374,34.31570045,12.23443223,68.6314009,2025-11-01,2025-11-30
"3020 | BU DIA | Message | The Season of Gift Finding Sale up to 60% off | 10-12 Nov 25","The Season of Gift Finding Sale up to 60% off | 10-12 Nov 25","3020 | BU DIA | Message |The Season of Gift Finding Sale up to 60% off | 10-12 Nov 25  [Retargeting]",55-64,female,340,449,38,1,42,THB,1.7808366,67.67179083,9.35412027,67.67179083,2025-11-01,2025-11-30
"3020 | BU DIA | Message | Modern Pearl, Minimal You Sale up to 60% | 1-30 Nov 25","Modern Pearl, Minimal You Sale up to 60%","3020 | BU DIA | Message | Modern Pearl, Minimal You Sale up to 60% | 1-30 Nov 25 [Retargeting]",55-64,female,419,685,105,2,145,THB,0.63263094,33.21312456,21.16788321,66.42624913,2025-11-01,2025-11-30
"3020 | BU DIA | Engage | Wedding Package sale up to 60% off | 2-30 Nov 25","Wedding Package sale up to 60% off","3020 | BU DIA | Engage | Wedding Package sale up to 60% off | 2-30 Nov 25 [Interest]",35-44,female,1666,2281,284,,359,THB,0.22322539,,15.73871109,63.39601096,2025-11-01,2025-11-30
"3020 | BU DIA | Engage | NEW ARRIVAL แหวนเพชร Simplify Collection | 3-30 Nov 25","NEW ARRIVAL แหวนเพชร Simplify Collection","3020 | BU DIA | Engage  | NEW ARRIVAL แหวนเพชร Simplify Collection | 3-30 Nov 25 [Retargeting]",25-34,male,675,1321,149,,167,THB,0.4185523,,12.64193793,62.36429341,2025-11-01,2025-11-30
"3020 | BU DIA | Engage  | New Arrival Infinite Love Collection | 6-30 Nov 25","New Arrival Infinite Love Collection","3020 | BU DIA | Engage  | New Arrival Infinite Love Collection | 6-30 Nov 25 [Interest]",55-64,female,1173,2021,216,,336,THB,0.28364219,,16.62543295,61.26671305,2025-11-01,2025-11-30
"3020 | BU DIA | Engage | NEW ARRIVAL แหวนเพชร Simplify Collection | 3-30 Nov 25","NEW ARRIVAL แหวนเพชร Simplify Collection","3020 | BU DIA | Engage  | NEW ARRIVAL แหวนเพชร Simplify Collection | 3-30 Nov 25 [Interest]",55-64,female,998,1666,157,,244,THB,0.36792895,,14.64585834,57.76484581,2025-11-01,2025-11-30
"3020 | BU DIA | Engage | Wedding Package sale up to 60% off | 2-30 Nov 25","Wedding Package sale up to 60% off","3020 | BU DIA | Engage |Wedding Package sale up to 60% off | 2-30 Nov 25 [Retargeting]",35-44,male,754,1410,211,1,269,THB,0.27140936,57.26737594,19.07801418,57.26737594,2025-11-01,2025-11-30
"3020 | BU DIA | Engage  | New Arrival Infinite Love Collection | 6-30 Nov 25","New Arrival Infinite Love Collection","3020 | BU DIA | Engage  | New Arrival Infinite Love Collection | 6-30 Nov 25 [Retargeting]",35-44,male,696,1355,161,,183,THB,0.35383518,,13.50553506,56.96746408,2025-11-01,2025-11-30
"3020 | BU DIA | Engage | จัดตามงบ ได้ครบตามใจ Sale up to 50% off | 16-30 Nov 25","จัดตามงบ ได้ครบตามใจ Sale up to 50% off","3020 | BU DIA | Engage  | จัดตามงบ ได้ครบตามใจ Sale up to 50% off | 16-30 Nov 25 [Retargeting]",55-64,female,1001,1700,239,,304,THB,0.23011521,,17.88235294,54.99753436,2025-11-01,2025-11-30
"3020 | BU DIA | Engage  | One Price ราคาเดียว 13,900.- | 4-30 Nov 25","One Price ราคาเดียว 13,900.-","3020 | BU DIA | Engage  | One Price ราคาเดียว 13,900.- |  4-30 Nov 25 [Interest]",25-34,female,1512,2463,323,1,422,THB,0.16420153,53.0370937,17.13357694,53.0370937,2025-11-01,2025-11-30
"3020 | BU DIA | Engage | NEW ARRIVAL แหวนเพชร Simplify Collection | 3-30 Nov 25","NEW ARRIVAL แหวนเพชร Simplify Collection","3020 | BU DIA | Engage  | NEW ARRIVAL แหวนเพชร Simplify Collection | 3-30 Nov 25 [Retargeting]",35-44,male,522,1016,117,1,136,THB,0.45319359,53.02365036,13.38582677,53.02365036,2025-11-01,2025-11-30
"3020 | BU DIA | Message | The Season of Gift Finding Sale up to 60% off | 10-12 Nov 25","The Season of Gift Finding Sale up to 60% off | 10-12 Nov 25","3020 | BU DIA | Message |The Season of Gift Finding Sale up to 60% off | 10-12 Nov 25  [Retargeting]",25-34,male,353,581,16,,27,THB,3.22714105,,4.64716007,51.63425672,2025-11-01,2025-11-30
"3020 | BU DIA | Message | Modern Pearl, Minimal You Sale up to 60% | 1-30 Nov 25","Modern Pearl, Minimal You Sale up to 60%","3020 | BU DIA | Message | Modern Pearl, Minimal You Sale up to 60% | 1-30 Nov 25 [Interest]",55-64,female,366,649,66,1,101,THB,0.77932654,51.43555173,15.5624037,51.43555173,2025-11-01,2025-11-30
"3020 | BU DIA | Engage | Wedding Package sale up to 60% off | 2-30 Nov 25","Wedding Package sale up to 60% off","3020 | BU DIA | Engage | Wedding Package sale up to 60% off | 2-30 Nov 25 [Interest]",25-34,male,1214,1663,258,,341,THB,0.19927513,,20.50511124,51.41298459,2025-11-01,2025-11-30
"3020 | BU DIA | Message | Modern Pearl, Minimal You Sale up to 60% | 1-30 Nov 25","Modern Pearl, Minimal You Sale up to 60%","3020 | BU DIA | Message | Modern Pearl, Minimal You Sale up to 60% | 1-30 Nov 25 [Retargeting]",25-34,male,343,682,38,3,63,THB,1.34065244,16.98159756,9.23753666,50.94479269,2025-11-01,2025-11-30
"3020 | BU DIA | Message | Wedding Package sale up to 60% off | 2-30 Nov 25","Wedding Package sale up to 60% off","3020 | BU DIA | Message |Wedding Package sale up to 60% off | 2-30 Nov 25 [Interest]",35-44,male,280,587,45,1,61,THB,1.12058719,50.42642334,10.39182283,50.42642334,2025-11-01,2025-11-30
"3020 | BU DIA | Message | The Season of Gift Finding Sale up to 60% off | 1-15 Nov 25","The Season of Gift Finding Sale up to 60% off","3020 | BU DIA | Message |The Season of Gift Finding Sale up to 60% off | 1-15 Nov 25 [Retargeting]",55-64,female,241,420,54,1,62,THB,0.91866485,49.60790186,14.76190476,49.60790186,2025-11-01,2025-11-30
"3020 | BU DIA | Message | จัดตามงบ ได้ครบตามใจ Sale up to 50% off | 16-30 Nov 25 - Copy","จัดตามงบ ได้ครบตามใจ Sale up to 50% off","3020 | BU DIA | Message  | จัดตามงบ ได้ครบตามใจ Sale up to 50% off | 16-30 Nov 25 [Retargeting]",25-34,male,293,765,50,2,69,THB,0.98692304,24.67307611,9.01960784,49.34615222,2025-11-01,2025-11-30
"3020 | BU DIA | Engage | จัดตามงบ ได้ครบตามใจ Sale up to 50% off | 16-30 Nov 25","จัดตามงบ ได้ครบตามใจ Sale up to 50% off","3020 | BU DIA | Engage  | จัดตามงบ ได้ครบตามใจ Sale up to 50% off | 16-30 Nov 25 [Interest]",55-64,female,1095,1773,212,,273,THB,0.23180231,,15.39763113,49.14208945,2025-11-01,2025-11-30
"3020 | BU DIA | Engage | Wedding Package sale up to 60% off | 2-30 Nov 25","Wedding Package sale up to 60% off","3020 | BU DIA | Engage |Wedding Package sale up to 60% off | 2-30 Nov 25 [Retargeting]",45-54,female,690,1146,177,,209,THB,0.26820731,,18.23734729,47.47269371,2025-11-01,2025-11-30
"3020 | BU DIA | Message | จัดตามงบ ได้ครบตามใจ Sale up to 50% off | 16-30 Nov 25 - Copy","จัดตามงบ ได้ครบตามใจ Sale up to 50% off","3020 | BU DIA | Message  | จัดตามงบ ได้ครบตามใจ Sale up to 50% off | 16-30 Nov 25 [Retargeting]",35-44,male,270,614,45,5,68,THB,1.05390052,9.48510471,11.07491857,47.42552355,2025-11-01,2025-11-30
"3020 | BU DIA | Engage | Modern Pearl, Minimal You Sale up to 60% | 1-30 Nov 25","Modern Pearl, Minimal You Sale up to 60%","3020 | BU DIA | Engage |Modern Pearl, Minimal You Sale up to 60% | 1-30 Nov 25 [Retargeting]",55-64,female,792,1482,192,2,248,THB,0.24632192,23.64690384,16.73414305,47.29380769,2025-11-01,2025-11-30
"3020 | BU DIA | Message | จัดตามงบ ได้ครบตามใจ Sale up to 50% off | 16-30 Nov 25 - Copy","จัดตามงบ ได้ครบตามใจ Sale up to 50% off","3020 | BU DIA | Message  | จัดตามงบ ได้ครบตามใจ Sale up to 50% off | 16-30 Nov 25 [Retargeting]",45-54,male,113,280,26,1,36,THB,1.57397674,40.92339525,12.85714286,40.92339525,2025-11-01,2025-11-30
"3020 | BU DIA | Message | Wedding Package sale up to 60% off | 2-30 Nov 25","Wedding Package sale up to 60% off","3020 | BU DIA | Message |Wedding Package sale up to 60% off | 2-30 Nov 25 [Interest]",18-24,female,305,681,46,,74,THB,0.86728439,,10.86637298,39.89508185,2025-11-01,2025-11-30
"3020 | BU DIA | Message | The Season of Gift Finding Sale up to 60% off | 10-12 Nov 25","The Season of Gift Finding Sale up to 60% off | 10-12 Nov 25","3020 | BU DIA | Message |The Season of Gift Finding Sale up to 60% off | 10-12 Nov 25  [Retargeting]",35-44,male,268,408,24,1,38,THB,1.65494413,39.71865902,9.31372549,39.71865902,2025-11-01,2025-11-30
"3020 | BU DIA | Engage | จัดตามงบ ได้ครบตามใจ Sale up to 50% off | 16-30 Nov 25","จัดตามงบ ได้ครบตามใจ Sale up to 50% off","3020 | BU DIA | Engage  | จัดตามงบ ได้ครบตามใจ Sale up to 50% off | 16-30 Nov 25 [Retargeting]",25-34,male,714,1231,150,,187,THB,0.26235031,,15.19090171,39.35254641,2025-11-01,2025-11-30
"3020 | BU DIA | Message | The Season of Gift Finding Sale up to 60% off | 1-15 Nov 25","The Season of Gift Finding Sale up to 60% off","3020 | BU DIA | Message |The Season of Gift Finding Sale up to 60% off | 1-15 Nov 25 [Interest]",25-34,male,275,594,30,,44,THB,1.30776089,,7.40740741,39.2328268,2025-11-01,2025-11-30
"3020 | BU DIA | Engage | Modern Pearl, Minimal You Sale up to 60% | 1-30 Nov 25","Modern Pearl, Minimal You Sale up to 60%","3020 | BU DIA | Engage | Modern Pearl, Minimal You Sale up to 60% | 1-30 Nov 25 [Interest]",55-64,female,895,1494,184,,238,THB,0.2075528,,15.93038822,38.189716,2025-11-01,2025-11-30
"3020 | BU DIA | Engage | จัดตามงบ ได้ครบตามใจ Sale up to 50% off | 16-30 Nov 25","จัดตามงบ ได้ครบตามใจ Sale up to 50% off","3020 | BU DIA | Engage  | จัดตามงบ ได้ครบตามใจ Sale up to 50% off | 16-30 Nov 25 [Retargeting]",35-44,male,676,1198,168,,197,THB,0.22191599,,16.44407346,37.28188624,2025-11-01,2025-11-30
"3020 | BU DIA | Message | One Price ราคาเดียว 13,900.- | 4-30 Nov 25","One Price ราคาเดียว 13,900.-","3020 | BU DIA | Message | One Price ราคาเดียว 13,900.- | 4-30 Nov 25 [Retargeting]",55-64,female,146,219,46,,64,THB,0.79330164,,29.22374429,36.49187534,2025-11-01,2025-11-30
"3020 | BU DIA | Message | The Season of Gift Finding Sale up to 60% off | 1-15 Nov 25","The Season of Gift Finding Sale up to 60% off","3020 | BU DIA | Message |The Season of Gift Finding Sale up to 60% off | 1-15 Nov 25 [Interest]",35-44,male,279,630,21,1,28,THB,1.72199156,36.16182276,4.44444444,36.16182276,2025-11-01,2025-11-30
"3020 | BU DIA | Engage | NEW ARRIVAL แหวนเพชร Simplify Collection | 3-30 Nov 25","NEW ARRIVAL แหวนเพชร Simplify Collection","3020 | BU DIA | Engage  | NEW ARRIVAL แหวนเพชร Simplify Collection | 3-30 Nov 25 [Retargeting]",45-54,male,341,672,88,,100,THB,0.39980025,,14.88095238,35.1824221,2025-11-01,2025-11-30
"3020 | BU DIA | Message | Wedding Package sale up to 60% off | 2-30 Nov 25","Wedding Package sale up to 60% off","3020 | BU DIA | Message |Wedding Package sale up to 60% off | 2-30 Nov 25 [Retargeting]",45-54,male,91,186,19,1,32,THB,1.84992748,35.1486221,17.20430108,35.1486221,2025-11-01,2025-11-30
"3020 | BU DIA | Message | The Season of Gift Finding Sale up to 60% off | 1-15 Nov 25","The Season of Gift Finding Sale up to 60% off","3020 | BU DIA | Message |The Season of Gift Finding Sale up to 60% off | 1-15 Nov 25 [Retargeting]",25-34,male,230,452,25,2,40,THB,1.368618,17.10772503,8.84955752,34.21545006,2025-11-01,2025-11-30
"3020 | BU DIA | Message | The Season of Gift Finding Sale up to 60% off | 10-12 Nov 25","The Season of Gift Finding Sale up to 60% off | 10-12 Nov 25","3020 | BU DIA | Message |The Season of Gift Finding Sale up to 60% off | 10-12 Nov 25  [Interest]",35-44,male,330,517,26,1,30,THB,1.30830728,34.01598919,5.80270793,34.01598919,2025-11-01,2025-11-30
"3020 | BU DIA | Message | The Season of Gift Finding Sale up to 60% off | 10-12 Nov 25","The Season of Gift Finding Sale up to 60% off | 10-12 Nov 25","3020 | BU DIA | Message |The Season of Gift Finding Sale up to 60% off | 10-12 Nov 25  [Interest]",25-34,male,395,550,15,,17,THB,2.25706407,,3.09090909,33.85596102,2025-11-01,2025-11-30
"3020 | BU DIA | Message | จัดตามงบ ได้ครบตามใจ Sale up to 50% off | 16-30 Nov 25 - Copy","จัดตามงบ ได้ครบตามใจ Sale up to 50% off","3020 | BU DIA | Message  | จัดตามงบ ได้ครบตามใจ Sale up to 50% off | 16-30 Nov 25 [Interest]",55-64,female,277,460,58,4,80,THB,0.58191175,8.43772032,17.39130435,33.75088129,2025-11-01,2025-11-30
"3020 | BU DIA | Message | One Price ราคาเดียว 13,900.- | 4-30 Nov 25","One Price ราคาเดียว 13,900.-","3020 | BU DIA | Message | One Price ราคาเดียว 13,900.- | 4-30 Nov 25 [Retargeting]",35-44,male,178,365,18,2,24,THB,1.8744989,16.87049007,6.57534247,33.74098013,2025-11-01,2025-11-30
"3020 | BU DIA | Message | The Season of Gift Finding Sale up to 60% off | 10-12 Nov 25","The Season of Gift Finding Sale up to 60% off | 10-12 Nov 25","3020 | BU DIA | Message |The Season of Gift Finding Sale up to 60% off | 10-12 Nov 25  [Retargeting]",45-54,male,103,192,7,1,13,THB,4.73079386,33.11555701,6.77083333,33.11555701,2025-11-01,2025-11-30
"3020 | BU DIA | Message | The Season of Gift Finding Sale up to 60% off | 10-12 Nov 25","The Season of Gift Finding Sale up to 60% off | 10-12 Nov 25","3020 | BU DIA | Message |The Season of Gift Finding Sale up to 60% off | 10-12 Nov 25  [Interest]",18-24,female,286,478,11,,15,THB,3.00507456,,3.13807531,33.05582014,2025-11-01,2025-11-30
"3020 | BU DIA | Engage  | New Arrival Infinite Love Collection | 6-30 Nov 25","New Arrival Infinite Love Collection","3020 | BU DIA | Engage  | New Arrival Infinite Love Collection | 6-30 Nov 25 [Retargeting]",65+,female,398,719,101,,130,THB,0.31845757,,18.08066759,32.16421427,2025-11-01,2025-11-30
"3020 | BU DIA | Engage | The Season of Gift Finding Sale up to 60% off | 1-15 Nov 25","The Season of Gift Finding Sale up to 60% off","3020 | BU DIA | Engage |The Season of Gift Finding Sale up to 60% off | 1-15 Nov 25 [Retargeting]",25-34,male,607,1133,127,,136,THB,0.25106648,,12.00353045,31.88544244,2025-11-01,2025-11-30
"3020 | BU DIA | Message | One Price ราคาเดียว 13,900.- | 4-30 Nov 25","One Price ราคาเดียว 13,900.-","3020 | BU DIA | Message | One Price ราคาเดียว 13,900.- | 4-30 Nov 25 [Retargeting]",25-34,male,241,466,32,,50,THB,0.98344504,,10.72961373,31.47024118,2025-11-01,2025-11-30
"3020 | BU DIA | Message | One Price ราคาเดียว 13,900.- | 4-30 Nov 25","One Price ราคาเดียว 13,900.-","3020 | BU DIA | Message | One Price ราคาเดียว 13,900.- | 4-30 Nov 25 [Interest]",55-64,female,254,401,40,2,60,THB,0.78406195,15.68123907,14.96259352,31.36247813,2025-11-01,2025-11-30
"3020 | BU DIA | Engage | Modern Pearl, Minimal You Sale up to 60% | 1-30 Nov 25","Modern Pearl, Minimal You Sale up to 60%","3020 | BU DIA | Engage |Modern Pearl, Minimal You Sale up to 60% | 1-30 Nov 25 [Retargeting]",25-34,male,665,1140,124,2,167,THB,0.24730191,15.33271849,14.64912281,30.66543697,2025-11-01,2025-11-30
"3020 | BU DIA | Message | Modern Pearl, Minimal You Sale up to 60% | 1-30 Nov 25","Modern Pearl, Minimal You Sale up to 60%","3020 | BU DIA | Message | Modern Pearl, Minimal You Sale up to 60% | 1-30 Nov 25 [Retargeting]",35-44,male,213,395,43,1,65,THB,0.70355456,30.25284607,16.4556962,30.25284607,2025-11-01,2025-11-30
"3020 | BU DIA | Message | The Season of Gift Finding Sale up to 60% off | 1-15 Nov 25","The Season of Gift Finding Sale up to 60% off","3020 | BU DIA | Message |The Season of Gift Finding Sale up to 60% off | 1-15 Nov 25 [Interest]",18-24,female,218,531,26,,34,THB,1.16037937,,6.40301318,30.16986375,2025-11-01,2025-11-30
"3020 | BU DIA | Engage  | One Price ราคาเดียว 13,900.- | 4-30 Nov 25","One Price ราคาเดียว 13,900.-","3020 | BU DIA | Engage  | One Price ราคาเดียว 13,900.- |  4-30 Nov 25 [Interest]",55-64,female,634,1087,165,,212,THB,0.18241425,,19.50321987,30.09835068,2025-11-01,2025-11-30
"3020 | BU DIA | Message | The Season of Gift Finding Sale up to 60% off | 1-15 Nov 25","The Season of Gift Finding Sale up to 60% off","3020 | BU DIA | Message |The Season of Gift Finding Sale up to 60% off | 1-15 Nov 25 [Retargeting]",35-44,male,198,344,25,1,35,THB,1.15738436,28.93460889,10.1744186,28.93460889,2025-11-01,2025-11-30
"3020 | BU DIA | Engage | NEW ARRIVAL แหวนเพชร Simplify Collection | 3-30 Nov 25","NEW ARRIVAL แหวนเพชร Simplify Collection","3020 | BU DIA | Engage  | NEW ARRIVAL แหวนเพชร Simplify Collection | 3-30 Nov 25 [Retargeting]",65+,female,286,524,68,,91,THB,0.4253234,,17.36641221,28.9219911,2025-11-01,2025-11-30
"3020 | BU DIA | Engage | The Season of Gift Finding Sale up to 60% off | 1-15 Nov 25","The Season of Gift Finding Sale up to 60% off","3020 | BU DIA | Engage |The Season of Gift Finding Sale up to 60% off | 1-15 Nov 25 [Retargeting]",35-44,male,542,1068,110,,120,THB,0.2623175,,11.23595506,28.85492517,2025-11-01,2025-11-30
"3020 | BU DIA | Engage  | New Arrival Infinite Love Collection | 6-30 Nov 25","New Arrival Infinite Love Collection","3020 | BU DIA | Engage  | New Arrival Infinite Love Collection | 6-30 Nov 25 [Retargeting]",45-54,male,313,606,87,,98,THB,0.32532998,,16.17161716,28.30370845,2025-11-01,2025-11-30
"3020 | BU DIA | Engage | Modern Pearl, Minimal You Sale up to 60% | 1-30 Nov 25","Modern Pearl, Minimal You Sale up to 60%","3020 | BU DIA | Engage |Modern Pearl, Minimal You Sale up to 60% | 1-30 Nov 25 [Retargeting]",35-44,male,428,867,119,,155,THB,0.23162921,,17.87773933,27.56387565,2025-11-01,2025-11-30
"3020 | BU DIA | Engage  | One Price ราคาเดียว 13,900.- | 4-30 Nov 25","One Price ราคาเดียว 13,900.-","3020 | BU DIA | Engage  | One Price ราคาเดียว 13,900.- | 4-30 Nov 25 [Retargeting]",55-64,female,434,733,125,,155,THB,0.21165001,,21.14597544,26.45625079,2025-11-01,2025-11-30
"3020 | BU DIA | Message | Modern Pearl, Minimal You Sale up to 60% | 1-30 Nov 25","Modern Pearl, Minimal You Sale up to 60%","3020 | BU DIA | Message | Modern Pearl, Minimal You Sale up to 60% | 1-30 Nov 25 [Interest]",25-34,male,240,445,22,5,38,THB,1.16057981,5.10655118,8.53932584,25.53275589,2025-11-01,2025-11-30
"3020 | BU DIA | Message | จัดตามงบ ได้ครบตามใจ Sale up to 50% off | 16-30 Nov 25 - Copy","จัดตามงบ ได้ครบตามใจ Sale up to 50% off","3020 | BU DIA | Message  | จัดตามงบ ได้ครบตามใจ Sale up to 50% off | 16-30 Nov 25 [Interest]",45-54,male,70,128,16,3,18,THB,1.59254158,8.49355511,14.0625,25.48066534,2025-11-01,2025-11-30
"3020 | BU DIA | Message | The Season of Gift Finding Sale up to 60% off | 1-15 Nov 25","The Season of Gift Finding Sale up to 60% off","3020 | BU DIA | Message |The Season of Gift Finding Sale up to 60% off | 1-15 Nov 25 [Retargeting]",45-54,male,76,139,11,,15,THB,2.21035208,,10.79136691,24.31387287,2025-11-01,2025-11-30
"3020 | BU DIA | Message | The Season of Gift Finding Sale up to 60% off | 1-15 Nov 25","The Season of Gift Finding Sale up to 60% off","3020 | BU DIA | Message |The Season of Gift Finding Sale up to 60% off | 1-15 Nov 25 [Interest]",45-54,male,121,230,22,,30,THB,1.07125933,,13.04347826,23.56770524,2025-11-01,2025-11-30
"3020 | BU DIA | Engage | The Season of Gift Finding Sale up to 60% off | 1-15 Nov 25","The Season of Gift Finding Sale up to 60% off","3020 | BU DIA | Engage |The Season of Gift Finding Sale up to 60% off | 1-15 Nov 25 [Interest]",65+,female,488,836,88,,104,THB,0.25540064,,12.44019139,22.47525614,2025-11-01,2025-11-30
"3020 | BU DIA | Message | Modern Pearl, Minimal You Sale up to 60% | 1-30 Nov 25","Modern Pearl, Minimal You Sale up to 60%","3020 | BU DIA | Message | Modern Pearl, Minimal You Sale up to 60% | 1-30 Nov 25 [Interest]",18-24,unknown,2,2,,,0,THB,,,0,22.45242342,2025-11-01,2025-11-30
"3020 | BU DIA | Message | One Price ราคาเดียว 13,900.- | 4-30 Nov 25","One Price ราคาเดียว 13,900.-","3020 | BU DIA | Message | One Price ราคาเดียว 13,900.- | 4-30 Nov 25 [Interest]",18-24,female,192,354,15,,26,THB,1.49059306,,7.34463277,22.3588959,2025-11-01,2025-11-30
"3020 | BU DIA | Engage | The Season of Gift Finding Sale up to 60% off | 1-15 Nov 25","The Season of Gift Finding Sale up to 60% off","3020 | BU DIA | Engage |The Season of Gift Finding Sale up to 60% off | 1-15 Nov 25 [Retargeting]",65+,female,406,730,88,,102,THB,0.25129289,,13.97260274,22.11377454,2025-11-01,2025-11-30
"3020 | BU DIA | Engage | The Season of Gift Finding Sale up to 60% off | 1-15 Nov 25","The Season of Gift Finding Sale up to 60% off","3020 | BU DIA | Engage |The Season of Gift Finding Sale up to 60% off | 1-15 Nov 25 [Retargeting]",45-54,male,357,690,92,,99,THB,0.23699697,,14.34782609,21.80372162,2025-11-01,2025-11-30
"3020 | BU DIA | Engage  | One Price ราคาเดียว 13,900.- | 4-30 Nov 25","One Price ราคาเดียว 13,900.-","3020 | BU DIA | Engage  | One Price ราคาเดียว 13,900.- | 4-30 Nov 25 [Retargeting]",25-34,male,378,645,100,,116,THB,0.21615107,,17.98449612,21.61510698,2025-11-01,2025-11-30
"3020 | BU DIA | Engage | จัดตามงบ ได้ครบตามใจ Sale up to 50% off | 16-30 Nov 25","จัดตามงบ ได้ครบตามใจ Sale up to 50% off","3020 | BU DIA | Engage  | จัดตามงบ ได้ครบตามใจ Sale up to 50% off | 16-30 Nov 25 [Retargeting]",45-54,male,324,577,84,1,94,THB,0.25508133,21.42683132,16.29116118,21.42683132,2025-11-01,2025-11-30
"3020 | BU DIA | Message | One Price ราคาเดียว 13,900.- | 4-30 Nov 25","One Price ราคาเดียว 13,900.-","3020 | BU DIA | Message | One Price ราคาเดียว 13,900.- | 4-30 Nov 25 [Interest]",45-54,male,70,132,7,,10,THB,2.96117816,,7.57575758,20.72824711,2025-11-01,2025-11-30
"3020 | BU DIA | Message | Modern Pearl, Minimal You Sale up to 60% | 1-30 Nov 25","Modern Pearl, Minimal You Sale up to 60%","3020 | BU DIA | Message | Modern Pearl, Minimal You Sale up to 60% | 1-30 Nov 25 [Interest]",35-44,male,207,356,37,3,51,THB,0.56006045,6.90741222,14.3258427,20.72223667,2025-11-01,2025-11-30
"3020 | BU DIA | Message | Modern Pearl, Minimal You Sale up to 60% | 1-30 Nov 25","Modern Pearl, Minimal You Sale up to 60%","3020 | BU DIA | Message | Modern Pearl, Minimal You Sale up to 60% | 1-30 Nov 25 [Interest]",45-54,male,100,163,25,2,33,THB,0.81448791,10.1810989,20.24539877,20.36219781,2025-11-01,2025-11-30
"3020 | BU DIA | Message | One Price ราคาเดียว 13,900.- | 4-30 Nov 25","One Price ราคาเดียว 13,900.-","3020 | BU DIA | Message | One Price ราคาเดียว 13,900.- | 4-30 Nov 25 [Interest]",25-34,male,188,362,21,1,34,THB,0.95657107,20.08799237,9.39226519,20.08799237,2025-11-01,2025-11-30
"3020 | BU DIA | Engage | Wedding Package sale up to 60% off | 2-30 Nov 25","Wedding Package sale up to 60% off","3020 | BU DIA | Engage | Wedding Package sale up to 60% off | 2-30 Nov 25 [Interest]",35-44,male,425,592,87,,113,THB,0.22695387,,19.08783784,19.74498669,2025-11-01,2025-11-30
"3020 | BU DIA | Engage  | One Price ราคาเดียว 13,900.- | 4-30 Nov 25","One Price ราคาเดียว 13,900.-","3020 | BU DIA | Engage  | One Price ราคาเดียว 13,900.- | 4-30 Nov 25 [Retargeting]",35-44,male,330,639,84,1,102,THB,0.23481738,19.72466032,15.96244131,19.72466032,2025-11-01,2025-11-30
"3020 | BU DIA | Engage  | New Arrival Infinite Love Collection | 6-30 Nov 25","New Arrival Infinite Love Collection","3020 | BU DIA | Engage  | New Arrival Infinite Love Collection | 6-30 Nov 25 [Interest]",18-24,female,521,769,84,,101,THB,0.23149172,,13.13394018,19.44530452,2025-11-01,2025-11-30
"3020 | BU DIA | Message | The Season of Gift Finding Sale up to 60% off | 1-15 Nov 25","The Season of Gift Finding Sale up to 60% off","3020 | BU DIA | Message |The Season of Gift Finding Sale up to 60% off | 1-15 Nov 25 [Interest]",65+,female,128,244,18,1,30,THB,1.06201388,19.11624988,12.29508197,19.11624988,2025-11-01,2025-11-30
"3020 | BU DIA | Message | Modern Pearl, Minimal You Sale up to 60% | 1-30 Nov 25","Modern Pearl, Minimal You Sale up to 60%","3020 | BU DIA | Message | Modern Pearl, Minimal You Sale up to 60% | 1-30 Nov 25 [Retargeting]",45-54,male,92,172,21,1,30,THB,0.90389456,18.98178573,17.44186047,18.98178573,2025-11-01,2025-11-30
"3020 | BU DIA | Message | The Season of Gift Finding Sale up to 60% off | 10-12 Nov 25","The Season of Gift Finding Sale up to 60% off | 10-12 Nov 25","3020 | BU DIA | Message |The Season of Gift Finding Sale up to 60% off | 10-12 Nov 25  [Interest]",65+,female,205,291,16,1,18,THB,1.16395494,18.623279,6.18556701,18.623279,2025-11-01,2025-11-30
"3020 | BU DIA | Message | One Price ราคาเดียว 13,900.- | 4-30 Nov 25","One Price ราคาเดียว 13,900.-","3020 | BU DIA | Message | One Price ราคาเดียว 13,900.- | 4-30 Nov 25 [Interest]",35-44,male,177,348,19,1,27,THB,0.96090863,18.25726399,7.75862069,18.25726399,2025-11-01,2025-11-30
"3020 | BU DIA | Engage  | New Arrival Infinite Love Collection | 6-30 Nov 25","New Arrival Infinite Love Collection","3020 | BU DIA | Engage  | New Arrival Infinite Love Collection | 6-30 Nov 25 [Interest]",65+,female,372,607,70,,101,THB,0.25978515,,16.63920923,18.18496071,2025-11-01,2025-11-30
"3020 | BU DIA | Engage | Wedding Package sale up to 60% off | 2-30 Nov 25","Wedding Package sale up to 60% off","3020 | BU DIA | Engage | Wedding Package sale up to 60% off | 2-30 Nov 25 [Interest]",45-54,female,468,583,71,,86,THB,0.25330341,,14.75128645,17.98454208,2025-11-01,2025-11-30
"3020 | BU DIA | Engage | จัดตามงบ ได้ครบตามใจ Sale up to 50% off | 16-30 Nov 25","จัดตามงบ ได้ครบตามใจ Sale up to 50% off","3020 | BU DIA | Engage  | จัดตามงบ ได้ครบตามใจ Sale up to 50% off | 16-30 Nov 25 [Interest]",18-24,female,508,732,78,,96,THB,0.22441418,,13.1147541,17.50430623,2025-11-01,2025-11-30
"3020 | BU DIA | Message | One Price ราคาเดียว 13,900.- | 4-30 Nov 25","One Price ราคาเดียว 13,900.-","3020 | BU DIA | Message | One Price ราคาเดียว 13,900.- | 4-30 Nov 25 [Retargeting]",45-54,male,76,119,7,,11,THB,2.49366864,,9.24369748,17.4556805,2025-11-01,2025-11-30
"3020 | BU DIA | Message | The Season of Gift Finding Sale up to 60% off | 10-12 Nov 25","The Season of Gift Finding Sale up to 60% off | 10-12 Nov 25","3020 | BU DIA | Message |The Season of Gift Finding Sale up to 60% off | 10-12 Nov 25  [Interest]",45-54,male,223,290,13,1,15,THB,1.33792788,17.3930624,5.17241379,17.3930624,2025-11-01,2025-11-30
"3020 | BU DIA | Engage | Wedding Package sale up to 60% off | 2-30 Nov 25","Wedding Package sale up to 60% off","3020 | BU DIA | Engage |Wedding Package sale up to 60% off | 2-30 Nov 25 [Retargeting]",45-54,male,213,340,60,,78,THB,0.28196812,,22.94117647,16.91808748,2025-11-01,2025-11-30
"3020 | BU DIA | Engage | Wedding Package sale up to 60% off | 2-30 Nov 25","Wedding Package sale up to 60% off","3020 | BU DIA | Engage | Wedding Package sale up to 60% off | 2-30 Nov 25 [Interest]",18-24,male,380,524,63,,82,THB,0.25847798,,15.64885496,16.28411263,2025-11-01,2025-11-30
"3020 | BU DIA | Engage | NEW ARRIVAL แหวนเพชร Simplify Collection | 3-30 Nov 25","NEW ARRIVAL แหวนเพชร Simplify Collection","3020 | BU DIA | Engage  | NEW ARRIVAL แหวนเพชร Simplify Collection | 3-30 Nov 25 [Interest]",65+,female,299,453,40,,63,THB,0.39423782,,13.90728477,15.76951273,2025-11-01,2025-11-30
"3020 | BU DIA | Engage  | New Arrival Infinite Love Collection | 6-30 Nov 25","New Arrival Infinite Love Collection","3020 | BU DIA | Engage  | New Arrival Infinite Love Collection | 6-30 Nov 25 [Retargeting]",55-64,male,136,275,42,,64,THB,0.37052474,,23.27272727,15.56203899,2025-11-01,2025-11-30
"3020 | BU DIA | Message | Wedding Package sale up to 60% off | 2-30 Nov 25","Wedding Package sale up to 60% off","3020 | BU DIA | Message |Wedding Package sale up to 60% off | 2-30 Nov 25 [Interest]",55-64,female,43,54,4,,6,THB,3.79298315,,11.11111111,15.17193261,2025-11-01,2025-11-30
"3020 | BU DIA | Message | จัดตามงบ ได้ครบตามใจ Sale up to 50% off | 16-30 Nov 25 - Copy","จัดตามงบ ได้ครบตามใจ Sale up to 50% off","3020 | BU DIA | Message  | จัดตามงบ ได้ครบตามใจ Sale up to 50% off | 16-30 Nov 25 [Interest]",18-24,female,212,410,25,1,41,THB,0.60681584,15.17039612,10,15.17039612,2025-11-01,2025-11-30
"3020 | BU DIA | Engage | NEW ARRIVAL แหวนเพชร Simplify Collection | 3-30 Nov 25","NEW ARRIVAL แหวนเพชร Simplify Collection","3020 | BU DIA | Engage  | NEW ARRIVAL แหวนเพชร Simplify Collection | 3-30 Nov 25 [Interest]",18-24,female,270,426,52,,66,THB,0.28305536,,15.49295775,14.71887895,2025-11-01,2025-11-30
"3020 | BU DIA | Engage | จัดตามงบ ได้ครบตามใจ Sale up to 50% off | 16-30 Nov 25","จัดตามงบ ได้ครบตามใจ Sale up to 50% off","3020 | BU DIA | Engage  | จัดตามงบ ได้ครบตามใจ Sale up to 50% off | 16-30 Nov 25 [Retargeting]",65+,female,259,453,73,,85,THB,0.20129705,,18.76379691,14.69468497,2025-11-01,2025-11-30
"3020 | BU DIA | Message | The Season of Gift Finding Sale up to 60% off | 10-12 Nov 25","The Season of Gift Finding Sale up to 60% off | 10-12 Nov 25","3020 | BU DIA | Message |The Season of Gift Finding Sale up to 60% off | 10-12 Nov 25  [Retargeting]",65+,female,86,135,13,1,12,THB,1.12822232,14.66689021,8.88888889,14.66689021,2025-11-01,2025-11-30
"3020 | BU DIA | Engage | Wedding Package sale up to 60% off | 2-30 Nov 25","Wedding Package sale up to 60% off","3020 | BU DIA | Engage |Wedding Package sale up to 60% off | 2-30 Nov 25 [Retargeting]",55-64,female,195,323,59,1,71,THB,0.2443541,14.41689181,21.98142415,14.41689181,2025-11-01,2025-11-30
"3020 | BU DIA | Message | จัดตามงบ ได้ครบตามใจ Sale up to 50% off | 16-30 Nov 25 - Copy","จัดตามงบ ได้ครบตามใจ Sale up to 50% off","3020 | BU DIA | Message  | จัดตามงบ ได้ครบตามใจ Sale up to 50% off | 16-30 Nov 25 [Retargeting]",65+,female,116,240,17,,21,THB,0.8308602,,8.75,14.12462334,2025-11-01,2025-11-30
"3020 | BU DIA | Engage | Modern Pearl, Minimal You Sale up to 60% | 1-30 Nov 25","Modern Pearl, Minimal You Sale up to 60%","3020 | BU DIA | Engage | Modern Pearl, Minimal You Sale up to 60% | 1-30 Nov 25 [Interest]",18-24,female,434,674,66,,99,THB,0.21323607,,14.6884273,14.07358052,2025-11-01,2025-11-30
"3020 | BU DIA | Message | Wedding Package sale up to 60% off | 2-30 Nov 25","Wedding Package sale up to 60% off","3020 | BU DIA | Message |Wedding Package sale up to 60% off | 2-30 Nov 25 [Interest]",45-54,male,65,108,9,,13,THB,1.56019874,,12.03703704,14.04178865,2025-11-01,2025-11-30
"3020 | BU DIA | Message | Modern Pearl, Minimal You Sale up to 60% | 1-30 Nov 25","Modern Pearl, Minimal You Sale up to 60%","3020 | BU DIA | Message | Modern Pearl, Minimal You Sale up to 60% | 1-30 Nov 25 [Retargeting]",65+,female,99,164,13,,22,THB,1.04471367,,13.41463415,13.58127767,2025-11-01,2025-11-30
"3020 | BU DIA | Engage | NEW ARRIVAL แหวนเพชร Simplify Collection | 3-30 Nov 25","NEW ARRIVAL แหวนเพชร Simplify Collection","3020 | BU DIA | Engage  | NEW ARRIVAL แหวนเพชร Simplify Collection | 3-30 Nov 25 [Retargeting]",55-64,male,112,233,30,,39,THB,0.44969763,,16.73819742,13.49092877,2025-11-01,2025-11-30
"3020 | BU DIA | Engage  | One Price ราคาเดียว 13,900.- | 4-30 Nov 25","One Price ราคาเดียว 13,900.-","3020 | BU DIA | Engage  | One Price ราคาเดียว 13,900.- | 4-30 Nov 25 [Retargeting]",45-54,male,197,358,45,,54,THB,0.29362493,,15.08379888,13.21312185,2025-11-01,2025-11-30
"3020 | BU DIA | Engage | Modern Pearl, Minimal You Sale up to 60% | 1-30 Nov 25","Modern Pearl, Minimal You Sale up to 60%","3020 | BU DIA | Engage |Modern Pearl, Minimal You Sale up to 60% | 1-30 Nov 25 [Retargeting]",45-54,male,222,428,42,,56,THB,0.30896506,,13.08411215,12.97653238,2025-11-01,2025-11-30
"3020 | BU DIA | Message | Modern Pearl, Minimal You Sale up to 60% | 1-30 Nov 25","Modern Pearl, Minimal You Sale up to 60%","3020 | BU DIA | Message | Modern Pearl, Minimal You Sale up to 60% | 1-30 Nov 25 [Interest]",18-24,female,210,338,23,1,36,THB,0.5578863,12.83138496,10.65088757,12.83138496,2025-11-01,2025-11-30
"3020 | BU DIA | Message | จัดตามงบ ได้ครบตามใจ Sale up to 50% off | 16-30 Nov 25 - Copy","จัดตามงบ ได้ครบตามใจ Sale up to 50% off","3020 | BU DIA | Message  | จัดตามงบ ได้ครบตามใจ Sale up to 50% off | 16-30 Nov 25 [Interest]",35-44,male,148,305,23,1,33,THB,0.54914477,12.6303298,10.81967213,12.6303298,2025-11-01,2025-11-30
"3020 | BU DIA | Engage | จัดตามงบ ได้ครบตามใจ Sale up to 50% off | 16-30 Nov 25","จัดตามงบ ได้ครบตามใจ Sale up to 50% off","3020 | BU DIA | Engage  | จัดตามงบ ได้ครบตามใจ Sale up to 50% off | 16-30 Nov 25 [Interest]",65+,female,278,457,52,,65,THB,0.23505783,,14.22319475,12.22300698,2025-11-01,2025-11-30
"3020 | BU DIA | Engage | The Season of Gift Finding Sale up to 60% off | 1-15 Nov 25","The Season of Gift Finding Sale up to 60% off","3020 | BU DIA | Engage |The Season of Gift Finding Sale up to 60% off | 1-15 Nov 25 [Interest]",45-54,male,287,500,64,,76,THB,0.18629357,,15.2,11.9227883,2025-11-01,2025-11-30
"3020 | BU DIA | Engage | The Season of Gift Finding Sale up to 60% off | 1-15 Nov 25","The Season of Gift Finding Sale up to 60% off","3020 | BU DIA | Engage |The Season of Gift Finding Sale up to 60% off | 1-15 Nov 25 [Retargeting]",55-64,male,121,270,42,,38,THB,0.28242916,,14.07407407,11.8620247,2025-11-01,2025-11-30
"3020 | BU DIA | Message | The Season of Gift Finding Sale up to 60% off | 1-15 Nov 25","The Season of Gift Finding Sale up to 60% off","3020 | BU DIA | Message |The Season of Gift Finding Sale up to 60% off | 1-15 Nov 25 [Retargeting]",65+,female,64,113,14,,15,THB,0.83656182,,13.27433628,11.71186554,2025-11-01,2025-11-30
"3020 | BU DIA | Message | One Price ราคาเดียว 13,900.- | 4-30 Nov 25","One Price ราคาเดียว 13,900.-","3020 | BU DIA | Message | One Price ราคาเดียว 13,900.- | 4-30 Nov 25 [Interest]",65+,female,72,109,9,,13,THB,1.29607122,,11.9266055,11.66464099,2025-11-01,2025-11-30
"3020 | BU DIA | Engage | The Season of Gift Finding Sale up to 60% off | 1-15 Nov 25","The Season of Gift Finding Sale up to 60% off","3020 | BU DIA | Engage |The Season of Gift Finding Sale up to 60% off | 1-15 Nov 25 [Interest]",35-44,male,323,524,61,1,78,THB,0.18545321,11.31264561,14.88549618,11.31264561,2025-11-01,2025-11-30
"3020 | BU DIA | Message | Modern Pearl, Minimal You Sale up to 60% | 1-30 Nov 25","Modern Pearl, Minimal You Sale up to 60%","3020 | BU DIA | Message | Modern Pearl, Minimal You Sale up to 60% | 1-30 Nov 25 [Retargeting]",18-24,female,127,232,11,,18,THB,1.00463997,,7.75862069,11.05103964,2025-11-01,2025-11-30
"3020 | BU DIA | Engage | จัดตามงบ ได้ครบตามใจ Sale up to 50% off | 16-30 Nov 25","จัดตามงบ ได้ครบตามใจ Sale up to 50% off","3020 | BU DIA | Engage  | จัดตามงบ ได้ครบตามใจ Sale up to 50% off | 16-30 Nov 25 [Interest]",35-44,male,301,449,48,,61,THB,0.22651406,,13.5857461,10.87267479,2025-11-01,2025-11-30
"3020 | BU DIA | Message | Wedding Package sale up to 60% off | 2-30 Nov 25","Wedding Package sale up to 60% off","3020 | BU DIA | Message |Wedding Package sale up to 60% off | 2-30 Nov 25 [Interest]",18-24,male,63,148,10,,14,THB,1.04213275,,9.45945946,10.42132747,2025-11-01,2025-11-30
"3020 | BU DIA | Engage | The Season of Gift Finding Sale up to 60% off | 1-15 Nov 25","The Season of Gift Finding Sale up to 60% off","3020 | BU DIA | Engage |The Season of Gift Finding Sale up to 60% off | 1-15 Nov 25 [Interest]",18-24,female,298,448,45,,52,THB,0.22182966,,11.60714286,9.9823345,2025-11-01,2025-11-30
"3020 | BU DIA | Message | Wedding Package sale up to 60% off | 2-30 Nov 25","Wedding Package sale up to 60% off","3020 | BU DIA | Message |Wedding Package sale up to 60% off | 2-30 Nov 25 [Retargeting]",55-64,female,50,80,13,,19,THB,0.75886359,,23.75,9.8652267,2025-11-01,2025-11-30
"3020 | BU DIA | Engage  | New Arrival Infinite Love Collection | 6-30 Nov 25","New Arrival Infinite Love Collection","3020 | BU DIA | Engage  | New Arrival Infinite Love Collection | 6-30 Nov 25 [Interest]",25-34,male,288,371,39,1,52,THB,0.24519509,9.5626086,14.01617251,9.5626086,2025-11-01,2025-11-30
"3020 | BU DIA | Engage | Modern Pearl, Minimal You Sale up to 60% | 1-30 Nov 25","Modern Pearl, Minimal You Sale up to 60%","3020 | BU DIA | Engage | Modern Pearl, Minimal You Sale up to 60% | 1-30 Nov 25 [Interest]",65+,female,261,410,46,2,58,THB,0.20766153,4.77621514,14.14634146,9.55243027,2025-11-01,2025-11-30
"3020 | BU DIA | Engage | Modern Pearl, Minimal You Sale up to 60% | 1-30 Nov 25","Modern Pearl, Minimal You Sale up to 60%","3020 | BU DIA | Engage |Modern Pearl, Minimal You Sale up to 60% | 1-30 Nov 25 [Retargeting]",65+,female,197,311,43,,58,THB,0.22150686,,18.64951768,9.52479478,2025-11-01,2025-11-30
"3020 | BU DIA | Message | The Season of Gift Finding Sale up to 60% off | 10-12 Nov 25","The Season of Gift Finding Sale up to 60% off | 10-12 Nov 25","3020 | BU DIA | Message |The Season of Gift Finding Sale up to 60% off | 10-12 Nov 25  [Interest]",55-64,male,201,227,4,,6,THB,2.31040679,,2.64317181,9.24162717,2025-11-01,2025-11-30
"3020 | BU DIA | Engage | NEW ARRIVAL แหวนเพชร Simplify Collection | 3-30 Nov 25","NEW ARRIVAL แหวนเพชร Simplify Collection","3020 | BU DIA | Engage  | NEW ARRIVAL แหวนเพชร Simplify Collection | 3-30 Nov 25 [Interest]",45-54,male,171,284,29,,39,THB,0.31674279,,13.73239437,9.18554104,2025-11-01,2025-11-30
"3020 | BU DIA | Engage | จัดตามงบ ได้ครบตามใจ Sale up to 50% off | 16-30 Nov 25","จัดตามงบ ได้ครบตามใจ Sale up to 50% off","3020 | BU DIA | Engage  | จัดตามงบ ได้ครบตามใจ Sale up to 50% off | 16-30 Nov 25 [Retargeting]",55-64,male,77,144,30,,19,THB,0.30443039,,13.19444444,9.13291176,2025-11-01,2025-11-30
"3020 | BU DIA | Engage | NEW ARRIVAL แหวนเพชร Simplify Collection | 3-30 Nov 25","NEW ARRIVAL แหวนเพชร Simplify Collection","3020 | BU DIA | Engage  | NEW ARRIVAL แหวนเพชร Simplify Collection | 3-30 Nov 25 [Interest]",35-44,male,195,283,33,,42,THB,0.26470513,,14.8409894,8.73526942,2025-11-01,2025-11-30
"3020 | BU DIA | Engage | Wedding Package sale up to 60% off | 2-30 Nov 25","Wedding Package sale up to 60% off","3020 | BU DIA | Engage |Wedding Package sale up to 60% off | 2-30 Nov 25 [Retargeting]",55-64,male,79,137,20,,14,THB,0.43670876,,10.2189781,8.73417526,2025-11-01,2025-11-30
"3020 | BU DIA | Engage  | New Arrival Infinite Love Collection | 6-30 Nov 25","New Arrival Infinite Love Collection","3020 | BU DIA | Engage  | New Arrival Infinite Love Collection | 6-30 Nov 25 [Interest]",35-44,male,225,351,20,,46,THB,0.42611624,,13.10541311,8.52232482,2025-11-01,2025-11-30
"3020 | BU DIA | Engage  | New Arrival Infinite Love Collection | 6-30 Nov 25","New Arrival Infinite Love Collection","3020 | BU DIA | Engage  | New Arrival Infinite Love Collection | 6-30 Nov 25 [Interest]",45-54,male,162,284,33,,50,THB,0.25613048,,17.6056338,8.45230572,2025-11-01,2025-11-30
"3020 | BU DIA | Message | The Season of Gift Finding Sale up to 60% off | 10-12 Nov 25","The Season of Gift Finding Sale up to 60% off | 10-12 Nov 25","3020 | BU DIA | Message |The Season of Gift Finding Sale up to 60% off | 10-12 Nov 25  [Interest]",65+,male,119,132,1,,2,THB,8.09142466,,1.51515152,8.09142466,2025-11-01,2025-11-30
"3020 | BU DIA | Message | Wedding Package sale up to 60% off | 2-30 Nov 25","Wedding Package sale up to 60% off","3020 | BU DIA | Message |Wedding Package sale up to 60% off | 2-30 Nov 25 [Retargeting]",25-34,unknown,26,59,3,2,5,THB,2.65140474,3.97710711,8.47457627,7.95421422,2025-11-01,2025-11-30
"3020 | BU DIA | Engage | จัดตามงบ ได้ครบตามใจ Sale up to 50% off | 16-30 Nov 25","จัดตามงบ ได้ครบตามใจ Sale up to 50% off","3020 | BU DIA | Engage  | จัดตามงบ ได้ครบตามใจ Sale up to 50% off | 16-30 Nov 25 [Interest]",45-54,male,186,288,24,,27,THB,0.32174582,,9.375,7.72189966,2025-11-01,2025-11-30
"3020 | BU DIA | Engage | NEW ARRIVAL แหวนเพชร Simplify Collection | 3-30 Nov 25","NEW ARRIVAL แหวนเพชร Simplify Collection","3020 | BU DIA | Engage  | NEW ARRIVAL แหวนเพชร Simplify Collection | 3-30 Nov 25 [Interest]",25-34,male,159,216,25,,29,THB,0.30818591,,13.42592593,7.70464772,2025-11-01,2025-11-30
"3020 | BU DIA | Message | จัดตามงบ ได้ครบตามใจ Sale up to 50% off | 16-30 Nov 25 - Copy","จัดตามงบ ได้ครบตามใจ Sale up to 50% off","3020 | BU DIA | Message  | จัดตามงบ ได้ครบตามใจ Sale up to 50% off | 16-30 Nov 25 [Interest]",65+,female,93,149,14,,18,THB,0.54715714,,12.08053691,7.66020002,2025-11-01,2025-11-30
"3020 | BU DIA | Message | The Season of Gift Finding Sale up to 60% off | 10-12 Nov 25","The Season of Gift Finding Sale up to 60% off | 10-12 Nov 25","3020 | BU DIA | Message |The Season of Gift Finding Sale up to 60% off | 10-12 Nov 25  [Retargeting]",65+,male,22,35,4,,4,THB,1.900893,,11.42857143,7.603572,2025-11-01,2025-11-30
"3020 | BU DIA | Message | จัดตามงบ ได้ครบตามใจ Sale up to 50% off | 16-30 Nov 25 - Copy","จัดตามงบ ได้ครบตามใจ Sale up to 50% off","3020 | BU DIA | Message  | จัดตามงบ ได้ครบตามใจ Sale up to 50% off | 16-30 Nov 25 [Interest]",25-34,male,122,203,14,1,21,THB,0.5400141,7.56019741,10.34482759,7.56019741,2025-11-01,2025-11-30
"3020 | BU DIA | Engage | NEW ARRIVAL แหวนเพชร Simplify Collection | 3-30 Nov 25","NEW ARRIVAL แหวนเพชร Simplify Collection","3020 | BU DIA | Engage  | NEW ARRIVAL แหวนเพชร Simplify Collection | 3-30 Nov 25 [Retargeting]",65+,male,54,110,19,,19,THB,0.38528968,,17.27272727,7.32050397,2025-11-01,2025-11-30
"3020 | BU DIA | Engage  | One Price ราคาเดียว 13,900.- | 4-30 Nov 25","One Price ราคาเดียว 13,900.-","3020 | BU DIA | Engage  | One Price ราคาเดียว 13,900.- |  4-30 Nov 25 [Interest]",65+,female,166,279,36,,52,THB,0.20193338,,18.63799283,7.26960164,2025-11-01,2025-11-30
"3020 | BU DIA | Engage  | New Arrival Infinite Love Collection | 6-30 Nov 25","New Arrival Infinite Love Collection","3020 | BU DIA | Engage  | New Arrival Infinite Love Collection | 6-30 Nov 25 [Interest]",18-24,male,154,239,27,,29,THB,0.26896226,,12.13389121,7.26198101,2025-11-01,2025-11-30
"3020 | BU DIA | Message | Modern Pearl, Minimal You Sale up to 60% | 1-30 Nov 25","Modern Pearl, Minimal You Sale up to 60%","3020 | BU DIA | Message | Modern Pearl, Minimal You Sale up to 60% | 1-30 Nov 25 [Interest]",65+,female,86,146,15,1,24,THB,0.4780516,7.17077398,16.43835616,7.17077398,2025-11-01,2025-11-30
"3020 | BU DIA | Message | Wedding Package sale up to 60% off | 2-30 Nov 25","Wedding Package sale up to 60% off","3020 | BU DIA | Message |Wedding Package sale up to 60% off | 2-30 Nov 25 [Retargeting]",55-64,male,18,32,5,,6,THB,1.41875167,,18.75,7.09375835,2025-11-01,2025-11-30
"3020 | BU DIA | Message | One Price ราคาเดียว 13,900.- | 4-30 Nov 25","One Price ราคาเดียว 13,900.-","3020 | BU DIA | Message | One Price ราคาเดียว 13,900.- | 4-30 Nov 25 [Retargeting]",55-64,male,12,33,3,1,5,THB,2.34076174,7.02228522,15.15151515,7.02228522,2025-11-01,2025-11-30
"3020 | BU DIA | Engage  | New Arrival Infinite Love Collection | 6-30 Nov 25","New Arrival Infinite Love Collection","3020 | BU DIA | Engage  | New Arrival Infinite Love Collection | 6-30 Nov 25 [Retargeting]",65+,male,66,119,19,,22,THB,0.36162633,,18.48739496,6.87090025,2025-11-01,2025-11-30
"3020 | BU DIA | Engage  | One Price ราคาเดียว 13,900.- | 4-30 Nov 25","One Price ราคาเดียว 13,900.-","3020 | BU DIA | Engage  | One Price ราคาเดียว 13,900.- | 4-30 Nov 25 [Retargeting]",65+,female,109,172,30,,45,THB,0.21938517,,26.1627907,6.58155502,2025-11-01,2025-11-30
"3020 | BU DIA | Engage | Modern Pearl, Minimal You Sale up to 60% | 1-30 Nov 25","Modern Pearl, Minimal You Sale up to 60%","3020 | BU DIA | Engage | Modern Pearl, Minimal You Sale up to 60% | 1-30 Nov 25 [Interest]",35-44,male,226,310,26,,35,THB,0.24967891,,11.29032258,6.49165157,2025-11-01,2025-11-30
"3020 | BU DIA | Engage | The Season of Gift Finding Sale up to 60% off | 1-15 Nov 25","The Season of Gift Finding Sale up to 60% off","3020 | BU DIA | Engage |The Season of Gift Finding Sale up to 60% off | 1-15 Nov 25 [Interest]",25-34,male,227,312,31,,37,THB,0.20649991,,11.85897436,6.40149708,2025-11-01,2025-11-30
"3020 | BU DIA | Engage | Modern Pearl, Minimal You Sale up to 60% | 1-30 Nov 25","Modern Pearl, Minimal You Sale up to 60%","3020 | BU DIA | Engage | Modern Pearl, Minimal You Sale up to 60% | 1-30 Nov 25 [Interest]",45-54,male,159,281,26,,30,THB,0.24236935,,10.67615658,6.30160322,2025-11-01,2025-11-30
"3020 | BU DIA | Engage | Wedding Package sale up to 60% off | 2-30 Nov 25","Wedding Package sale up to 60% off","3020 | BU DIA | Engage | Wedding Package sale up to 60% off | 2-30 Nov 25 [Interest]",55-64,female,133,175,28,,38,THB,0.22469961,,21.71428571,6.29158897,2025-11-01,2025-11-30
"3020 | BU DIA | Engage  | One Price ราคาเดียว 13,900.- | 4-30 Nov 25","One Price ราคาเดียว 13,900.-","3020 | BU DIA | Engage  | One Price ราคาเดียว 13,900.- |  4-30 Nov 25 [Interest]",45-54,male,137,233,33,,39,THB,0.18605041,,16.73819742,6.13966356,2025-11-01,2025-11-30
"3020 | BU DIA | Engage | Wedding Package sale up to 60% off | 2-30 Nov 25","Wedding Package sale up to 60% off","3020 | BU DIA | Engage |Wedding Package sale up to 60% off | 2-30 Nov 25 [Retargeting]",65+,female,86,130,16,,20,THB,0.38205764,,15.38461538,6.1129222,2025-11-01,2025-11-30
"3020 | BU DIA | Engage  | One Price ราคาเดียว 13,900.- | 4-30 Nov 25","One Price ราคาเดียว 13,900.-","3020 | BU DIA | Engage  | One Price ราคาเดียว 13,900.- |  4-30 Nov 25 [Interest]",35-44,male,155,250,32,,42,THB,0.1843649,,16.8,5.89967671,2025-11-01,2025-11-30
"3020 | BU DIA | Message | The Season of Gift Finding Sale up to 60% off | 10-12 Nov 25","The Season of Gift Finding Sale up to 60% off | 10-12 Nov 25","3020 | BU DIA | Message |The Season of Gift Finding Sale up to 60% off | 10-12 Nov 25  [Retargeting]",55-64,male,29,36,3,,3,THB,1.8942232,,8.33333333,5.6826696,2025-11-01,2025-11-30
"3020 | BU DIA | Engage | Wedding Package sale up to 60% off | 2-30 Nov 25","Wedding Package sale up to 60% off","3020 | BU DIA | Engage | Wedding Package sale up to 60% off | 2-30 Nov 25 [Interest]",45-54,male,122,157,30,,38,THB,0.18771407,,24.20382166,5.63142224,2025-11-01,2025-11-30
"3020 | BU DIA | Engage | จัดตามงบ ได้ครบตามใจ Sale up to 50% off | 16-30 Nov 25","จัดตามงบ ได้ครบตามใจ Sale up to 50% off","3020 | BU DIA | Engage  | จัดตามงบ ได้ครบตามใจ Sale up to 50% off | 16-30 Nov 25 [Interest]",25-34,male,189,243,29,,37,THB,0.19384079,,15.22633745,5.62138292,2025-11-01,2025-11-30
"3020 | BU DIA | Engage  | One Price ราคาเดียว 13,900.- | 4-30 Nov 25","One Price ราคาเดียว 13,900.-","3020 | BU DIA | Engage  | One Price ราคาเดียว 13,900.- |  4-30 Nov 25 [Interest]",18-24,female,132,190,25,1,32,THB,0.20678867,5.16971671,16.84210526,5.16971671,2025-11-01,2025-11-30
"3020 | BU DIA | Message | จัดตามงบ ได้ครบตามใจ Sale up to 50% off | 16-30 Nov 25 - Copy","จัดตามงบ ได้ครบตามใจ Sale up to 50% off","3020 | BU DIA | Message  | จัดตามงบ ได้ครบตามใจ Sale up to 50% off | 16-30 Nov 25 [Retargeting]",55-64,male,23,41,3,,4,THB,1.65720911,,9.75609756,4.97162734,2025-11-01,2025-11-30
"3020 | BU DIA | Engage  | One Price ราคาเดียว 13,900.- | 4-30 Nov 25","One Price ราคาเดียว 13,900.-","3020 | BU DIA | Engage  | One Price ราคาเดียว 13,900.- |  4-30 Nov 25 [Interest]",25-34,male,103,136,23,,26,THB,0.20737994,,19.11764706,4.76973863,2025-11-01,2025-11-30
"3020 | BU DIA | Engage | The Season of Gift Finding Sale up to 60% off | 1-15 Nov 25","The Season of Gift Finding Sale up to 60% off","3020 | BU DIA | Engage |The Season of Gift Finding Sale up to 60% off | 1-15 Nov 25 [Interest]",55-64,male,97,157,13,,13,THB,0.36470067,,8.28025478,4.74110877,2025-11-01,2025-11-30
"3020 | BU DIA | Engage | Modern Pearl, Minimal You Sale up to 60% | 1-30 Nov 25","Modern Pearl, Minimal You Sale up to 60%","3020 | BU DIA | Engage | Modern Pearl, Minimal You Sale up to 60% | 1-30 Nov 25 [Interest]",25-34,male,177,238,19,,29,THB,0.24111397,,12.18487395,4.58116551,2025-11-01,2025-11-30
"3020 | BU DIA | Message | One Price ราคาเดียว 13,900.- | 4-30 Nov 25","One Price ราคาเดียว 13,900.-","3020 | BU DIA | Message | One Price ราคาเดียว 13,900.- | 4-30 Nov 25 [Retargeting]",65+,female,43,64,9,1,13,THB,0.47126447,4.24138025,20.3125,4.24138025,2025-11-01,2025-11-30
"3020 | BU DIA | Message | Wedding Package sale up to 60% off | 2-30 Nov 25","Wedding Package sale up to 60% off","3020 | BU DIA | Message |Wedding Package sale up to 60% off | 2-30 Nov 25 [Retargeting]",65+,female,25,51,5,,7,THB,0.84644846,,13.7254902,4.23224229,2025-11-01,2025-11-30
"3020 | BU DIA | Message | Wedding Package sale up to 60% off | 2-30 Nov 25","Wedding Package sale up to 60% off","3020 | BU DIA | Message |Wedding Package sale up to 60% off | 2-30 Nov 25 [Retargeting]",45-54,unknown,5,22,,,0,THB,,,0,4.13218928,2025-11-01,2025-11-30
"3020 | BU DIA | Message | The Season of Gift Finding Sale up to 60% off | 1-15 Nov 25","The Season of Gift Finding Sale up to 60% off","3020 | BU DIA | Message |The Season of Gift Finding Sale up to 60% off | 1-15 Nov 25 [Interest]",45-54,unknown,13,41,2,,2,THB,1.95563938,,4.87804878,3.91127876,2025-11-01,2025-11-30
"3020 | BU DIA | Engage | NEW ARRIVAL แหวนเพชร Simplify Collection | 3-30 Nov 25","NEW ARRIVAL แหวนเพชร Simplify Collection","3020 | BU DIA | Engage  | NEW ARRIVAL แหวนเพชร Simplify Collection | 3-30 Nov 25 [Interest]",18-24,male,75,111,12,,14,THB,0.3235285,,12.61261261,3.88234197,2025-11-01,2025-11-30
"3020 | BU DIA | Engage | จัดตามงบ ได้ครบตามใจ Sale up to 50% off | 16-30 Nov 25","จัดตามงบ ได้ครบตามใจ Sale up to 50% off","3020 | BU DIA | Engage  | จัดตามงบ ได้ครบตามใจ Sale up to 50% off | 16-30 Nov 25 [Interest]",55-64,male,54,78,12,,9,THB,0.3234129,,11.53846154,3.88095475,2025-11-01,2025-11-30
"3020 | BU DIA | Engage  | One Price ราคาเดียว 13,900.- | 4-30 Nov 25","One Price ราคาเดียว 13,900.-","3020 | BU DIA | Engage  | One Price ราคาเดียว 13,900.- | 4-30 Nov 25 [Retargeting]",55-64,male,49,85,8,,9,THB,0.47261166,,10.58823529,3.78089331,2025-11-01,2025-11-30
"3020 | BU DIA | Message | One Price ราคาเดียว 13,900.- | 4-30 Nov 25","One Price ราคาเดียว 13,900.-","3020 | BU DIA | Message | One Price ราคาเดียว 13,900.- | 4-30 Nov 25 [Interest]",18-24,male,31,77,7,,9,THB,0.53306923,,11.68831169,3.73148464,2025-11-01,2025-11-30
"3020 | BU DIA | Message | The Season of Gift Finding Sale up to 60% off | 1-15 Nov 25","The Season of Gift Finding Sale up to 60% off","3020 | BU DIA | Message |The Season of Gift Finding Sale up to 60% off | 1-15 Nov 25 [Interest]",55-64,male,30,49,2,,2,THB,1.83560013,,4.08163265,3.67120026,2025-11-01,2025-11-30
"3020 | BU DIA | Engage | NEW ARRIVAL แหวนเพชร Simplify Collection | 3-30 Nov 25","NEW ARRIVAL แหวนเพชร Simplify Collection","3020 | BU DIA | Engage  | NEW ARRIVAL แหวนเพชร Simplify Collection | 3-30 Nov 25 [Interest]",55-64,male,65,96,9,,14,THB,0.39579431,,14.58333333,3.56214881,2025-11-01,2025-11-30
"3020 | BU DIA | Message | จัดตามงบ ได้ครบตามใจ Sale up to 50% off | 16-30 Nov 25 - Copy","จัดตามงบ ได้ครบตามใจ Sale up to 50% off","3020 | BU DIA | Message  | จัดตามงบ ได้ครบตามใจ Sale up to 50% off | 16-30 Nov 25 [Retargeting]",35-44,unknown,29,55,12,1,17,THB,0.2959302,3.55116238,30.90909091,3.55116238,2025-11-01,2025-11-30
"3020 | BU DIA | Message | The Season of Gift Finding Sale up to 60% off | 10-12 Nov 25","The Season of Gift Finding Sale up to 60% off | 10-12 Nov 25","3020 | BU DIA | Message |The Season of Gift Finding Sale up to 60% off | 10-12 Nov 25  [Interest]",18-24,male,44,55,,,0,THB,,,0,3.47061107,2025-11-01,2025-11-30
"3020 | BU DIA | Message | Wedding Package sale up to 60% off | 2-30 Nov 25","Wedding Package sale up to 60% off","3020 | BU DIA | Message |Wedding Package sale up to 60% off | 2-30 Nov 25 [Retargeting]",35-44,unknown,21,36,3,,3,THB,1.0939129,,8.33333333,3.2817387,2025-11-01,2025-11-30
"3020 | BU DIA | Engage | Modern Pearl, Minimal You Sale up to 60% | 1-30 Nov 25","Modern Pearl, Minimal You Sale up to 60%","3020 | BU DIA | Engage |Modern Pearl, Minimal You Sale up to 60% | 1-30 Nov 25 [Retargeting]",55-64,male,39,76,13,,18,THB,0.25012591,,23.68421053,3.25163687,2025-11-01,2025-11-30
"3020 | BU DIA | Message | Modern Pearl, Minimal You Sale up to 60% | 1-30 Nov 25","Modern Pearl, Minimal You Sale up to 60%","3020 | BU DIA | Message | Modern Pearl, Minimal You Sale up to 60% | 1-30 Nov 25 [Retargeting]",45-54,unknown,16,30,,,1,THB,,,3.33333333,3.24030484,2025-11-01,2025-11-30
"3020 | BU DIA | Message | จัดตามงบ ได้ครบตามใจ Sale up to 50% off | 16-30 Nov 25 - Copy","จัดตามงบ ได้ครบตามใจ Sale up to 50% off","3020 | BU DIA | Message  | จัดตามงบ ได้ครบตามใจ Sale up to 50% off | 16-30 Nov 25 [Interest]",18-24,male,23,96,5,,9,THB,0.6320165,,9.375,3.16008252,2025-11-01,2025-11-30
"3020 | BU DIA | Message | Wedding Package sale up to 60% off | 2-30 Nov 25","Wedding Package sale up to 60% off","3020 | BU DIA | Message |Wedding Package sale up to 60% off | 2-30 Nov 25 [Interest]",65+,female,26,52,1,,3,THB,3.13039875,,5.76923077,3.13039875,2025-11-01,2025-11-30
"3020 | BU DIA | Engage | Modern Pearl, Minimal You Sale up to 60% | 1-30 Nov 25","Modern Pearl, Minimal You Sale up to 60%","3020 | BU DIA | Engage |Modern Pearl, Minimal You Sale up to 60% | 1-30 Nov 25 [Retargeting]",35-44,unknown,45,102,11,,16,THB,0.28286967,,15.68627451,3.11156636,2025-11-01,2025-11-30
"3020 | BU DIA | Engage | The Season of Gift Finding Sale up to 60% off | 1-15 Nov 25","The Season of Gift Finding Sale up to 60% off","3020 | BU DIA | Engage |The Season of Gift Finding Sale up to 60% off | 1-15 Nov 25 [Retargeting]",65+,male,39,73,14,,15,THB,0.22218078,,20.54794521,3.11053093,2025-11-01,2025-11-30
"3020 | BU DIA | Message | One Price ราคาเดียว 13,900.- | 4-30 Nov 25","One Price ราคาเดียว 13,900.-","3020 | BU DIA | Message | One Price ราคาเดียว 13,900.- | 4-30 Nov 25 [Retargeting]",25-34,unknown,16,22,3,,6,THB,1.0136632,,27.27272727,3.04098961,2025-11-01,2025-11-30
"3020 | BU DIA | Message | Wedding Package sale up to 60% off | 2-30 Nov 25","Wedding Package sale up to 60% off","3020 | BU DIA | Message |Wedding Package sale up to 60% off | 2-30 Nov 25 [Retargeting]",65+,male,14,24,5,,6,THB,0.58030745,,25,2.90153726,2025-11-01,2025-11-30
"3020 | BU DIA | Message | Modern Pearl, Minimal You Sale up to 60% | 1-30 Nov 25","Modern Pearl, Minimal You Sale up to 60%","3020 | BU DIA | Message | Modern Pearl, Minimal You Sale up to 60% | 1-30 Nov 25 [Retargeting]",35-44,unknown,33,45,4,,7,THB,0.72506821,,15.55555556,2.90027285,2025-11-01,2025-11-30
"3020 | BU DIA | Engage | Wedding Package sale up to 60% off | 2-30 Nov 25","Wedding Package sale up to 60% off","3020 | BU DIA | Engage |Wedding Package sale up to 60% off | 2-30 Nov 25 [Retargeting]",25-34,unknown,52,79,7,,8,THB,0.41019609,,10.12658228,2.87137262,2025-11-01,2025-11-30
"3020 | BU DIA | Message | Modern Pearl, Minimal You Sale up to 60% | 1-30 Nov 25","Modern Pearl, Minimal You Sale up to 60%","3020 | BU DIA | Message | Modern Pearl, Minimal You Sale up to 60% | 1-30 Nov 25 [Interest]",18-24,male,32,71,5,,9,THB,0.53205743,,12.67605634,2.66028714,2025-11-01,2025-11-30
"3020 | BU DIA | Engage | Wedding Package sale up to 60% off | 2-30 Nov 25","Wedding Package sale up to 60% off","3020 | BU DIA | Engage | Wedding Package sale up to 60% off | 2-30 Nov 25 [Interest]",65+,female,60,85,13,,17,THB,0.20158937,,20,2.62066186,2025-11-01,2025-11-30
"3020 | BU DIA | Engage | จัดตามงบ ได้ครบตามใจ Sale up to 50% off | 16-30 Nov 25","จัดตามงบ ได้ครบตามใจ Sale up to 50% off","3020 | BU DIA | Engage  | จัดตามงบ ได้ครบตามใจ Sale up to 50% off | 16-30 Nov 25 [Interest]",18-24,male,60,95,5,,6,THB,0.52412894,,6.31578947,2.6206447,2025-11-01,2025-11-30
"3020 | BU DIA | Message | The Season of Gift Finding Sale up to 60% off | 10-12 Nov 25","The Season of Gift Finding Sale up to 60% off | 10-12 Nov 25","3020 | BU DIA | Message |The Season of Gift Finding Sale up to 60% off | 10-12 Nov 25  [Interest]",35-44,unknown,22,41,1,,2,THB,2.56045082,,4.87804878,2.56045082,2025-11-01,2025-11-30
"3020 | BU DIA | Engage | The Season of Gift Finding Sale up to 60% off | 1-15 Nov 25","The Season of Gift Finding Sale up to 60% off","3020 | BU DIA | Engage |The Season of Gift Finding Sale up to 60% off | 1-15 Nov 25 [Interest]",18-24,male,65,112,12,,10,THB,0.21171618,,8.92857143,2.54059415,2025-11-01,2025-11-30
"3020 | BU DIA | Message | จัดตามงบ ได้ครบตามใจ Sale up to 50% off | 16-30 Nov 25 - Copy","จัดตามงบ ได้ครบตามใจ Sale up to 50% off","3020 | BU DIA | Message  | จัดตามงบ ได้ครบตามใจ Sale up to 50% off | 16-30 Nov 25 [Retargeting]",25-34,unknown,14,46,5,,7,THB,0.49616241,,15.2173913,2.48081203,2025-11-01,2025-11-30
"3020 | BU DIA | Engage | Wedding Package sale up to 60% off | 2-30 Nov 25","Wedding Package sale up to 60% off","3020 | BU DIA | Engage |Wedding Package sale up to 60% off | 2-30 Nov 25 [Retargeting]",35-44,unknown,33,69,12,,11,THB,0.20343058,,15.94202899,2.44116697,2025-11-01,2025-11-30
"3020 | BU DIA | Engage | Wedding Package sale up to 60% off | 2-30 Nov 25","Wedding Package sale up to 60% off","3020 | BU DIA | Engage |Wedding Package sale up to 60% off | 2-30 Nov 25 [Retargeting]",65+,male,38,59,8,,11,THB,0.30014348,,18.6440678,2.40114784,2025-11-01,2025-11-30
"3020 | BU DIA | Engage | จัดตามงบ ได้ครบตามใจ Sale up to 50% off | 16-30 Nov 25","จัดตามงบ ได้ครบตามใจ Sale up to 50% off","3020 | BU DIA | Engage  | จัดตามงบ ได้ครบตามใจ Sale up to 50% off | 16-30 Nov 25 [Retargeting]",65+,male,31,52,9,,8,THB,0.26008292,,15.38461538,2.34074628,2025-11-01,2025-11-30
"3020 | BU DIA | Engage  | New Arrival Infinite Love Collection | 6-30 Nov 25","New Arrival Infinite Love Collection","3020 | BU DIA | Engage  | New Arrival Infinite Love Collection | 6-30 Nov 25 [Interest]",55-64,male,48,80,5,,8,THB,0.45412388,,10,2.27061941,2025-11-01,2025-11-30
"3020 | BU DIA | Message | The Season of Gift Finding Sale up to 60% off | 10-12 Nov 25","The Season of Gift Finding Sale up to 60% off | 10-12 Nov 25","3020 | BU DIA | Message |The Season of Gift Finding Sale up to 60% off | 10-12 Nov 25  [Interest]",45-54,unknown,9,20,1,,1,THB,2.23039271,,5,2.23039271,2025-11-01,2025-11-30
"3020 | BU DIA | Engage | จัดตามงบ ได้ครบตามใจ Sale up to 50% off | 16-30 Nov 25","จัดตามงบ ได้ครบตามใจ Sale up to 50% off","3020 | BU DIA | Engage  | จัดตามงบ ได้ครบตามใจ Sale up to 50% off | 16-30 Nov 25 [Retargeting]",35-44,unknown,43,68,10,,15,THB,0.21806953,,22.05882353,2.18069525,2025-11-01,2025-11-30
"3020 | BU DIA | Message | One Price ราคาเดียว 13,900.- | 4-30 Nov 25","One Price ราคาเดียว 13,900.-","3020 | BU DIA | Message | One Price ราคาเดียว 13,900.- | 4-30 Nov 25 [Interest]",55-64,male,15,26,2,,3,THB,1.08042987,,11.53846154,2.16085974,2025-11-01,2025-11-30
"3020 | BU DIA | Message | The Season of Gift Finding Sale up to 60% off | 1-15 Nov 25","The Season of Gift Finding Sale up to 60% off","3020 | BU DIA | Message |The Season of Gift Finding Sale up to 60% off | 1-15 Nov 25 [Interest]",18-24,male,33,56,,,1,THB,,,1.78571429,2.13069661,2025-11-01,2025-11-30
"3020 | BU DIA | Engage | NEW ARRIVAL แหวนเพชร Simplify Collection | 3-30 Nov 25","NEW ARRIVAL แหวนเพชร Simplify Collection","3020 | BU DIA | Engage  | NEW ARRIVAL แหวนเพชร Simplify Collection | 3-30 Nov 25 [Retargeting]",35-44,unknown,25,57,8,,13,THB,0.26501824,,22.80701754,2.12014596,2025-11-01,2025-11-30
"3020 | BU DIA | Engage  | One Price ราคาเดียว 13,900.- | 4-30 Nov 25","One Price ราคาเดียว 13,900.-","3020 | BU DIA | Engage  | One Price ราคาเดียว 13,900.- | 4-30 Nov 25 [Retargeting]",65+,male,25,39,11,,11,THB,0.19186351,,28.20512821,2.11049865,2025-11-01,2025-11-30
"3020 | BU DIA | Engage | Modern Pearl, Minimal You Sale up to 60% | 1-30 Nov 25","Modern Pearl, Minimal You Sale up to 60%","3020 | BU DIA | Engage |Modern Pearl, Minimal You Sale up to 60% | 1-30 Nov 25 [Retargeting]",25-34,unknown,41,68,11,,17,THB,0.19100524,,25,2.10105767,2025-11-01,2025-11-30
"3020 | BU DIA | Message | Wedding Package sale up to 60% off | 2-30 Nov 25","Wedding Package sale up to 60% off","3020 | BU DIA | Message |Wedding Package sale up to 60% off | 2-30 Nov 25 [Interest]",55-64,male,12,13,,,1,THB,,,7.69230769,2.08026499,2025-11-01,2025-11-30
"3020 | BU DIA | Engage  | New Arrival Infinite Love Collection | 6-30 Nov 25","New Arrival Infinite Love Collection","3020 | BU DIA | Engage  | New Arrival Infinite Love Collection | 6-30 Nov 25 [Retargeting]",35-44,unknown,26,51,6,,8,THB,0.32837636,,15.68627451,1.97025815,2025-11-01,2025-11-30
"3020 | BU DIA | Engage | The Season of Gift Finding Sale up to 60% off | 1-15 Nov 25","The Season of Gift Finding Sale up to 60% off","3020 | BU DIA | Engage |The Season of Gift Finding Sale up to 60% off | 1-15 Nov 25 [Retargeting]",35-44,unknown,32,64,4,,4,THB,0.48758322,,6.25,1.9503329,2025-11-01,2025-11-30
"3020 | BU DIA | Engage | Wedding Package sale up to 60% off | 2-30 Nov 25","Wedding Package sale up to 60% off","3020 | BU DIA | Engage | Wedding Package sale up to 60% off | 2-30 Nov 25 [Interest]",55-64,male,46,49,5,,7,THB,0.37809549,,14.28571429,1.89047745,2025-11-01,2025-11-30
"3020 | BU DIA | Engage  | New Arrival Infinite Love Collection | 6-30 Nov 25","New Arrival Infinite Love Collection","3020 | BU DIA | Engage  | New Arrival Infinite Love Collection | 6-30 Nov 25 [Retargeting]",25-34,unknown,33,48,5,,7,THB,0.37604927,,14.58333333,1.88024636,2025-11-01,2025-11-30
"3020 | BU DIA | Engage | The Season of Gift Finding Sale up to 60% off | 1-15 Nov 25","The Season of Gift Finding Sale up to 60% off","3020 | BU DIA | Engage |The Season of Gift Finding Sale up to 60% off | 1-15 Nov 25 [Interest]",65+,male,40,64,10,,12,THB,0.18704374,,18.75,1.87043743,2025-11-01,2025-11-30
"3020 | BU DIA | Message | จัดตามงบ ได้ครบตามใจ Sale up to 50% off | 16-30 Nov 25 - Copy","จัดตามงบ ได้ครบตามใจ Sale up to 50% off","3020 | BU DIA | Message  | จัดตามงบ ได้ครบตามใจ Sale up to 50% off | 16-30 Nov 25 [Interest]",55-64,male,12,18,2,,4,THB,0.92502415,,22.22222222,1.85004831,2025-11-01,2025-11-30
"3020 | BU DIA | Engage | NEW ARRIVAL แหวนเพชร Simplify Collection | 3-30 Nov 25","NEW ARRIVAL แหวนเพชร Simplify Collection","3020 | BU DIA | Engage  | NEW ARRIVAL แหวนเพชร Simplify Collection | 3-30 Nov 25 [Interest]",65+,male,30,42,7,,10,THB,0.26015694,,23.80952381,1.82109855,2025-11-01,2025-11-30
"3020 | BU DIA | Engage | Modern Pearl, Minimal You Sale up to 60% | 1-30 Nov 25","Modern Pearl, Minimal You Sale up to 60%","3020 | BU DIA | Engage | Modern Pearl, Minimal You Sale up to 60% | 1-30 Nov 25 [Interest]",18-24,male,58,94,10,,14,THB,0.17504453,,14.89361702,1.75044534,2025-11-01,2025-11-30
"3020 | BU DIA | Engage | จัดตามงบ ได้ครบตามใจ Sale up to 50% off | 16-30 Nov 25","จัดตามงบ ได้ครบตามใจ Sale up to 50% off","3020 | BU DIA | Engage  | จัดตามงบ ได้ครบตามใจ Sale up to 50% off | 16-30 Nov 25 [Retargeting]",25-34,unknown,39,57,9,,12,THB,0.18894913,,21.05263158,1.70054217,2025-11-01,2025-11-30
"3020 | BU DIA | Message | The Season of Gift Finding Sale up to 60% off | 1-15 Nov 25","The Season of Gift Finding Sale up to 60% off","3020 | BU DIA | Message |The Season of Gift Finding Sale up to 60% off | 1-15 Nov 25 [Interest]",65+,male,10,19,2,,3,THB,0.84527636,,15.78947368,1.69055271,2025-11-01,2025-11-30
"3020 | BU DIA | Engage | The Season of Gift Finding Sale up to 60% off | 1-15 Nov 25","The Season of Gift Finding Sale up to 60% off","3020 | BU DIA | Engage |The Season of Gift Finding Sale up to 60% off | 1-15 Nov 25 [Interest]",35-44,unknown,21,31,4,,4,THB,0.41759766,,12.90322581,1.67039064,2025-11-01,2025-11-30
"3020 | BU DIA | Engage | Modern Pearl, Minimal You Sale up to 60% | 1-30 Nov 25","Modern Pearl, Minimal You Sale up to 60%","3020 | BU DIA | Engage |Modern Pearl, Minimal You Sale up to 60% | 1-30 Nov 25 [Retargeting]",45-54,unknown,33,47,3,,5,THB,0.55361202,,10.63829787,1.66083606,2025-11-01,2025-11-30
"3020 | BU DIA | Engage  | One Price ราคาเดียว 13,900.- | 4-30 Nov 25","One Price ราคาเดียว 13,900.-","3020 | BU DIA | Engage  | One Price ราคาเดียว 13,900.- | 4-30 Nov 25 [Retargeting]",35-44,unknown,21,42,9,,8,THB,0.18226529,,19.04761905,1.64038757,2025-11-01,2025-11-30
"3020 | BU DIA | Message | The Season of Gift Finding Sale up to 60% off | 10-12 Nov 25","The Season of Gift Finding Sale up to 60% off | 10-12 Nov 25","3020 | BU DIA | Message |The Season of Gift Finding Sale up to 60% off | 10-12 Nov 25  [Retargeting]",35-44,unknown,18,24,5,,6,THB,0.32215134,,25,1.6107567,2025-11-01,2025-11-30
"3020 | BU DIA | Message | Wedding Package sale up to 60% off | 2-30 Nov 25","Wedding Package sale up to 60% off","3020 | BU DIA | Message |Wedding Package sale up to 60% off | 2-30 Nov 25 [Interest]",65+,male,10,27,,,0,THB,,,0,1.59020256,2025-11-01,2025-11-30
"3020 | BU DIA | Engage | NEW ARRIVAL แหวนเพชร Simplify Collection | 3-30 Nov 25","NEW ARRIVAL แหวนเพชร Simplify Collection","3020 | BU DIA | Engage  | NEW ARRIVAL แหวนเพชร Simplify Collection | 3-30 Nov 25 [Retargeting]",25-34,unknown,21,34,2,,2,THB,0.79505473,,5.88235294,1.59010947,2025-11-01,2025-11-30
"3020 | BU DIA | Message | One Price ราคาเดียว 13,900.- | 4-30 Nov 25","One Price ราคาเดียว 13,900.-","3020 | BU DIA | Message | One Price ราคาเดียว 13,900.- | 4-30 Nov 25 [Retargeting]",35-44,unknown,14,18,2,,2,THB,0.79025717,,11.11111111,1.58051434,2025-11-01,2025-11-30
"3020 | BU DIA | Message | The Season of Gift Finding Sale up to 60% off | 1-15 Nov 25","The Season of Gift Finding Sale up to 60% off","3020 | BU DIA | Message |The Season of Gift Finding Sale up to 60% off | 1-15 Nov 25 [Interest]",25-34,unknown,6,13,,,0,THB,,,0,1.55050692,2025-11-01,2025-11-30
"3020 | BU DIA | Message | Modern Pearl, Minimal You Sale up to 60% | 1-30 Nov 25","Modern Pearl, Minimal You Sale up to 60%","3020 | BU DIA | Message | Modern Pearl, Minimal You Sale up to 60% | 1-30 Nov 25 [Interest]",35-44,unknown,17,26,,,0,THB,,,0,1.53016516,2025-11-01,2025-11-30
"3020 | BU DIA | Message | จัดตามงบ ได้ครบตามใจ Sale up to 50% off | 16-30 Nov 25 - Copy","จัดตามงบ ได้ครบตามใจ Sale up to 50% off","3020 | BU DIA | Message  | จัดตามงบ ได้ครบตามใจ Sale up to 50% off | 16-30 Nov 25 [Retargeting]",45-54,unknown,12,26,4,,6,THB,0.38012442,,23.07692308,1.5204977,2025-11-01,2025-11-30
"3020 | BU DIA | Message | The Season of Gift Finding Sale up to 60% off | 1-15 Nov 25","The Season of Gift Finding Sale up to 60% off","3020 | BU DIA | Message |The Season of Gift Finding Sale up to 60% off | 1-15 Nov 25 [Retargeting]",25-34,unknown,8,13,5,,6,THB,0.30204811,,46.15384615,1.51024056,2025-11-01,2025-11-30
"3020 | BU DIA | Message | The Season of Gift Finding Sale up to 60% off | 1-15 Nov 25","The Season of Gift Finding Sale up to 60% off","3020 | BU DIA | Message |The Season of Gift Finding Sale up to 60% off | 1-15 Nov 25 [Retargeting]",55-64,male,15,22,,,1,THB,,,4.54545455,1.48023578,2025-11-01,2025-11-30
"3020 | BU DIA | Message | The Season of Gift Finding Sale up to 60% off | 1-15 Nov 25","The Season of Gift Finding Sale up to 60% off","3020 | BU DIA | Message |The Season of Gift Finding Sale up to 60% off | 1-15 Nov 25 [Retargeting]",45-54,unknown,7,11,,,0,THB,,,0,1.43022782,2025-11-01,2025-11-30
"3020 | BU DIA | Message | Modern Pearl, Minimal You Sale up to 60% | 1-30 Nov 25","Modern Pearl, Minimal You Sale up to 60%","3020 | BU DIA | Message | Modern Pearl, Minimal You Sale up to 60% | 1-30 Nov 25 [Retargeting]",18-24,male,24,33,2,,3,THB,0.71506727,,9.09090909,1.43013454,2025-11-01,2025-11-30
"3020 | BU DIA | Engage | The Season of Gift Finding Sale up to 60% off | 1-15 Nov 25","The Season of Gift Finding Sale up to 60% off","3020 | BU DIA | Engage |The Season of Gift Finding Sale up to 60% off | 1-15 Nov 25 [Retargeting]",45-54,unknown,27,51,10,,10,THB,0.14102407,,19.60784314,1.41024071,2025-11-01,2025-11-30
"3020 | BU DIA | Engage  | One Price ราคาเดียว 13,900.- | 4-30 Nov 25","One Price ราคาเดียว 13,900.-","3020 | BU DIA | Engage  | One Price ราคาเดียว 13,900.- |  4-30 Nov 25 [Interest]",55-64,male,31,56,7,,9,THB,0.19998904,,16.07142857,1.39992329,2025-11-01,2025-11-30
"3020 | BU DIA | Message | Modern Pearl, Minimal You Sale up to 60% | 1-30 Nov 25","Modern Pearl, Minimal You Sale up to 60%","3020 | BU DIA | Message | Modern Pearl, Minimal You Sale up to 60% | 1-30 Nov 25 [Retargeting]",55-64,male,17,21,,,0,THB,,,0,1.36012796,2025-11-01,2025-11-30
"3020 | BU DIA | Message | One Price ราคาเดียว 13,900.- | 4-30 Nov 25","One Price ราคาเดียว 13,900.-","3020 | BU DIA | Message | One Price ราคาเดียว 13,900.- | 4-30 Nov 25 [Retargeting]",65+,male,7,8,,,0,THB,,,0,1.35043947,2025-11-01,2025-11-30
"3020 | BU DIA | Engage | จัดตามงบ ได้ครบตามใจ Sale up to 50% off | 16-30 Nov 25","จัดตามงบ ได้ครบตามใจ Sale up to 50% off","3020 | BU DIA | Engage  | จัดตามงบ ได้ครบตามใจ Sale up to 50% off | 16-30 Nov 25 [Interest]",65+,male,31,50,6,,9,THB,0.22005414,,18,1.32032481,2025-11-01,2025-11-30
"3020 | BU DIA | Engage | จัดตามงบ ได้ครบตามใจ Sale up to 50% off | 16-30 Nov 25","จัดตามงบ ได้ครบตามใจ Sale up to 50% off","3020 | BU DIA | Engage  | จัดตามงบ ได้ครบตามใจ Sale up to 50% off | 16-30 Nov 25 [Retargeting]",45-54,unknown,25,34,5,,5,THB,0.26208356,,14.70588235,1.31041779,2025-11-01,2025-11-30
"3020 | BU DIA | Message | จัดตามงบ ได้ครบตามใจ Sale up to 50% off | 16-30 Nov 25 - Copy","จัดตามงบ ได้ครบตามใจ Sale up to 50% off","3020 | BU DIA | Message  | จัดตามงบ ได้ครบตามใจ Sale up to 50% off | 16-30 Nov 25 [Interest]",45-54,unknown,11,20,,,0,THB,,,0,1.30003395,2025-11-01,2025-11-30
"3020 | BU DIA | Engage  | New Arrival Infinite Love Collection | 6-30 Nov 25","New Arrival Infinite Love Collection","3020 | BU DIA | Engage  | New Arrival Infinite Love Collection | 6-30 Nov 25 [Interest]",65+,male,26,38,3,,4,THB,0.42678309,,10.52631579,1.28034927,2025-11-01,2025-11-30
"3020 | BU DIA | Message | The Season of Gift Finding Sale up to 60% off | 1-15 Nov 25","The Season of Gift Finding Sale up to 60% off","3020 | BU DIA | Message |The Season of Gift Finding Sale up to 60% off | 1-15 Nov 25 [Interest]",35-44,unknown,12,19,3,,3,THB,0.41013409,,15.78947368,1.23040227,2025-11-01,2025-11-30
"3020 | BU DIA | Message | Wedding Package sale up to 60% off | 2-30 Nov 25","Wedding Package sale up to 60% off","3020 | BU DIA | Message |Wedding Package sale up to 60% off | 2-30 Nov 25 [Interest]",25-34,unknown,11,13,1,,2,THB,1.1901516,,15.38461538,1.1901516,2025-11-01,2025-11-30
"3020 | BU DIA | Message | Modern Pearl, Minimal You Sale up to 60% | 1-30 Nov 25","Modern Pearl, Minimal You Sale up to 60%","3020 | BU DIA | Message | Modern Pearl, Minimal You Sale up to 60% | 1-30 Nov 25 [Retargeting]",25-34,unknown,18,24,1,,2,THB,1.19011196,,8.33333333,1.19011196,2025-11-01,2025-11-30
"3020 | BU DIA | Message | Wedding Package sale up to 60% off | 2-30 Nov 25","Wedding Package sale up to 60% off","3020 | BU DIA | Message |Wedding Package sale up to 60% off | 2-30 Nov 25 [Interest]",45-54,unknown,4,7,,,0,THB,,,0,1.14014523,2025-11-01,2025-11-30
"3020 | BU DIA | Message | The Season of Gift Finding Sale up to 60% off | 10-12 Nov 25","The Season of Gift Finding Sale up to 60% off | 10-12 Nov 25","3020 | BU DIA | Message |The Season of Gift Finding Sale up to 60% off | 10-12 Nov 25  [Retargeting]",25-34,unknown,13,22,1,,1,THB,1.1105217,,4.54545455,1.1105217,2025-11-01,2025-11-30
"3020 | BU DIA | Message | Wedding Package sale up to 60% off | 2-30 Nov 25","Wedding Package sale up to 60% off","3020 | BU DIA | Message |Wedding Package sale up to 60% off | 2-30 Nov 25 [Interest]",35-44,unknown,11,15,1,,1,THB,1.10014014,,6.66666667,1.10014014,2025-11-01,2025-11-30
"3020 | BU DIA | Message | One Price ราคาเดียว 13,900.- | 4-30 Nov 25","One Price ราคาเดียว 13,900.-","3020 | BU DIA | Message | One Price ราคาเดียว 13,900.- | 4-30 Nov 25 [Interest]",35-44,unknown,14,21,1,,2,THB,1.07042589,,9.52380952,1.07042589,2025-11-01,2025-11-30
"3020 | BU DIA | Message | The Season of Gift Finding Sale up to 60% off | 1-15 Nov 25","The Season of Gift Finding Sale up to 60% off","3020 | BU DIA | Message |The Season of Gift Finding Sale up to 60% off | 1-15 Nov 25 [Retargeting]",35-44,unknown,16,27,2,1,3,THB,0.52008284,1.04016568,11.11111111,1.04016568,2025-11-01,2025-11-30
"3020 | BU DIA | Engage  | New Arrival Infinite Love Collection | 6-30 Nov 25","New Arrival Infinite Love Collection","3020 | BU DIA | Engage  | New Arrival Infinite Love Collection | 6-30 Nov 25 [Retargeting]",45-54,unknown,11,22,4,,5,THB,0.25503342,,22.72727273,1.02013366,2025-11-01,2025-11-30
"3020 | BU DIA | Engage  | One Price ราคาเดียว 13,900.- | 4-30 Nov 25","One Price ราคาเดียว 13,900.-","3020 | BU DIA | Engage  | One Price ราคาเดียว 13,900.- |  4-30 Nov 25 [Interest]",18-24,male,26,46,7,,9,THB,0.1457063,,19.56521739,1.01994411,2025-11-01,2025-11-30
"3020 | BU DIA | Message | One Price ราคาเดียว 13,900.- | 4-30 Nov 25","One Price ราคาเดียว 13,900.-","3020 | BU DIA | Message | One Price ราคาเดียว 13,900.- | 4-30 Nov 25 [Interest]",45-54,unknown,6,17,,,1,THB,,,5.88235294,1.00039803,2025-11-01,2025-11-30
"3020 | BU DIA | Engage | NEW ARRIVAL แหวนเพชร Simplify Collection | 3-30 Nov 25","NEW ARRIVAL แหวนเพชร Simplify Collection","3020 | BU DIA | Engage  | NEW ARRIVAL แหวนเพชร Simplify Collection | 3-30 Nov 25 [Retargeting]",45-54,unknown,13,26,1,,1,THB,0.97006678,,3.84615385,0.97006678,2025-11-01,2025-11-30
"3020 | BU DIA | Engage | Modern Pearl, Minimal You Sale up to 60% | 1-30 Nov 25","Modern Pearl, Minimal You Sale up to 60%","3020 | BU DIA | Engage | Modern Pearl, Minimal You Sale up to 60% | 1-30 Nov 25 [Interest]",65+,male,21,32,4,,5,THB,0.23756044,,15.625,0.95024175,2025-11-01,2025-11-30
"3020 | BU DIA | Engage | Modern Pearl, Minimal You Sale up to 60% | 1-30 Nov 25","Modern Pearl, Minimal You Sale up to 60%","3020 | BU DIA | Engage | Modern Pearl, Minimal You Sale up to 60% | 1-30 Nov 25 [Interest]",45-54,unknown,15,24,1,,1,THB,0.91023158,,4.16666667,0.91023158,2025-11-01,2025-11-30
"3020 | BU DIA | Engage | Modern Pearl, Minimal You Sale up to 60% | 1-30 Nov 25","Modern Pearl, Minimal You Sale up to 60%","3020 | BU DIA | Engage |Modern Pearl, Minimal You Sale up to 60% | 1-30 Nov 25 [Retargeting]",65+,male,17,29,1,,1,THB,0.820413,,3.44827586,0.820413,2025-11-01,2025-11-30
"3020 | BU DIA | Message | One Price ราคาเดียว 13,900.- | 4-30 Nov 25","One Price ราคาเดียว 13,900.-","3020 | BU DIA | Message | One Price ราคาเดียว 13,900.- | 4-30 Nov 25 [Retargeting]",45-54,unknown,9,10,,,0,THB,,,0,0.82026693,2025-11-01,2025-11-30
"3020 | BU DIA | Engage | จัดตามงบ ได้ครบตามใจ Sale up to 50% off | 16-30 Nov 25","จัดตามงบ ได้ครบตามใจ Sale up to 50% off","3020 | BU DIA | Engage  | จัดตามงบ ได้ครบตามใจ Sale up to 50% off | 16-30 Nov 25 [Interest]",35-44,unknown,31,37,2,,4,THB,0.41010089,,10.81081081,0.82020178,2025-11-01,2025-11-30
"3020 | BU DIA | Engage | The Season of Gift Finding Sale up to 60% off | 1-15 Nov 25","The Season of Gift Finding Sale up to 60% off","3020 | BU DIA | Engage |The Season of Gift Finding Sale up to 60% off | 1-15 Nov 25 [Interest]",45-54,unknown,18,28,2,,2,THB,0.41009591,,7.14285714,0.82019181,2025-11-01,2025-11-30
"3020 | BU DIA | Engage | Modern Pearl, Minimal You Sale up to 60% | 1-30 Nov 25","Modern Pearl, Minimal You Sale up to 60%","3020 | BU DIA | Engage | Modern Pearl, Minimal You Sale up to 60% | 1-30 Nov 25 [Interest]",55-64,male,27,35,3,,5,THB,0.27006871,,14.28571429,0.81020613,2025-11-01,2025-11-30
"3020 | BU DIA | Engage | The Season of Gift Finding Sale up to 60% off | 1-15 Nov 25","The Season of Gift Finding Sale up to 60% off","3020 | BU DIA | Engage |The Season of Gift Finding Sale up to 60% off | 1-15 Nov 25 [Retargeting]",25-34,unknown,19,25,4,,7,THB,0.20253457,,28,0.81013828,2025-11-01,2025-11-30
"3020 | BU DIA | Message | Modern Pearl, Minimal You Sale up to 60% | 1-30 Nov 25","Modern Pearl, Minimal You Sale up to 60%","3020 | BU DIA | Message | Modern Pearl, Minimal You Sale up to 60% | 1-30 Nov 25 [Interest]",55-64,male,16,22,1,,2,THB,0.81008744,,9.09090909,0.81008744,2025-11-01,2025-11-30
"3020 | BU DIA | Message | The Season of Gift Finding Sale up to 60% off | 10-12 Nov 25","The Season of Gift Finding Sale up to 60% off | 10-12 Nov 25","3020 | BU DIA | Message |The Season of Gift Finding Sale up to 60% off | 10-12 Nov 25  [Interest]",25-34,unknown,11,19,2,,2,THB,0.36506428,,10.52631579,0.73012855,2025-11-01,2025-11-30
"3020 | BU DIA | Engage | Modern Pearl, Minimal You Sale up to 60% | 1-30 Nov 25","Modern Pearl, Minimal You Sale up to 60%","3020 | BU DIA | Engage | Modern Pearl, Minimal You Sale up to 60% | 1-30 Nov 25 [Interest]",35-44,unknown,24,33,2,,2,THB,0.35008907,,6.06060606,0.70017814,2025-11-01,2025-11-30
"3020 | BU DIA | Engage | Wedding Package sale up to 60% off | 2-30 Nov 25","Wedding Package sale up to 60% off","3020 | BU DIA | Engage | Wedding Package sale up to 60% off | 2-30 Nov 25 [Interest]",35-44,unknown,14,24,4,,5,THB,0.17504421,,20.83333333,0.70017683,2025-11-01,2025-11-30
"3020 | BU DIA | Engage  | One Price ราคาเดียว 13,900.- | 4-30 Nov 25","One Price ราคาเดียว 13,900.-","3020 | BU DIA | Engage  | One Price ราคาเดียว 13,900.- |  4-30 Nov 25 [Interest]",65+,male,21,24,5,,8,THB,0.13999233,,33.33333333,0.69996164,2025-11-01,2025-11-30
"3020 | BU DIA | Message | The Season of Gift Finding Sale up to 60% off | 1-15 Nov 25","The Season of Gift Finding Sale up to 60% off","3020 | BU DIA | Message |The Season of Gift Finding Sale up to 60% off | 1-15 Nov 25 [Retargeting]",65+,male,7,8,,,0,THB,,,0,0.68010833,2025-11-01,2025-11-30
"3020 | BU DIA | Engage | จัดตามงบ ได้ครบตามใจ Sale up to 50% off | 16-30 Nov 25","จัดตามงบ ได้ครบตามใจ Sale up to 50% off","3020 | BU DIA | Engage  | จัดตามงบ ได้ครบตามใจ Sale up to 50% off | 16-30 Nov 25 [Interest]",45-54,unknown,20,25,2,,3,THB,0.33508243,,12,0.67016487,2025-11-01,2025-11-30
"3020 | BU DIA | Message | One Price ราคาเดียว 13,900.- | 4-30 Nov 25","One Price ราคาเดียว 13,900.-","3020 | BU DIA | Message | One Price ราคาเดียว 13,900.- | 4-30 Nov 25 [Interest]",25-34,unknown,12,12,1,,1,THB,0.6602627,,8.33333333,0.6602627,2025-11-01,2025-11-30
"3020 | BU DIA | Engage | Wedding Package sale up to 60% off | 2-30 Nov 25","Wedding Package sale up to 60% off","3020 | BU DIA | Engage | Wedding Package sale up to 60% off | 2-30 Nov 25 [Interest]",65+,male,19,23,,,1,THB,,,4.34782609,0.66016673,2025-11-01,2025-11-30
"3020 | BU DIA | Engage  | One Price ราคาเดียว 13,900.- | 4-30 Nov 25","One Price ราคาเดียว 13,900.-","3020 | BU DIA | Engage  | One Price ราคาเดียว 13,900.- | 4-30 Nov 25 [Retargeting]",45-54,unknown,12,21,6,,7,THB,0.110026,,33.33333333,0.66015597,2025-11-01,2025-11-30
"3020 | BU DIA | Message | จัดตามงบ ได้ครบตามใจ Sale up to 50% off | 16-30 Nov 25 - Copy","จัดตามงบ ได้ครบตามใจ Sale up to 50% off","3020 | BU DIA | Message  | จัดตามงบ ได้ครบตามใจ Sale up to 50% off | 16-30 Nov 25 [Retargeting]",65+,male,3,6,2,,4,THB,0.32010478,,66.66666667,0.64020956,2025-11-01,2025-11-30
"3020 | BU DIA | Engage | Wedding Package sale up to 60% off | 2-30 Nov 25","Wedding Package sale up to 60% off","3020 | BU DIA | Engage | Wedding Package sale up to 60% off | 2-30 Nov 25 [Interest]",25-34,unknown,18,19,3,,3,THB,0.20005052,,15.78947368,0.60015157,2025-11-01,2025-11-30
"3020 | BU DIA | Engage  | One Price ราคาเดียว 13,900.- | 4-30 Nov 25","One Price ราคาเดียว 13,900.-","3020 | BU DIA | Engage  | One Price ราคาเดียว 13,900.- | 4-30 Nov 25 [Retargeting]",25-34,unknown,8,11,4,,3,THB,0.15003545,,27.27272727,0.60014179,2025-11-01,2025-11-30
"3020 | BU DIA | Message | Modern Pearl, Minimal You Sale up to 60% | 1-30 Nov 25","Modern Pearl, Minimal You Sale up to 60%","3020 | BU DIA | Message | Modern Pearl, Minimal You Sale up to 60% | 1-30 Nov 25 [Retargeting]",65+,male,5,8,,,0,THB,,,0,0.60005645,2025-11-01,2025-11-30
"3020 | BU DIA | Engage | NEW ARRIVAL แหวนเพชร Simplify Collection | 3-30 Nov 25","NEW ARRIVAL แหวนเพชร Simplify Collection","3020 | BU DIA | Engage  | NEW ARRIVAL แหวนเพชร Simplify Collection | 3-30 Nov 25 [Interest]",45-54,unknown,10,12,1,,2,THB,0.59035612,,16.66666667,0.59035612,2025-11-01,2025-11-30
"3020 | BU DIA | Engage | Wedding Package sale up to 60% off | 2-30 Nov 25","Wedding Package sale up to 60% off","3020 | BU DIA | Engage | Wedding Package sale up to 60% off | 2-30 Nov 25 [Interest]",18-24,unknown,13,18,4,,7,THB,0.14503663,,38.88888889,0.58014652,2025-11-01,2025-11-30
"3020 | BU DIA | Message | The Season of Gift Finding Sale up to 60% off | 1-15 Nov 25","The Season of Gift Finding Sale up to 60% off","3020 | BU DIA | Message |The Season of Gift Finding Sale up to 60% off | 1-15 Nov 25 [Interest]",65+,unknown,1,2,,,0,THB,,,0,0.56018315,2025-11-01,2025-11-30
"3020 | BU DIA | Message | Modern Pearl, Minimal You Sale up to 60% | 1-30 Nov 25","Modern Pearl, Minimal You Sale up to 60%","3020 | BU DIA | Message | Modern Pearl, Minimal You Sale up to 60% | 1-30 Nov 25 [Interest]",45-54,unknown,11,13,,,1,THB,,,7.69230769,0.55005937,2025-11-01,2025-11-30
"3020 | BU DIA | Message | จัดตามงบ ได้ครบตามใจ Sale up to 50% off | 16-30 Nov 25 - Copy","จัดตามงบ ได้ครบตามใจ Sale up to 50% off","3020 | BU DIA | Message  | จัดตามงบ ได้ครบตามใจ Sale up to 50% off | 16-30 Nov 25 [Interest]",35-44,unknown,11,20,,,0,THB,,,0,0.53001384,2025-11-01,2025-11-30
"3020 | BU DIA | Engage  | One Price ราคาเดียว 13,900.- | 4-30 Nov 25","One Price ราคาเดียว 13,900.-","3020 | BU DIA | Engage  | One Price ราคาเดียว 13,900.- |  4-30 Nov 25 [Interest]",35-44,unknown,13,16,2,,4,THB,0.24498658,,25,0.48997315,2025-11-01,2025-11-30
"3020 | BU DIA | Message | The Season of Gift Finding Sale up to 60% off | 10-12 Nov 25","The Season of Gift Finding Sale up to 60% off | 10-12 Nov 25","3020 | BU DIA | Message |The Season of Gift Finding Sale up to 60% off | 10-12 Nov 25  [Retargeting]",45-54,unknown,5,9,,,0,THB,,,0,0.4702209,2025-11-01,2025-11-30
"3020 | BU DIA | Message | Modern Pearl, Minimal You Sale up to 60% | 1-30 Nov 25","Modern Pearl, Minimal You Sale up to 60%","3020 | BU DIA | Message | Modern Pearl, Minimal You Sale up to 60% | 1-30 Nov 25 [Retargeting]",65+,unknown,2,3,2,,3,THB,0.23002164,,100,0.46004328,2025-11-01,2025-11-30
"3020 | BU DIA | Engage | NEW ARRIVAL แหวนเพชร Simplify Collection | 3-30 Nov 25","NEW ARRIVAL แหวนเพชร Simplify Collection","3020 | BU DIA | Engage  | NEW ARRIVAL แหวนเพชร Simplify Collection | 3-30 Nov 25 [Interest]",35-44,unknown,11,15,2,,3,THB,0.20012072,,20,0.40024144,2025-11-01,2025-11-30
"3020 | BU DIA | Message | Modern Pearl, Minimal You Sale up to 60% | 1-30 Nov 25","Modern Pearl, Minimal You Sale up to 60%","3020 | BU DIA | Message | Modern Pearl, Minimal You Sale up to 60% | 1-30 Nov 25 [Interest]",65+,male,4,7,1,,2,THB,0.40004318,,28.57142857,0.40004318,2025-11-01,2025-11-30
"3020 | BU DIA | Message | Modern Pearl, Minimal You Sale up to 60% | 1-30 Nov 25","Modern Pearl, Minimal You Sale up to 60%","3020 | BU DIA | Message | Modern Pearl, Minimal You Sale up to 60% | 1-30 Nov 25 [Interest]",25-34,unknown,8,10,,,0,THB,,,0,0.37003994,2025-11-01,2025-11-30
"3020 | BU DIA | Message | จัดตามงบ ได้ครบตามใจ Sale up to 50% off | 16-30 Nov 25 - Copy","จัดตามงบ ได้ครบตามใจ Sale up to 50% off","3020 | BU DIA | Message  | จัดตามงบ ได้ครบตามใจ Sale up to 50% off | 16-30 Nov 25 [Interest]",65+,male,8,11,,,1,THB,,,9.09090909,0.33000862,2025-11-01,2025-11-30
"3020 | BU DIA | Message | One Price ราคาเดียว 13,900.- | 4-30 Nov 25","One Price ราคาเดียว 13,900.-","3020 | BU DIA | Message | One Price ราคาเดียว 13,900.- | 4-30 Nov 25 [Interest]",65+,male,5,5,,,0,THB,,,0,0.32012737,2025-11-01,2025-11-30
"3020 | BU DIA | Engage | Wedding Package sale up to 60% off | 2-30 Nov 25","Wedding Package sale up to 60% off","3020 | BU DIA | Engage |Wedding Package sale up to 60% off | 2-30 Nov 25 [Retargeting]",45-54,unknown,4,9,2,,2,THB,0.14006696,,22.22222222,0.28013391,2025-11-01,2025-11-30
"3020 | BU DIA | Engage  | One Price ราคาเดียว 13,900.- | 4-30 Nov 25","One Price ราคาเดียว 13,900.-","3020 | BU DIA | Engage  | One Price ราคาเดียว 13,900.- |  4-30 Nov 25 [Interest]",45-54,unknown,7,7,,,0,THB,,,0,0.26998521,2025-11-01,2025-11-30
"3020 | BU DIA | Engage | The Season of Gift Finding Sale up to 60% off | 1-15 Nov 25","The Season of Gift Finding Sale up to 60% off","3020 | BU DIA | Engage |The Season of Gift Finding Sale up to 60% off | 1-15 Nov 25 [Retargeting]",55-64,unknown,5,7,,,0,THB,,,0,0.25004268,2025-11-01,2025-11-30
"3020 | BU DIA | Message | จัดตามงบ ได้ครบตามใจ Sale up to 50% off | 16-30 Nov 25 - Copy","จัดตามงบ ได้ครบตามใจ Sale up to 50% off","3020 | BU DIA | Message  | จัดตามงบ ได้ครบตามใจ Sale up to 50% off | 16-30 Nov 25 [Interest]",25-34,unknown,5,10,1,,1,THB,0.24000627,,10,0.24000627,2025-11-01,2025-11-30
"3020 | BU DIA | Engage | NEW ARRIVAL แหวนเพชร Simplify Collection | 3-30 Nov 25","NEW ARRIVAL แหวนเพชร Simplify Collection","3020 | BU DIA | Engage  | NEW ARRIVAL แหวนเพชร Simplify Collection | 3-30 Nov 25 [Interest]",25-34,unknown,3,4,1,,1,THB,0.21012676,,25,0.21012676,2025-11-01,2025-11-30
"3020 | BU DIA | Engage | จัดตามงบ ได้ครบตามใจ Sale up to 50% off | 16-30 Nov 25","จัดตามงบ ได้ครบตามใจ Sale up to 50% off","3020 | BU DIA | Engage  | จัดตามงบ ได้ครบตามใจ Sale up to 50% off | 16-30 Nov 25 [Retargeting]",55-64,unknown,3,4,,,0,THB,,,0,0.21006697,2025-11-01,2025-11-30
"3020 | BU DIA | Engage  | New Arrival Infinite Love Collection | 6-30 Nov 25","New Arrival Infinite Love Collection","3020 | BU DIA | Engage  | New Arrival Infinite Love Collection | 6-30 Nov 25 [Interest]",35-44,unknown,12,12,,,2,THB,,,16.66666667,0.2100573,2025-11-01,2025-11-30
"3020 | BU DIA | Engage | Modern Pearl, Minimal You Sale up to 60% | 1-30 Nov 25","Modern Pearl, Minimal You Sale up to 60%","3020 | BU DIA | Engage | Modern Pearl, Minimal You Sale up to 60% | 1-30 Nov 25 [Interest]",25-34,unknown,9,11,1,,1,THB,0.21005344,,9.09090909,0.21005344,2025-11-01,2025-11-30
"3020 | BU DIA | Engage | จัดตามงบ ได้ครบตามใจ Sale up to 50% off | 16-30 Nov 25","จัดตามงบ ได้ครบตามใจ Sale up to 50% off","3020 | BU DIA | Engage  | จัดตามงบ ได้ครบตามใจ Sale up to 50% off | 16-30 Nov 25 [Interest]",25-34,unknown,8,8,,,0,THB,,,0,0.17004183,2025-11-01,2025-11-30
"3020 | BU DIA | Message | Modern Pearl, Minimal You Sale up to 60% | 1-30 Nov 25","Modern Pearl, Minimal You Sale up to 60%","3020 | BU DIA | Message | Modern Pearl, Minimal You Sale up to 60% | 1-30 Nov 25 [Retargeting]",55-64,unknown,2,2,,,0,THB,,,0,0.17001599,2025-11-01,2025-11-30
"3020 | BU DIA | Engage | Modern Pearl, Minimal You Sale up to 60% | 1-30 Nov 25","Modern Pearl, Minimal You Sale up to 60%","3020 | BU DIA | Engage |Modern Pearl, Minimal You Sale up to 60% | 1-30 Nov 25 [Retargeting]",55-64,unknown,2,3,,,0,THB,,,0,0.16008058,2025-11-01,2025-11-30
"3020 | BU DIA | Engage  | New Arrival Infinite Love Collection | 6-30 Nov 25","New Arrival Infinite Love Collection","3020 | BU DIA | Engage  | New Arrival Infinite Love Collection | 6-30 Nov 25 [Interest]",45-54,unknown,8,8,1,,2,THB,0.16004366,,25,0.16004366,2025-11-01,2025-11-30
"3020 | BU DIA | Message | Modern Pearl, Minimal You Sale up to 60% | 1-30 Nov 25","Modern Pearl, Minimal You Sale up to 60%","3020 | BU DIA | Message | Modern Pearl, Minimal You Sale up to 60% | 1-30 Nov 25 [Interest]",65+,unknown,1,1,1,,1,THB,0.16001727,,100,0.16001727,2025-11-01,2025-11-30
"3020 | BU DIA | Engage | The Season of Gift Finding Sale up to 60% off | 1-15 Nov 25","The Season of Gift Finding Sale up to 60% off","3020 | BU DIA | Engage |The Season of Gift Finding Sale up to 60% off | 1-15 Nov 25 [Interest]",25-34,unknown,7,8,,,0,THB,,,0,0.15003509,2025-11-01,2025-11-30
"3020 | BU DIA | Message | The Season of Gift Finding Sale up to 60% off | 10-12 Nov 25","The Season of Gift Finding Sale up to 60% off | 10-12 Nov 25","3020 | BU DIA | Message |The Season of Gift Finding Sale up to 60% off | 10-12 Nov 25  [Interest]",18-24,unknown,3,5,,,0,THB,,,0,0.15002642,2025-11-01,2025-11-30
"3020 | BU DIA | Engage  | New Arrival Infinite Love Collection | 6-30 Nov 25","New Arrival Infinite Love Collection","3020 | BU DIA | Engage  | New Arrival Infinite Love Collection | 6-30 Nov 25 [Retargeting]",55-64,unknown,1,5,,,1,THB,,,20,0.15001966,2025-11-01,2025-11-30
"3020 | BU DIA | Engage  | One Price ราคาเดียว 13,900.- | 4-30 Nov 25","One Price ราคาเดียว 13,900.-","3020 | BU DIA | Engage  | One Price ราคาเดียว 13,900.- | 4-30 Nov 25 [Retargeting]",55-64,unknown,1,2,,,0,THB,,,0,0.13003072,2025-11-01,2025-11-30
"3020 | BU DIA | Engage  | New Arrival Infinite Love Collection | 6-30 Nov 25","New Arrival Infinite Love Collection","3020 | BU DIA | Engage  | New Arrival Infinite Love Collection | 6-30 Nov 25 [Retargeting]",65+,unknown,1,2,,,1,THB,,,50,0.13001704,2025-11-01,2025-11-30
"3020 | BU DIA | Engage | Modern Pearl, Minimal You Sale up to 60% | 1-30 Nov 25","Modern Pearl, Minimal You Sale up to 60%","3020 | BU DIA | Engage |Modern Pearl, Minimal You Sale up to 60% | 1-30 Nov 25 [Retargeting]",65+,unknown,2,2,,,1,THB,,,50,0.12006044,2025-11-01,2025-11-30
"3020 | BU DIA | Engage | The Season of Gift Finding Sale up to 60% off | 1-15 Nov 25","The Season of Gift Finding Sale up to 60% off","3020 | BU DIA | Engage |The Season of Gift Finding Sale up to 60% off | 1-15 Nov 25 [Interest]",65+,unknown,3,4,,,0,THB,,,0,0.12002807,2025-11-01,2025-11-30
"3020 | BU DIA | Engage | NEW ARRIVAL แหวนเพชร Simplify Collection | 3-30 Nov 25","NEW ARRIVAL แหวนเพชร Simplify Collection","3020 | BU DIA | Engage  | NEW ARRIVAL แหวนเพชร Simplify Collection | 3-30 Nov 25 [Interest]",65+,unknown,1,1,,,0,THB,,,0,0.1100664,2025-11-01,2025-11-30
"3020 | BU DIA | Message | One Price ราคาเดียว 13,900.- | 4-30 Nov 25","One Price ราคาเดียว 13,900.-","3020 | BU DIA | Message | One Price ราคาเดียว 13,900.- | 4-30 Nov 25 [Interest]",18-24,unknown,2,4,,,1,THB,,,25,0.11004378,2025-11-01,2025-11-30
"3020 | BU DIA | Engage | Modern Pearl, Minimal You Sale up to 60% | 1-30 Nov 25","Modern Pearl, Minimal You Sale up to 60%","3020 | BU DIA | Engage | Modern Pearl, Minimal You Sale up to 60% | 1-30 Nov 25 [Interest]",18-24,unknown,3,5,,,0,THB,,,0,0.11002799,2025-11-01,2025-11-30
"3020 | BU DIA | Engage | The Season of Gift Finding Sale up to 60% off | 1-15 Nov 25","The Season of Gift Finding Sale up to 60% off","3020 | BU DIA | Engage |The Season of Gift Finding Sale up to 60% off | 1-15 Nov 25 [Retargeting]",65+,unknown,3,3,1,,1,THB,0.11001878,,33.33333333,0.11001878,2025-11-01,2025-11-30
"3020 | BU DIA | Engage | NEW ARRIVAL แหวนเพชร Simplify Collection | 3-30 Nov 25","NEW ARRIVAL แหวนเพชร Simplify Collection","3020 | BU DIA | Engage  | NEW ARRIVAL แหวนเพชร Simplify Collection | 3-30 Nov 25 [Retargeting]",65+,unknown,2,2,,,0,THB,,,0,0.11000757,2025-11-01,2025-11-30
"3020 | BU DIA | Engage | Wedding Package sale up to 60% off | 2-30 Nov 25","Wedding Package sale up to 60% off","3020 | BU DIA | Engage | Wedding Package sale up to 60% off | 2-30 Nov 25 [Interest]",55-64,unknown,1,2,2,,2,THB,0.05001263,,100,0.10002526,2025-11-01,2025-11-30
"3020 | BU DIA | Message | One Price ราคาเดียว 13,900.- | 4-30 Nov 25","One Price ราคาเดียว 13,900.-","3020 | BU DIA | Message | One Price ราคาเดียว 13,900.- | 4-30 Nov 25 [Interest]",55-64,unknown,1,1,,,0,THB,,,0,0.08003184,2025-11-01,2025-11-30
"3020 | BU DIA | Engage | จัดตามงบ ได้ครบตามใจ Sale up to 50% off | 16-30 Nov 25","จัดตามงบ ได้ครบตามใจ Sale up to 50% off","3020 | BU DIA | Engage  | จัดตามงบ ได้ครบตามใจ Sale up to 50% off | 16-30 Nov 25 [Retargeting]",65+,unknown,2,3,,,0,THB,,,0,0.07002232,2025-11-01,2025-11-30
"3020 | BU DIA | Engage  | New Arrival Infinite Love Collection | 6-30 Nov 25","New Arrival Infinite Love Collection","3020 | BU DIA | Engage  | New Arrival Infinite Love Collection | 6-30 Nov 25 [Interest]",25-34,unknown,4,4,,,0,THB,,,0,0.0700191,2025-11-01,2025-11-30
"3020 | BU DIA | Engage | Wedding Package sale up to 60% off | 2-30 Nov 25","Wedding Package sale up to 60% off","3020 | BU DIA | Engage | Wedding Package sale up to 60% off | 2-30 Nov 25 [Interest]",65+,unknown,1,2,,,0,THB,,,0,0.06001516,2025-11-01,2025-11-30
"3020 | BU DIA | Engage | จัดตามงบ ได้ครบตามใจ Sale up to 50% off | 16-30 Nov 25","จัดตามงบ ได้ครบตามใจ Sale up to 50% off","3020 | BU DIA | Engage  | จัดตามงบ ได้ครบตามใจ Sale up to 50% off | 16-30 Nov 25 [Interest]",18-24,unknown,3,4,,,0,THB,,,0,0.06001476,2025-11-01,2025-11-30
"3020 | BU DIA | Engage  | One Price ราคาเดียว 13,900.- | 4-30 Nov 25","One Price ราคาเดียว 13,900.-","3020 | BU DIA | Engage  | One Price ราคาเดียว 13,900.- |  4-30 Nov 25 [Interest]",65+,unknown,1,2,,,0,THB,,,0,0.05999671,2025-11-01,2025-11-30
"3020 | BU DIA | Message | The Season of Gift Finding Sale up to 60% off | 10-12 Nov 25","The Season of Gift Finding Sale up to 60% off | 10-12 Nov 25","3020 | BU DIA | Message |The Season of Gift Finding Sale up to 60% off | 10-12 Nov 25  [Retargeting]",65+,unknown,1,1,,,0,THB,,,0,0.0500235,2025-11-01,2025-11-30
"3020 | BU DIA | Message | จัดตามงบ ได้ครบตามใจ Sale up to 50% off | 16-30 Nov 25 - Copy","จัดตามงบ ได้ครบตามใจ Sale up to 50% off","3020 | BU DIA | Message  | จัดตามงบ ได้ครบตามใจ Sale up to 50% off | 16-30 Nov 25 [Retargeting]",65+,unknown,1,1,,,0,THB,,,0,0.05001637,2025-11-01,2025-11-30
"3020 | BU DIA | Message | The Season of Gift Finding Sale up to 60% off | 1-15 Nov 25","The Season of Gift Finding Sale up to 60% off","3020 | BU DIA | Message |The Season of Gift Finding Sale up to 60% off | 1-15 Nov 25 [Interest]",55-64,unknown,1,1,,,0,THB,,,0,0.05001635,2025-11-01,2025-11-30
"3020 | BU DIA | Engage  | New Arrival Infinite Love Collection | 6-30 Nov 25","New Arrival Infinite Love Collection","3020 | BU DIA | Engage  | New Arrival Infinite Love Collection | 6-30 Nov 25 [Interest]",18-24,unknown,3,6,,,0,THB,,,0,0.05001364,2025-11-01,2025-11-30
"3020 | BU DIA | Engage | Wedding Package sale up to 60% off | 2-30 Nov 25","Wedding Package sale up to 60% off","3020 | BU DIA | Engage | Wedding Package sale up to 60% off | 2-30 Nov 25 [Interest]",45-54,unknown,2,3,,,0,THB,,,0,0.05001263,2025-11-01,2025-11-30
"3020 | BU DIA | Engage | The Season of Gift Finding Sale up to 60% off | 1-15 Nov 25","The Season of Gift Finding Sale up to 60% off","3020 | BU DIA | Engage |The Season of Gift Finding Sale up to 60% off | 1-15 Nov 25 [Interest]",55-64,unknown,2,2,,,0,THB,,,0,0.0500117,2025-11-01,2025-11-30
"3020 | BU DIA | Engage | NEW ARRIVAL แหวนเพชร Simplify Collection | 3-30 Nov 25","NEW ARRIVAL แหวนเพชร Simplify Collection","3020 | BU DIA | Engage  | NEW ARRIVAL แหวนเพชร Simplify Collection | 3-30 Nov 25 [Retargeting]",55-64,unknown,2,2,,,0,THB,,,0,0.05000344,2025-11-01,2025-11-30
"3020 | BU DIA | Engage  | One Price ราคาเดียว 13,900.- | 4-30 Nov 25","One Price ราคาเดียว 13,900.-","3020 | BU DIA | Engage  | One Price ราคาเดียว 13,900.- |  4-30 Nov 25 [Interest]",55-64,unknown,2,2,,,0,THB,,,0,0.04999726,2025-11-01,2025-11-30
"3020 | BU DIA | Engage | Wedding Package sale up to 60% off | 2-30 Nov 25","Wedding Package sale up to 60% off","3020 | BU DIA | Engage |Wedding Package sale up to 60% off | 2-30 Nov 25 [Retargeting]",65+,unknown,2,2,,,0,THB,,,0,0.04001913,2025-11-01,2025-11-30
"3020 | BU DIA | Engage | จัดตามงบ ได้ครบตามใจ Sale up to 50% off | 16-30 Nov 25","จัดตามงบ ได้ครบตามใจ Sale up to 50% off","3020 | BU DIA | Engage  | จัดตามงบ ได้ครบตามใจ Sale up to 50% off | 16-30 Nov 25 [Interest]",65+,unknown,1,1,,,0,THB,,,0,0.04000984,2025-11-01,2025-11-30
"3020 | BU DIA | Engage | The Season of Gift Finding Sale up to 60% off | 1-15 Nov 25","The Season of Gift Finding Sale up to 60% off","3020 | BU DIA | Engage |The Season of Gift Finding Sale up to 60% off | 1-15 Nov 25 [Interest]",18-24,unknown,2,2,,,0,THB,,,0,0.04000936,2025-11-01,2025-11-30
"3020 | BU DIA | Engage | NEW ARRIVAL แหวนเพชร Simplify Collection | 3-30 Nov 25","NEW ARRIVAL แหวนเพชร Simplify Collection","3020 | BU DIA | Engage  | NEW ARRIVAL แหวนเพชร Simplify Collection | 3-30 Nov 25 [Interest]",18-24,unknown,1,1,,,0,THB,,,0,0.03001811,2025-11-01,2025-11-30
"3020 | BU DIA | Engage | Wedding Package sale up to 60% off | 2-30 Nov 25","Wedding Package sale up to 60% off","3020 | BU DIA | Engage |Wedding Package sale up to 60% off | 2-30 Nov 25 [Retargeting]",55-64,unknown,1,1,,,0,THB,,,0,0.03001435,2025-11-01,2025-11-30
"3020 | BU DIA | Message | The Season of Gift Finding Sale up to 60% off | 1-15 Nov 25","The Season of Gift Finding Sale up to 60% off","3020 | BU DIA | Message |The Season of Gift Finding Sale up to 60% off | 1-15 Nov 25 [Interest]",18-24,unknown,1,1,,,0,THB,,,0,0.03000981,2025-11-01,2025-11-30
"3020 | BU DIA | Engage  | New Arrival Infinite Love Collection | 6-30 Nov 25","New Arrival Infinite Love Collection","3020 | BU DIA | Engage  | New Arrival Infinite Love Collection | 6-30 Nov 25 [Interest]",55-64,unknown,1,1,,,0,THB,,,0,0.03000819,2025-11-01,2025-11-30
"3020 | BU DIA | Engage  | New Arrival Infinite Love Collection | 6-30 Nov 25","New Arrival Infinite Love Collection","3020 | BU DIA | Engage  | New Arrival Infinite Love Collection | 6-30 Nov 25 [Interest]",65+,unknown,1,1,,,0,THB,,,0,0.03000819,2025-11-01,2025-11-30
"3020 | BU DIA | Engage | Modern Pearl, Minimal You Sale up to 60% | 1-30 Nov 25","Modern Pearl, Minimal You Sale up to 60%","3020 | BU DIA | Engage | Modern Pearl, Minimal You Sale up to 60% | 1-30 Nov 25 [Interest]",55-64,unknown,2,2,,,0,THB,,,0,0.03000763,2025-11-01,2025-11-30
"3020 | BU DIA | Engage | จัดตามงบ ได้ครบตามใจ Sale up to 50% off | 16-30 Nov 25","จัดตามงบ ได้ครบตามใจ Sale up to 50% off","3020 | BU DIA | Engage  | จัดตามงบ ได้ครบตามใจ Sale up to 50% off | 16-30 Nov 25 [Interest]",55-64,unknown,1,1,,,0,THB,,,0,0.03000738,2025-11-01,2025-11-30
"3020 | BU DIA | Engage | Modern Pearl, Minimal You Sale up to 60% | 1-30 Nov 25","Modern Pearl, Minimal You Sale up to 60%","3020 | BU DIA | Engage | Modern Pearl, Minimal You Sale up to 60% | 1-30 Nov 25 [Interest]",65+,unknown,1,1,,,0,THB,,,0,0.02000509,2025-11-01,2025-11-30
"3020 | BU DIA | Engage  | One Price ราคาเดียว 13,900.- | 4-30 Nov 25","One Price ราคาเดียว 13,900.-","3020 | BU DIA | Engage  | One Price ราคาเดียว 13,900.- | 4-30 Nov 25 [Retargeting]",65+,unknown,1,1,,,0,THB,,,0,0.02000473,2025-11-01,2025-11-30
"3020 | BU DIA | Message | จัดตามงบ ได้ครบตามใจ Sale up to 50% off | 16-30 Nov 25 - Copy","จัดตามงบ ได้ครบตามใจ Sale up to 50% off","3020 | BU DIA | Message  | จัดตามงบ ได้ครบตามใจ Sale up to 50% off | 16-30 Nov 25 [Interest]",55-64,unknown,1,1,,,0,THB,,,0,0.02000052,2025-11-01,2025-11-30
"3020 | BU DIA | Message | จัดตามงบ ได้ครบตามใจ Sale up to 50% off | 16-30 Nov 25 - Copy","จัดตามงบ ได้ครบตามใจ Sale up to 50% off","3020 | BU DIA | Message  | จัดตามงบ ได้ครบตามใจ Sale up to 50% off | 16-30 Nov 25 [Interest]",65+,unknown,1,1,,,0,THB,,,0,0.02000052,2025-11-01,2025-11-30
"3020 | BU DIA | Engage  | One Price ราคาเดียว 13,900.- | 4-30 Nov 25","One Price ราคาเดียว 13,900.-","3020 | BU DIA | Engage  | One Price ราคาเดียว 13,900.- |  4-30 Nov 25 [Interest]",18-24,unknown,1,1,,,0,THB,,,0,0.0199989,2025-11-01,2025-11-30
"3020 | BU DIA | Engage  | One Price ราคาเดียว 13,900.- | 4-30 Nov 25","One Price ราคาเดียว 13,900.-","3020 | BU DIA | Engage  | One Price ราคาเดียว 13,900.- |  4-30 Nov 25 [Interest]",25-34,unknown,2,2,,,0,THB,,,0,0.0199989,2025-11-01,2025-11-30
"3020 | BU DIA | Message | Wedding Package sale up to 60% off | 2-30 Nov 25","Wedding Package sale up to 60% off","3020 | BU DIA | Message |Wedding Package sale up to 60% off | 2-30 Nov 25 [Interest]",18-24,unknown,1,2,,,0,THB,,,0,0,2025-11-01,2025-11-30
"3020 | BU DIA | Message | One Price ราคาเดียว 13,900.- | 1-31 Oct 25","One Price ราคาเดียว 13,900.-","3020 | BU DIA | Message | One Price ราคาเดียว 13,900.- | 1-31 Oct 25 [Retargeting]",25-34,female,0,0,,2,0,THB,,0,0,0,2025-11-01,2025-11-30
"3020 | BU DIA | Message | เพชรเเท้ที่ใช่ ในงบที่ชอบ Sale up to 60% off | 16-30 Oct 25","เพชรเเท้ที่ใช่ ในงบที่ชอบ Sale up to 60% off","3020 | BU DIA | Message | เพชรเเท้ที่ใช่ ในงบที่ชอบ Sale up to 60% off | 16-30 Oct 25 [Interest]",25-34,female,0,0,,1,0,THB,,0,0,0,2025-11-01,2025-11-30
"3020 | BU DIA | Message | One Price ราคาเดียว 13,900.- | 1-31 Oct 25","One Price ราคาเดียว 13,900.-","3020 | BU DIA | Message | One Price ราคาเดียว 13,900.- | 1-31 Oct 25 [Interest]",35-44,female,0,0,,1,0,THB,,0,0,0,2025-11-01,2025-11-30
"3020 | BU DIA | Message | Pearl Essential sale up to 70% | 1-31 Oct 25","Pearl Essential sale up to 70%","3020 | BU DIA | Message | Pearl Essential sale up to 70% | 1-31 Oct 25 [Retargeting]",35-44,female,0,0,,1,0,THB,,0,0,0,2025-11-01,2025-11-30
"3020 | BU DIA | Message | เพชรเเท้ที่ใช่ ในงบที่ชอบ Sale up to 60% off | 16-30 Oct 25","เพชรเเท้ที่ใช่ ในงบที่ชอบ Sale up to 60% off","3020 | BU DIA | Message | เพชรเเท้ที่ใช่ ในงบที่ชอบ Sale up to 60% off | 16-30 Oct 25 [Retargeting]",35-44,female,0,0,,1,0,THB,,0,0,0,2025-11-01,2025-11-30
"3020 | BU DIA | Message | One Price ราคาเดียว 13,900.- | 1-31 Oct 25","One Price ราคาเดียว 13,900.-","3020 | BU DIA | Message | One Price ราคาเดียว 13,900.- | 1-31 Oct 25 [Retargeting]",45-54,female,0,0,,1,0,THB,,0,0,0,2025-11-01,2025-11-30
"3020 | BU DIA | Message | เพชรเเท้ที่ใช่ ในงบที่ชอบ Sale up to 60% off | 16-30 Oct 25","เพชรเเท้ที่ใช่ ในงบที่ชอบ Sale up to 60% off","3020 | BU DIA | Message | เพชรเเท้ที่ใช่ ในงบที่ชอบ Sale up to 60% off | 16-30 Oct 25 [Interest]",45-54,female,0,0,,1,0,THB,,0,0,0,2025-11-01,2025-11-30
"3020 | BU DIA | Engage | เพชรแท้ตามงบ ครบจบที่นี่ | 17-30 Oct 25","เพชรแท้ตามงบ ครบจบที่นี่","3020 | BU DIA | Engage | เพชรแท้ตามงบ ครบจบที่นี่ | 17-30 Oct 25  [Interest]",45-54,female,0,0,,1,0,THB,,0,0,0,2025-11-01,2025-11-30
