Campaign name,Ad name,Ad set name,Age,Gender,Reach,Impressions,Post engagements,Messaging conversations started,Clicks (all),Currency,Cost per post engagement,Cost per messaging conversation started,CTR (all),Amount spent (THB),Reporting starts,Reporting ends
2200 | DIA | Message | Wedding Package | 1 - 31 Aug 26,Message - Wedding Package -1 - 31 Aug 26,2200 | DIA | Message | Wedding Package | 1 - 31 Aug 266  [BKK],25-34,female,6173,20792,2074,59,2652,THB,0.93374256,32.82342476,12.75490573,1936.582061,1/8/2026,31/8/2026
"2200 | DIA | Message  | More than a gift, moment that last - 16 - 31 Aug 26","Message - More than a gift, moment that last - 16 - 31 Aug 26","2200 | DIA | Message | More than a gift, moment that last - 16 - 31 Aug 26  [BKK]",35-44,female,10532,31133,1056,135,1918,THB,1.82885026,14.30567317,6.16066553,1931.265877,1/8/2026,31/8/2026
2200 | DIA | Message  | To Mom with love and light | 1 - 15 Aug 26,Message - To Mom with love and light - 1 - 15 Aug 26,2200 | DIA | Message | To Mom with love and light | 1 - 15 Aug 26  [BKK],35-44,female,6681,17778,467,49,953,THB,3.27240093,31.18798441,5.36055799,1528.211236,1/8/2026,31/8/2026
2200 | Pearl | Message  | A gift of Grace A Present of Pearls | 1 - 31 Aug 26,Message - Pearl - A gift of Grace A Present of Pearls | 1 - 31 Aug 26,2200 | Pearl | Message | A gift of Grace A Present of Pearls | 1 - 31 Aug 26  [BKK],35-44,female,9974,20684,686,99,1051,THB,2.16048105,14.97060606,5.0812222,1482.09,1/8/2026,31/8/2026
2200 | DIA | Awareness | To Mom with love and light | 1 - 15 Aug 26,Awareness  - To Mom with love and light | 1 - 15 Aug 26,2200 | DIA | Awareness  | To Mom with love and light | 1 - 15 Aug 26 [Other-Province],25-34,male,101625,171441,179,1,183,THB,8.14965346,1458.78797,0.10674226,1458.78797,1/8/2026,31/8/2026
2200 | DIA | Message  | A gift of Grace A Present of Pearls | 1 - 31 Aug 26,Message - A gift of Grace A Present of Pearls | 1 - 31 Aug 26,2200 | DIA | Message | A gift of Grace A Present of Pearls | 1 - 31 Aug 26  [BKK],35-44,female,7375,16299,499,57,815,THB,2.8425522,24.88479913,5.00030677,1418.43355,1/8/2026,31/8/2026
2200 | DIA | Message  | วันแม่ปีนี้ มอบสิ่งล้ำค่าแทนคำว่ารัก | 1 - 31 Aug 26,Message - วันแม่ปีนี้ มอบสิ่งล้ำค่าแทนคำว่ารัก  - 1 - 31 AUG 26,2200 | DIA | Message | วันแม่ปีนี้ มอบสิ่งล้ำค่าแทนคำว่ารัก  - 1 - 31 AUG 26  [BKK],35-44,female,3982,13082,1194,21,1461,THB,1.14748978,65.24299014,11.16801712,1370.102793,1/8/2026,31/8/2026
"2200 | DIA | Message  | More than a gift, moment that last - 16 - 31 Aug 26","Message - More than a gift, moment that last - 16 - 31 Aug 26","2200 | DIA | Message | More than a gift, moment that last - 16 - 31 Aug 26  [BKK]",45-54,female,5704,16536,855,100,1327,THB,1.59165318,13.60863467,8.02491534,1360.863467,1/8/2026,31/8/2026
2200 | DIA | Awareness | A gift of Grace A Present of Pearls | 1 - 31 Aug 26,Awareness  - A gift of Grace A Present of Pearls | 1 - 31 Aug 26,2200 | DIA | Awareness  | A gift of Grace A Present of Pearls | 1 - 31 Aug 26 [Other-Province],18-24,male,84063,148082,161,,164,THB,7.79447833,,0.11074945,1254.911012,1/8/2026,31/8/2026
2200 | DIA | Message | Wedding Package | 1 - 31 Aug 26,Message - Wedding Package -1 - 31 Aug 26,2200 | DIA | Message | Wedding Package | 1 - 31 Aug 266  [BKK],35-44,female,2152,7025,772,14,988,THB,1.61121196,88.84683086,14.06405694,1243.855632,1/8/2026,31/8/2026
2200 | DIA | Message  | วันแม่ปีนี้ มอบสิ่งล้ำค่าแทนคำว่ารัก | 1 - 31 Aug 26,Message - วันแม่ปีนี้ มอบสิ่งล้ำค่าแทนคำว่ารัก  - 1 - 31 AUG 26,2200 | DIA | Message | วันแม่ปีนี้ มอบสิ่งล้ำค่าแทนคำว่ารัก  - 1 - 31 AUG 26 [Other-Province],35-44,female,3950,13806,1240,24,1521,THB,0.8891129,45.9375,11.01694915,1102.5,1/8/2026,31/8/2026
2200 | Pearl | Message  | A gift of Grace A Present of Pearls | 1 - 31 Aug 26,Message - Pearl - A gift of Grace A Present of Pearls | 1 - 31 Aug 26,2200 | Pearl | Message | A gift of Grace A Present of Pearls | 1 - 31 Aug 26  [BKK],45-54,female,6069,12023,617,71,892,THB,1.77745543,15.44633803,7.41911337,1096.69,1/8/2026,31/8/2026
2200 | DIA | Awareness | Wedding Package | 1 - 31 Aug 26,Awareness  - Wedding Package -1 - 31 Aug 26,2200 | DIA | Awareness  | Wedding Package | 1 - 31 Aug 26 [Other-Province],25-34,male,87295,118781,367,1,452,THB,2.75405561,1010.738409,0.38053224,1010.738409,1/8/2026,31/8/2026
2200 | DIA | Message  | A gift of Grace A Present of Pearls | 1 - 31 Aug 26,Message - A gift of Grace A Present of Pearls | 1 - 31 Aug 26,2200 | DIA | Message | A gift of Grace A Present of Pearls | 1 - 31 Aug 26  [BKK],45-54,female,4391,8806,443,45,665,THB,2.25989279,22.24738902,7.55166932,1001.132506,1/8/2026,31/8/2026
2200 | DIA | Awareness | A gift of Grace A Present of Pearls | 1 - 31 Aug 26,Awareness  - A gift of Grace A Present of Pearls | 1 - 31 Aug 26,2200 | DIA | Awareness  | A gift of Grace A Present of Pearls | 1 - 31 Aug 26 [Other-Province],18-24,female,65466,113714,124,1,141,THB,7.80540266,967.8699298,0.12399529,967.8699298,1/8/2026,31/8/2026
2200 | DIA | Message  | To Mom with love and light | 1 - 15 Aug 26,Message - To Mom with love and light - 1 - 15 Aug 26,2200 | DIA | Message | To Mom with love and light | 1 - 15 Aug 26  [BKK],25-34,female,4743,12471,256,35,601,THB,3.67768015,26.89960339,4.8191805,941.4861186,1/8/2026,31/8/2026
2200 | DIA | Message | Wedding Package | 1 - 31 Aug 26,Message - Wedding Package - 1 - 31 Aug 26,2200 | DIA | Message | Wedding Package | 1 - 31 Aug 26 [Other-Province],25-34,female,3539,10952,986,24,1280,THB,0.91954306,37.77789409,11.68736304,906.6694581,1/8/2026,31/8/2026
2200 | DIA | Message  | A gift of Grace A Present of Pearls | 1 - 31 Aug 26,Message - A gift of Grace A Present of Pearls | 1 - 31 Aug 26,2200 | DIA | Message | A gift of Grace A Present of Pearls | 1 - 31 Aug 26 [Other-Province],35-44,female,5375,12390,407,32,626,THB,2.2051192,28.04635987,5.05246166,897.4835159,1/8/2026,31/8/2026
2200 | DIA | Message  | A gift of Grace A Present of Pearls | 1 - 31 Aug 26,Message - A gift of Grace A Present of Pearls | 1 - 31 Aug 26,2200 | DIA | Message | A gift of Grace A Present of Pearls | 1 - 31 Aug 26  [BKK],25-34,female,5822,12810,284,33,545,THB,3.07852883,26.49400571,4.25448868,874.3021883,1/8/2026,31/8/2026
2200 | DIA | Message  | To Mom with love and light | 1 - 15 Aug 26,Message - To Mom with love and light - 1 - 15 Aug 26,2200 | DIA | Message | To Mom with love and light | 1 - 15 Aug 26  [BKK],45-54,female,3744,8750,315,31,562,THB,2.75919985,28.03703076,6.42285714,869.1479535,1/8/2026,31/8/2026
"2200 | DIA | Awareness | More than a gift, moment that last - 16 - 31 Aug 26","Awareness  - More than a gift, moment that last - 16 - 31 Aug 26","2200 | DIA | Awareness  | More than a gift, moment that last - 16 - 31 Aug 26 [Other-Province]",25-34,male,62518,96092,116,2,157,THB,7.25752627,420.9365239,0.16338509,841.8730479,1/8/2026,31/8/2026
2200 | DIA | Message  | วันแม่ปีนี้ มอบสิ่งล้ำค่าแทนคำว่ารัก | 1 - 31 Aug 26,Message - วันแม่ปีนี้ มอบสิ่งล้ำค่าแทนคำว่ารัก  - 1 - 31 AUG 26,2200 | DIA | Message | วันแม่ปีนี้ มอบสิ่งล้ำค่าแทนคำว่ารัก  - 1 - 31 AUG 26  [BKK],25-34,female,3499,10960,888,14,1136,THB,0.91491087,58.03148928,10.3649635,812.4408499,1/8/2026,31/8/2026
2200 | Pearl | Message  | A gift of Grace A Present of Pearls | 1 - 31 Aug 26,Message - Pearl - A gift of Grace A Present of Pearls | 1 - 31 Aug 26,2200 | Pearl | Message | A gift of Grace A Present of Pearls | 1 - 31 Aug 26  [BKK],25-34,female,7219,13819,304,45,514,THB,2.65911184,17.96377778,3.71951661,808.37,1/8/2026,31/8/2026
2200 | DIA | Message  | To Mom with love and light | 1 - 15 Aug 26,Message - To Mom with love and light - 1 - 15 Aug 26,2200 | DIA | Message | To Mom with love and light | 1 - 15 Aug 26 [Other-Province],35-44,female,4312,10579,272,30,608,THB,2.92040441,26.47833333,5.74723509,794.35,1/8/2026,31/8/2026
"2200 | DIA | Message  | More than a gift, moment that last - 16 - 31 Aug 26","Message - More than a gift, moment that last - 16 - 31 Aug 26","2200 | DIA | Message | More than a gift, moment that last - 16 - 31 Aug 26  [BKK]",25-34,female,5721,16436,347,34,753,THB,2.25112591,22.97472618,4.58140667,781.1406902,1/8/2026,31/8/2026
2200 | Pearl | Awareness | A gift of Grace A Present of Pearls | 1 - 31 Aug 26,Awareness - Pearl - A gift of Grace A Present of Pearls | 1 - 31 Aug 26,2200 | Pearl | Awareness  | A gift of Grace A Present of Pearls | 1 - 31 Aug 26 [Other-Province],18-24,male,52873,83558,53,,55,THB,14.02474599,,0.06582254,743.3115374,1/8/2026,31/8/2026
2200 | DIA | Message  | วันแม่ปีนี้ มอบสิ่งล้ำค่าแทนคำว่ารัก | 1 - 31 Aug 26,Message - วันแม่ปีนี้ มอบสิ่งล้ำค่าแทนคำว่ารัก  - 1 - 31 AUG 26,2200 | DIA | Message | วันแม่ปีนี้ มอบสิ่งล้ำค่าแทนคำว่ารัก  - 1 - 31 AUG 26  [BKK],45-54,female,1682,5336,525,11,665,THB,1.37248012,65.50473309,12.46251874,720.552064,1/8/2026,31/8/2026
2200 | Pearl | Awareness | A gift of Grace A Present of Pearls | 1 - 31 Aug 26,Awareness - Pearl - A gift of Grace A Present of Pearls | 1 - 31 Aug 26,2200 | Pearl | Awareness  | A gift of Grace A Present of Pearls | 1 - 31 Aug 26 [Other-Province],18-24,female,47954,73209,64,1,71,THB,10.38944592,664.924539,0.09698261,664.924539,1/8/2026,31/8/2026
2200 | DIA | Awareness | To Mom with love and light | 1 - 15 Aug 26,Awareness  - To Mom with love and light | 1 - 15 Aug 26,2200 | DIA | Awareness  | To Mom with love and light | 1 - 15 Aug 26 [Other-Province],25-34,female,45584,73558,109,1,122,THB,5.80171968,632.3874449,0.16585552,632.3874449,1/8/2026,31/8/2026
2200 | DIA | Message  | วันแม่ปีนี้ มอบสิ่งล้ำค่าแทนคำว่ารัก | 1 - 31 Aug 26,Message - วันแม่ปีนี้ มอบสิ่งล้ำค่าแทนคำว่ารัก  - 1 - 31 AUG 26,2200 | DIA | Message | วันแม่ปีนี้ มอบสิ่งล้ำค่าแทนคำว่ารัก  - 1 - 31 AUG 26 [Other-Province],25-34,female,3254,10657,746,16,955,THB,0.83664879,39.00875,8.96124613,624.14,1/8/2026,31/8/2026
2200 | DIA | Awareness | วันแม่ปีนี้ มอบสิ่งล้ำค่าแทนคำว่ารัก | 1 - 31 Aug 26,Awareness  - วันแม่ปีนี้ มอบสิ่งล้ำค่าแทนคำว่ารัก  - 1 - 31 AUG 26,2200 | DIA | Awareness  | วันแม่ปีนี้ มอบสิ่งล้ำค่าแทนคำว่ารัก  - 1 - 31 AUG 26 [Other-Province],25-34,male,48383,68070,157,,167,THB,3.80447456,,0.24533568,597.302506,1/8/2026,31/8/2026
2200 | DIA | Message  | วันแม่ปีนี้ มอบสิ่งล้ำค่าแทนคำว่ารัก | 1 - 31 Aug 26,Message - วันแม่ปีนี้ มอบสิ่งล้ำค่าแทนคำว่ารัก  - 1 - 31 AUG 26,2200 | DIA | Message | วันแม่ปีนี้ มอบสิ่งล้ำค่าแทนคำว่ารัก  - 1 - 31 AUG 26 [Other-Province],45-54,female,1562,5390,506,7,639,THB,1.13731225,82.21142857,11.85528757,575.48,1/8/2026,31/8/2026
2200 | DIA | Message | Wedding Package | 1 - 31 Aug 26,Message - Wedding Package - 1 - 31 Aug 26,2200 | DIA | Message | Wedding Package | 1 - 31 Aug 26 [Other-Province],35-44,female,1247,3591,351,13,464,THB,1.61481382,43.59997305,12.92119187,566.7996497,1/8/2026,31/8/2026
2200 | Pearl | Message  | A gift of Grace A Present of Pearls | 1 - 31 Aug 26,Message - Pearl - A gift of Grace A Present of Pearls | 1 - 31 Aug 26,2200 | Pearl | Message | A gift of Grace A Present of Pearls | 1 - 31 Aug 26 [Other-Province],35-44,female,4180,7866,249,37,380,THB,2.13381526,14.36,4.83091787,531.32,1/8/2026,31/8/2026
2200 | DIA | Message  | A gift of Grace A Present of Pearls | 1 - 31 Aug 26,Message - A gift of Grace A Present of Pearls | 1 - 31 Aug 26,2200 | DIA | Message | A gift of Grace A Present of Pearls | 1 - 31 Aug 26 [Other-Province],25-34,female,4187,9292,195,22,354,THB,2.64461044,23.44086528,3.8097288,515.6990361,1/8/2026,31/8/2026
2200 | DIA | Message  | To Mom with love and light | 1 - 15 Aug 26,Message - To Mom with love and light - 1 - 15 Aug 26,2200 | DIA | Message | To Mom with love and light | 1 - 15 Aug 26 [Other-Province],25-34,female,3070,7717,148,13,375,THB,3.41722973,38.90384615,4.85940132,505.75,1/8/2026,31/8/2026
"2200 | DIA | Message  | More than a gift, moment that last - 16 - 31 Aug 26","Message - More than a gift, moment that last - 16 - 31 Aug 26","2200 | DIA | Message | More than a gift, moment that last - 16 - 31 Aug 26 [Other-Province]",35-44,female,3863,8636,242,36,460,THB,2.08202479,13.99583333,5.32654006,503.85,1/8/2026,31/8/2026
2200 | DIA | Message  | A gift of Grace A Present of Pearls | 1 - 31 Aug 26,Message - A gift of Grace A Present of Pearls | 1 - 31 Aug 26,2200 | DIA | Message | A gift of Grace A Present of Pearls | 1 - 31 Aug 26 [Other-Province],45-54,female,2791,5570,250,18,369,THB,1.93452136,26.86835221,6.62477558,483.6303397,1/8/2026,31/8/2026
2200 | DIA | Awareness | Wedding Package | 1 - 31 Aug 26,Awareness  - Wedding Package -1 - 31 Aug 26,2200 | DIA | Awareness  | Wedding Package | 1 - 31 Aug 26 [Other-Province],25-34,female,43401,53420,264,,314,THB,1.73181907,,0.58779483,457.2002336,1/8/2026,31/8/2026
"2200 | DIA | Awareness | More than a gift, moment that last - 16 - 31 Aug 26","Awareness  - More than a gift, moment that last - 16 - 31 Aug 26","2200 | DIA | Awareness  | More than a gift, moment that last - 16 - 31 Aug 26 [Other-Province]",25-34,female,37456,51821,86,1,117,THB,5.24168441,450.7848593,0.22577719,450.7848593,1/8/2026,31/8/2026
2200 | DIA | Awareness | Wedding Package | 1 - 31 Aug 26,Awareness  - Wedding Package -1 - 31 Aug 26,2200 | DIA | Awareness  | Wedding Package | 1 - 31 Aug 26 [Other-Province],35-44,male,38896,51585,135,1,155,THB,3.25548601,439.4906119,0.30047494,439.4906119,1/8/2026,31/8/2026
2200 | DIA | Message  | To Mom with love and light | 1 - 15 Aug 26,Message - To Mom with love and light - 1 - 15 Aug 26,2200 | DIA | Message | To Mom with love and light | 1 - 15 Aug 26 [Other-Province],45-54,female,2293,4787,215,16,387,THB,2.01939535,27.135625,8.08439524,434.17,1/8/2026,31/8/2026
2200 | DIA | Awareness | Wedding Package | 1 - 31 Aug 26,Awareness   - Wedding Package -1 - 31 Aug 26,2200 | DIA | Message | Wedding Package | 1 - 31 Aug 26  [BKK],25-34,male,40914,50464,157,,197,THB,2.72656051,,0.3903773,428.07,1/8/2026,31/8/2026
2200 | DIA | Awareness | A gift of Grace A Present of Pearls | 1 - 31 Aug 26,Awareness   - A gift of Grace A Present of Pearls | 1 - 31 Aug 26,2200 | DIA |  Awareness | A gift of Grace A Present of Pearls | 1 - 31 Aug 26  [BKK],18-24,male,32247,45723,51,,59,THB,7.6704748,,0.1290379,391.1942149,1/8/2026,31/8/2026
2200 | DIA | Awareness | วันแม่ปีนี้ มอบสิ่งล้ำค่าแทนคำว่ารัก | 1 - 31 Aug 26,Awareness   - วันแม่ปีนี้ มอบสิ่งล้ำค่าแทนคำว่ารัก  - 1 - 31 AUG 26,2200 | DIA | Awareness | วันแม่ปีนี้ มอบสิ่งล้ำค่าแทนคำว่ารัก  - 1 - 31 AUG 26  [BKK],25-34,male,31822,44052,117,,127,THB,3.30833514,,0.28829565,387.075211,1/8/2026,31/8/2026
"2200 | DIA | Message  | More than a gift, moment that last - 16 - 31 Aug 26","Message - More than a gift, moment that last - 16 - 31 Aug 26","2200 | DIA | Message | More than a gift, moment that last - 16 - 31 Aug 26  [BKK]",55-64,female,1487,3791,247,28,372,THB,1.56346224,13.79197044,9.81271432,386.1751724,1/8/2026,31/8/2026
2200 | Pearl | Awareness | A gift of Grace A Present of Pearls | 1 - 31 Aug 26,Awareness - Pearl - A gift of Grace A Present of Pearls | 1 - 31 Aug 26,2200 | Pearl | Awareness  | A gift of Grace A Present of Pearls | 1 - 31 Aug 26 [Other-Province],25-34,male,29931,40500,25,,30,THB,15.38381093,,0.07407407,384.5952732,1/8/2026,31/8/2026
2200 | Pearl | Awareness | A gift of Grace A Present of Pearls | 1 - 31 Aug 26,Awareness  - Pearl - A gift of Grace A Present of Pearls | 1 - 31 Aug 26,2200 | Pearl |  Awareness | A gift of Grace A Present of Pearls | 1 - 31 Aug 26  [BKK],18-24,male,31584,43775,43,,47,THB,8.84954592,,0.10736722,380.5304745,1/8/2026,31/8/2026
2200 | DIA | Awareness | A gift of Grace A Present of Pearls | 1 - 31 Aug 26,Awareness  - A gift of Grace A Present of Pearls | 1 - 31 Aug 26,2200 | DIA | Awareness  | A gift of Grace A Present of Pearls | 1 - 31 Aug 26 [Other-Province],25-34,male,30682,44431,49,,55,THB,7.71751533,,0.12378745,378.1582512,1/8/2026,31/8/2026
2200 | Pearl | Message  | A gift of Grace A Present of Pearls | 1 - 31 Aug 26,Message - Pearl - A gift of Grace A Present of Pearls | 1 - 31 Aug 26,2200 | Pearl | Message | A gift of Grace A Present of Pearls | 1 - 31 Aug 26 [Other-Province],45-54,female,2364,4410,166,31,230,THB,2.27445783,12.17935484,5.2154195,377.56,1/8/2026,31/8/2026
2200 | DIA | Awareness | To Mom with love and light | 1 - 15 Aug 26,Awareness  - To Mom with love and light | 1 - 15 Aug 26,2200 | DIA | Awareness  | To Mom with love and light | 1 - 15 Aug 26 [Other-Province],35-44,male,28484,42710,62,,79,THB,5.82043757,,0.18496839,360.8671291,1/8/2026,31/8/2026
2200 | DIA | Awareness | วันแม่ปีนี้ มอบสิ่งล้ำค่าแทนคำว่ารัก | 1 - 31 Aug 26,Awareness  - วันแม่ปีนี้ มอบสิ่งล้ำค่าแทนคำว่ารัก  - 1 - 31 AUG 26,2200 | DIA | Awareness  | วันแม่ปีนี้ มอบสิ่งล้ำค่าแทนคำว่ารัก  - 1 - 31 AUG 26 [Other-Province],25-34,female,28146,37931,141,,167,THB,2.37185392,,0.44027313,334.4314031,1/8/2026,31/8/2026
"2200 | DIA | Awareness | More than a gift, moment that last - 16 - 31 Aug 26","Awareness   - More than a gift, moment that last - 16 - 31 Aug 26","2200 | DIA |  Awareness | More than a gift, moment that last - 16 - 31 Aug 26  [BKK]",25-34,male,30968,38202,71,,103,THB,4.65273473,,0.26961939,330.3441659,1/8/2026,31/8/2026
2200 | DIA | Awareness | วันแม่ปีนี้ มอบสิ่งล้ำค่าแทนคำว่ารัก | 1 - 31 Aug 26,Awareness  - วันแม่ปีนี้ มอบสิ่งล้ำค่าแทนคำว่ารัก  - 1 - 31 AUG 26,2200 | DIA | Awareness  | วันแม่ปีนี้ มอบสิ่งล้ำค่าแทนคำว่ารัก  - 1 - 31 AUG 26 [Other-Province],35-44,male,25951,34899,62,,62,THB,5.16550554,,0.17765552,320.2613437,1/8/2026,31/8/2026
"2200 | DIA | Message  | More than a gift, moment that last - 16 - 31 Aug 26","Message - More than a gift, moment that last - 16 - 31 Aug 26","2200 | DIA | Message | More than a gift, moment that last - 16 - 31 Aug 26 [Other-Province]",45-54,female,1808,3946,199,28,281,THB,1.59879397,11.36285714,7.12113533,318.16,1/8/2026,31/8/2026
2200 | Pearl | Message  | A gift of Grace A Present of Pearls | 1 - 31 Aug 26,Message - Pearl - A gift of Grace A Present of Pearls | 1 - 31 Aug 26,2200 | Pearl | Message | A gift of Grace A Present of Pearls | 1 - 31 Aug 26  [BKK],55-64,female,1493,2832,127,10,170,THB,2.49307087,31.662,6.00282486,316.62,1/8/2026,31/8/2026
2200 | DIA | Message | Wedding Package | 1 - 31 Aug 26,Message - Wedding Package -1 - 31 Aug 26,2200 | DIA | Message | Wedding Package | 1 - 31 Aug 266  [BKK],25-34,male,1039,3591,292,12,379,THB,1.05422592,25.65283078,10.55416319,307.8339693,1/8/2026,31/8/2026
2200 | Pearl | Message  | A gift of Grace A Present of Pearls | 1 - 31 Aug 26,Message - Pearl - A gift of Grace A Present of Pearls | 1 - 31 Aug 26,2200 | Pearl | Message | A gift of Grace A Present of Pearls | 1 - 31 Aug 26 [Other-Province],25-34,female,2685,4781,105,15,178,THB,2.70085714,18.906,3.72307049,283.59,1/8/2026,31/8/2026
2200 | DIA | Message | Wedding Package | 1 - 31 Aug 26,Message - Wedding Package -1 - 31 Aug 26,2200 | DIA | Message | Wedding Package | 1 - 31 Aug 266  [BKK],45-54,female,480,1288,138,2,179,THB,2.04039481,140.7872419,13.89751553,281.5744838,1/8/2026,31/8/2026
"2200 | DIA | Awareness | More than a gift, moment that last - 16 - 31 Aug 26","Awareness   - More than a gift, moment that last - 16 - 31 Aug 26","2200 | DIA |  Awareness | More than a gift, moment that last - 16 - 31 Aug 26  [BKK]",25-34,female,25663,32582,51,,92,THB,5.49797177,,0.2823645,280.39656,1/8/2026,31/8/2026
2200 | DIA | Message  | A gift of Grace A Present of Pearls | 1 - 31 Aug 26,Message - A gift of Grace A Present of Pearls | 1 - 31 Aug 26,2200 | DIA | Message | A gift of Grace A Present of Pearls | 1 - 31 Aug 26  [BKK],55-64,female,1316,2364,133,9,200,THB,2.0838398,30.79452152,8.46023689,277.1506937,1/8/2026,31/8/2026
2200 | Pearl | Awareness | A gift of Grace A Present of Pearls | 1 - 31 Aug 26,Awareness  - Pearl - A gift of Grace A Present of Pearls | 1 - 31 Aug 26,2200 | Pearl |  Awareness | A gift of Grace A Present of Pearls | 1 - 31 Aug 26  [BKK],18-24,female,23385,31058,20,,30,THB,13.5186616,,0.09659347,270.373232,1/8/2026,31/8/2026
2200 | DIA | Awareness | A gift of Grace A Present of Pearls | 1 - 31 Aug 26,Awareness   - A gift of Grace A Present of Pearls | 1 - 31 Aug 26,2200 | DIA |  Awareness | A gift of Grace A Present of Pearls | 1 - 31 Aug 26  [BKK],18-24,female,22650,30997,39,,44,THB,6.79511043,,0.14194922,265.0093066,1/8/2026,31/8/2026
2200 | Pearl | Awareness | A gift of Grace A Present of Pearls | 1 - 31 Aug 26,Awareness - Pearl - A gift of Grace A Present of Pearls | 1 - 31 Aug 26,2200 | Pearl | Awareness  | A gift of Grace A Present of Pearls | 1 - 31 Aug 26 [Other-Province],25-34,female,20180,26710,28,,27,THB,9.34071376,,0.10108574,261.5399852,1/8/2026,31/8/2026
"2200 | DIA | Awareness | More than a gift, moment that last - 16 - 31 Aug 26","Awareness  - More than a gift, moment that last - 16 - 31 Aug 26","2200 | DIA | Awareness  | More than a gift, moment that last - 16 - 31 Aug 26 [Other-Province]",35-44,male,21660,29226,39,,52,THB,6.48656131,,0.17792377,252.9758913,1/8/2026,31/8/2026
2200 | DIA | Awareness | วันแม่ปีนี้ มอบสิ่งล้ำค่าแทนคำว่ารัก | 1 - 31 Aug 26,Awareness   - วันแม่ปีนี้ มอบสิ่งล้ำค่าแทนคำว่ารัก  - 1 - 31 AUG 26,2200 | DIA | Awareness | วันแม่ปีนี้ มอบสิ่งล้ำค่าแทนคำว่ารัก  - 1 - 31 AUG 26  [BKK],35-44,male,20372,27950,58,,57,THB,4.29667098,,0.2039356,249.2069168,1/8/2026,31/8/2026
2200 | DIA | Awareness | A gift of Grace A Present of Pearls | 1 - 31 Aug 26,Awareness  - A gift of Grace A Present of Pearls | 1 - 31 Aug 26,2200 | DIA | Awareness  | A gift of Grace A Present of Pearls | 1 - 31 Aug 26 [Other-Province],25-34,female,20666,27084,50,1,63,THB,4.58205764,229.1028821,0.23260966,229.1028821,1/8/2026,31/8/2026
2200 | DIA | Awareness | วันแม่ปีนี้ มอบสิ่งล้ำค่าแทนคำว่ารัก | 1 - 31 Aug 26,Awareness   - วันแม่ปีนี้ มอบสิ่งล้ำค่าแทนคำว่ารัก  - 1 - 31 AUG 26,2200 | DIA | Awareness | วันแม่ปีนี้ มอบสิ่งล้ำค่าแทนคำว่ารัก  - 1 - 31 AUG 26  [BKK],25-34,female,18971,25020,112,,124,THB,1.9648864,,0.49560352,220.0672773,1/8/2026,31/8/2026
2200 | DIA | Message  | To Mom with love and light | 1 - 15 Aug 26,Message - To Mom with love and light - 1 - 15 Aug 26,2200 | DIA | Message | To Mom with love and light | 1 - 15 Aug 26  [BKK],55-64,female,881,2108,92,7,142,THB,2.31472389,30.42208547,6.73624288,212.9545983,1/8/2026,31/8/2026
"2200 | DIA | Message  | More than a gift, moment that last - 16 - 31 Aug 26","Message - More than a gift, moment that last - 16 - 31 Aug 26","2200 | DIA | Message | More than a gift, moment that last - 16 - 31 Aug 26 [Other-Province]",25-34,female,2184,4764,84,10,200,THB,2.4802381,20.834,4.19815281,208.34,1/8/2026,31/8/2026
2200 | DIA | Awareness | Wedding Package | 1 - 31 Aug 26,Awareness  - Wedding Package -1 - 31 Aug 26,2200 | DIA | Awareness  | Wedding Package | 1 - 31 Aug 26 [Other-Province],35-44,female,19651,24051,132,,122,THB,1.55261835,,0.50725542,204.9456221,1/8/2026,31/8/2026
2200 | DIA | Awareness | วันแม่ปีนี้ มอบสิ่งล้ำค่าแทนคำว่ารัก | 1 - 31 Aug 26,Awareness  - วันแม่ปีนี้ มอบสิ่งล้ำค่าแทนคำว่ารัก  - 1 - 31 AUG 26,2200 | DIA | Awareness  | วันแม่ปีนี้ มอบสิ่งล้ำค่าแทนคำว่ารัก  - 1 - 31 AUG 26 [Other-Province],55-64,male,16788,22585,57,,54,THB,3.50931297,,0.23909675,200.0308392,1/8/2026,31/8/2026
2200 | DIA | Awareness | Wedding Package | 1 - 31 Aug 26,Awareness   - Wedding Package -1 - 31 Aug 26,2200 | DIA | Message | Wedding Package | 1 - 31 Aug 26  [BKK],25-34,female,19505,23367,119,,143,THB,1.67344538,,0.61197415,199.14,1/8/2026,31/8/2026
2200 | DIA | Awareness | วันแม่ปีนี้ มอบสิ่งล้ำค่าแทนคำว่ารัก | 1 - 31 Aug 26,Awareness  - วันแม่ปีนี้ มอบสิ่งล้ำค่าแทนคำว่ารัก  - 1 - 31 AUG 26,2200 | DIA | Awareness  | วันแม่ปีนี้ มอบสิ่งล้ำค่าแทนคำว่ารัก  - 1 - 31 AUG 26 [Other-Province],45-54,male,16204,22108,41,,53,THB,4.7973372,,0.23973222,196.6908252,1/8/2026,31/8/2026
2200 | DIA | Message  | วันแม่ปีนี้ มอบสิ่งล้ำค่าแทนคำว่ารัก | 1 - 31 Aug 26,Message - วันแม่ปีนี้ มอบสิ่งล้ำค่าแทนคำว่ารัก  - 1 - 31 AUG 26,2200 | DIA | Message | วันแม่ปีนี้ มอบสิ่งล้ำค่าแทนคำว่ารัก  - 1 - 31 AUG 26  [BKK],55-64,female,353,1142,125,4,158,THB,1.54989085,48.43408911,13.83537653,193.7363565,1/8/2026,31/8/2026
2200 | DIA | Awareness | Wedding Package | 1 - 31 Aug 26,Awareness   - Wedding Package -1 - 31 Aug 26,2200 | DIA | Message | Wedding Package | 1 - 31 Aug 26  [BKK],35-44,male,18049,22031,66,,67,THB,2.81030303,,0.30411693,185.48,1/8/2026,31/8/2026
2200 | DIA | Awareness | To Mom with love and light | 1 - 15 Aug 26,Awareness   - To Mom with love and light | 1 - 15 Aug 26,2200 | DIA |  Awareness | To Mom with love and light | 1 - 15 Aug 26  - 1 - 31 AUG 26  [BKK],25-34,male,18812,21513,29,1,39,THB,6.17557053,179.0915455,0.18128573,179.0915455,1/8/2026,31/8/2026
2200 | Pearl | Awareness | A gift of Grace A Present of Pearls | 1 - 31 Aug 26,Awareness  - Pearl - A gift of Grace A Present of Pearls | 1 - 31 Aug 26,2200 | Pearl |  Awareness | A gift of Grace A Present of Pearls | 1 - 31 Aug 26  [BKK],25-34,male,15673,19341,17,,31,THB,10.36385822,,0.16028127,176.1855897,1/8/2026,31/8/2026
2200 | DIA | Awareness | To Mom with love and light | 1 - 15 Aug 26,Awareness  - To Mom with love and light | 1 - 15 Aug 26,2200 | DIA | Awareness  | To Mom with love and light | 1 - 15 Aug 26 [Other-Province],45-54,male,13477,20375,28,,33,THB,6.22584937,,0.16196319,174.3237825,1/8/2026,31/8/2026
2200 | DIA | Awareness | วันแม่ปีนี้ มอบสิ่งล้ำค่าแทนคำว่ารัก | 1 - 31 Aug 26,Awareness  - วันแม่ปีนี้ มอบสิ่งล้ำค่าแทนคำว่ารัก  - 1 - 31 AUG 26,2200 | DIA | Awareness  | วันแม่ปีนี้ มอบสิ่งล้ำค่าแทนคำว่ารัก  - 1 - 31 AUG 26 [Other-Province],55-64,female,13931,19402,49,1,62,THB,3.51879027,172.4207234,0.31955469,172.4207234,1/8/2026,31/8/2026
2200 | DIA | Message  | วันแม่ปีนี้ มอบสิ่งล้ำค่าแทนคำว่ารัก | 1 - 31 Aug 26,Message - วันแม่ปีนี้ มอบสิ่งล้ำค่าแทนคำว่ารัก  - 1 - 31 AUG 26,2200 | DIA | Message | วันแม่ปีนี้ มอบสิ่งล้ำค่าแทนคำว่ารัก  - 1 - 31 AUG 26 [Other-Province],55-64,female,299,997,106,5,127,THB,1.62037736,34.352,12.73821464,171.76,1/8/2026,31/8/2026
"2200 | DIA | Awareness | More than a gift, moment that last - 16 - 31 Aug 26","Awareness   - More than a gift, moment that last - 16 - 31 Aug 26","2200 | DIA |  Awareness | More than a gift, moment that last - 16 - 31 Aug 26  [BKK]",35-44,male,15964,19486,48,,61,THB,3.51274829,,0.31304526,168.6119181,1/8/2026,31/8/2026
"2200 | DIA | Awareness | More than a gift, moment that last - 16 - 31 Aug 26","Awareness  - More than a gift, moment that last - 16 - 31 Aug 26","2200 | DIA | Awareness  | More than a gift, moment that last - 16 - 31 Aug 26 [Other-Province]",35-44,female,14632,19000,34,,56,THB,4.83737727,,0.29473684,164.4708273,1/8/2026,31/8/2026
2200 | DIA | Awareness | วันแม่ปีนี้ มอบสิ่งล้ำค่าแทนคำว่ารัก | 1 - 31 Aug 26,Awareness  - วันแม่ปีนี้ มอบสิ่งล้ำค่าแทนคำว่ารัก  - 1 - 31 AUG 26,2200 | DIA | Awareness  | วันแม่ปีนี้ มอบสิ่งล้ำค่าแทนคำว่ารัก  - 1 - 31 AUG 26 [Other-Province],35-44,female,13176,17844,111,,108,THB,1.46703318,,0.60524546,162.8406832,1/8/2026,31/8/2026
"2200 | DIA | Awareness | More than a gift, moment that last - 16 - 31 Aug 26","Awareness   - More than a gift, moment that last - 16 - 31 Aug 26","2200 | DIA |  Awareness | More than a gift, moment that last - 16 - 31 Aug 26  [BKK]",55-64,female,14740,18625,44,,69,THB,3.65800648,,0.3704698,160.9522852,1/8/2026,31/8/2026
"2200 | DIA | Awareness | More than a gift, moment that last - 16 - 31 Aug 26","Awareness   - More than a gift, moment that last - 16 - 31 Aug 26","2200 | DIA |  Awareness | More than a gift, moment that last - 16 - 31 Aug 26  [BKK]",35-44,female,15207,18823,57,,87,THB,2.82039113,,0.4622005,160.7622943,1/8/2026,31/8/2026
2200 | DIA | Awareness | Wedding Package | 1 - 31 Aug 26,Awareness  - Wedding Package -1 - 31 Aug 26,2200 | DIA | Awareness  | Wedding Package | 1 - 31 Aug 26 [Other-Province],45-54,male,14688,18812,44,,53,THB,3.64355853,,0.28173506,160.3165754,1/8/2026,31/8/2026
2200 | DIA | Awareness | To Mom with love and light | 1 - 15 Aug 26,Awareness  - To Mom with love and light | 1 - 15 Aug 26,2200 | DIA | Awareness  | To Mom with love and light | 1 - 15 Aug 26 [Other-Province],35-44,female,12902,18444,33,,45,THB,4.68559046,,0.24398178,154.6244851,1/8/2026,31/8/2026
2200 | DIA | Awareness | วันแม่ปีนี้ มอบสิ่งล้ำค่าแทนคำว่ารัก | 1 - 31 Aug 26,Awareness   - วันแม่ปีนี้ มอบสิ่งล้ำค่าแทนคำว่ารัก  - 1 - 31 AUG 26,2200 | DIA | Awareness | วันแม่ปีนี้ มอบสิ่งล้ำค่าแทนคำว่ารัก  - 1 - 31 AUG 26  [BKK],35-44,female,12525,17160,94,,83,THB,1.60083126,,0.48368298,150.4781383,1/8/2026,31/8/2026
2200 | DIA | Message | Wedding Package | 1 - 31 Aug 26,Message - Wedding Package - 1 - 31 Aug 26,2200 | DIA | Message | Wedding Package | 1 - 31 Aug 26 [Other-Province],45-54,female,309,695,66,,79,THB,2.26904086,,11.36690647,149.7566967,1/8/2026,31/8/2026
2200 | DIA | Awareness | To Mom with love and light | 1 - 15 Aug 26,Awareness  - To Mom with love and light | 1 - 15 Aug 26,2200 | DIA | Awareness  | To Mom with love and light | 1 - 15 Aug 26 [Other-Province],65+,male,10249,16900,21,1,22,THB,6.90499182,145.0048282,0.13017751,145.0048282,1/8/2026,31/8/2026
2200 | DIA | Awareness | วันแม่ปีนี้ มอบสิ่งล้ำค่าแทนคำว่ารัก | 1 - 31 Aug 26,Awareness  - วันแม่ปีนี้ มอบสิ่งล้ำค่าแทนคำว่ารัก  - 1 - 31 AUG 26,2200 | DIA | Awareness  | วันแม่ปีนี้ มอบสิ่งล้ำค่าแทนคำว่ารัก  - 1 - 31 AUG 26 [Other-Province],65+,male,11438,15916,25,,34,THB,5.62042358,,0.21362151,140.5105895,1/8/2026,31/8/2026
2200 | DIA | Awareness | วันแม่ปีนี้ มอบสิ่งล้ำค่าแทนคำว่ารัก | 1 - 31 Aug 26,Awareness   - วันแม่ปีนี้ มอบสิ่งล้ำค่าแทนคำว่ารัก  - 1 - 31 AUG 26,2200 | DIA | Awareness | วันแม่ปีนี้ มอบสิ่งล้ำค่าแทนคำว่ารัก  - 1 - 31 AUG 26  [BKK],45-54,male,11225,15757,28,,36,THB,5.01279512,,0.22846989,140.3582635,1/8/2026,31/8/2026
"2200 | DIA | Awareness | More than a gift, moment that last - 16 - 31 Aug 26","Awareness   - More than a gift, moment that last - 16 - 31 Aug 26","2200 | DIA |  Awareness | More than a gift, moment that last - 16 - 31 Aug 26  [BKK]",45-54,female,12592,15219,34,,47,THB,3.86334423,,0.3088245,131.353704,1/8/2026,31/8/2026
2200 | Pearl | Message  | A gift of Grace A Present of Pearls | 1 - 31 Aug 26,Message - Pearl - A gift of Grace A Present of Pearls | 1 - 31 Aug 26,2200 | Pearl | Message | A gift of Grace A Present of Pearls | 1 - 31 Aug 26  [BKK],35-44,male,809,1606,50,10,79,THB,2.5886,12.943,4.91905355,129.43,1/8/2026,31/8/2026
2200 | DIA | Message  | A gift of Grace A Present of Pearls | 1 - 31 Aug 26,Message - A gift of Grace A Present of Pearls | 1 - 31 Aug 26,2200 | DIA | Message | A gift of Grace A Present of Pearls | 1 - 31 Aug 26 [Other-Province],55-64,female,682,1228,57,4,85,THB,2.26727625,32.3086866,6.9218241,129.2347464,1/8/2026,31/8/2026
2200 | DIA | Message | Wedding Package | 1 - 31 Aug 26,Message - Wedding Package - 1 - 31 Aug 26,2200 | DIA | Message | Wedding Package | 1 - 31 Aug 26 [Other-Province],25-34,male,460,1717,131,2,174,THB,0.97991295,64.18429834,10.13395457,128.3685967,1/8/2026,31/8/2026
2200 | DIA | Awareness | วันแม่ปีนี้ มอบสิ่งล้ำค่าแทนคำว่ารัก | 1 - 31 Aug 26,Awareness  - วันแม่ปีนี้ มอบสิ่งล้ำค่าแทนคำว่ารัก  - 1 - 31 AUG 26,2200 | DIA | Awareness  | วันแม่ปีนี้ มอบสิ่งล้ำค่าแทนคำว่ารัก  - 1 - 31 AUG 26 [Other-Province],45-54,female,10692,14318,56,,63,THB,2.26750951,,0.44000559,126.9805328,1/8/2026,31/8/2026
2200 | DIA | Awareness | วันแม่ปีนี้ มอบสิ่งล้ำค่าแทนคำว่ารัก | 1 - 31 Aug 26,Awareness  - วันแม่ปีนี้ มอบสิ่งล้ำค่าแทนคำว่ารัก  - 1 - 31 AUG 26,2200 | DIA | Awareness  | วันแม่ปีนี้ มอบสิ่งล้ำค่าแทนคำว่ารัก  - 1 - 31 AUG 26 [Other-Province],65+,female,10867,14153,40,,47,THB,3.1230131,,0.33208507,124.9205241,1/8/2026,31/8/2026
2200 | DIA | Awareness | To Mom with love and light | 1 - 15 Aug 26,Awareness  - To Mom with love and light | 1 - 15 Aug 26,2200 | DIA | Awareness  | To Mom with love and light | 1 - 15 Aug 26 [Other-Province],55-64,male,9883,14257,16,,19,THB,7.6066037,,0.13326787,121.7056592,1/8/2026,31/8/2026
2200 | DIA | Message  | To Mom with love and light | 1 - 15 Aug 26,Message - To Mom with love and light - 1 - 15 Aug 26,2200 | DIA | Message | To Mom with love and light | 1 - 15 Aug 26  [BKK],35-44,male,551,1312,23,4,57,THB,5.27117064,30.30923119,4.3445122,121.2369248,1/8/2026,31/8/2026
"2200 | DIA | Awareness | More than a gift, moment that last - 16 - 31 Aug 26","Awareness   - More than a gift, moment that last - 16 - 31 Aug 26","2200 | DIA |  Awareness | More than a gift, moment that last - 16 - 31 Aug 26  [BKK]",65+,female,10598,13591,34,1,47,THB,3.49542069,118.8443036,0.34581708,118.8443036,1/8/2026,31/8/2026
2200 | DIA | Message | Wedding Package | 1 - 31 Aug 26,Message - Wedding Package -1 - 31 Aug 26,2200 | DIA | Message | Wedding Package | 1 - 31 Aug 266  [BKK],35-44,male,393,1169,125,1,164,THB,0.94502149,118.1276858,14.02908469,118.1276858,1/8/2026,31/8/2026
"2200 | DIA | Awareness | More than a gift, moment that last - 16 - 31 Aug 26","Awareness  - More than a gift, moment that last - 16 - 31 Aug 26","2200 | DIA | Awareness  | More than a gift, moment that last - 16 - 31 Aug 26 [Other-Province]",45-54,male,10054,13525,23,1,29,THB,5.08580332,116.9734763,0.21441774,116.9734763,1/8/2026,31/8/2026
2200 | DIA | Awareness | วันแม่ปีนี้ มอบสิ่งล้ำค่าแทนคำว่ารัก | 1 - 31 Aug 26,Awareness   - วันแม่ปีนี้ มอบสิ่งล้ำค่าแทนคำว่ารัก  - 1 - 31 AUG 26,2200 | DIA | Awareness | วันแม่ปีนี้ มอบสิ่งล้ำค่าแทนคำว่ารัก  - 1 - 31 AUG 26  [BKK],45-54,female,9495,13094,73,,55,THB,1.5938159,,0.42003971,116.3485605,1/8/2026,31/8/2026
2200 | DIA | Awareness | To Mom with love and light | 1 - 15 Aug 26,Awareness  - To Mom with love and light | 1 - 15 Aug 26,2200 | DIA | Awareness  | To Mom with love and light | 1 - 15 Aug 26 [Other-Province],65+,female,8001,13316,12,,18,THB,9.40049805,,0.13517573,112.8059766,1/8/2026,31/8/2026
2200 | DIA | Awareness | Wedding Package | 1 - 31 Aug 26,Awareness  - Wedding Package -1 - 31 Aug 26,2200 | DIA | Awareness  | Wedding Package | 1 - 31 Aug 26 [Other-Province],55-64,male,10202,13149,29,,24,THB,3.88853763,,0.18252339,112.7675911,1/8/2026,31/8/2026
"2200 | DIA | Awareness | More than a gift, moment that last - 16 - 31 Aug 26","Awareness   - More than a gift, moment that last - 16 - 31 Aug 26","2200 | DIA |  Awareness | More than a gift, moment that last - 16 - 31 Aug 26  [BKK]",55-64,male,10411,12845,38,1,51,THB,2.94301683,111.8346395,0.39704165,111.8346395,1/8/2026,31/8/2026
2200 | Pearl | Awareness | A gift of Grace A Present of Pearls | 1 - 31 Aug 26,Awareness - Pearl - A gift of Grace A Present of Pearls | 1 - 31 Aug 26,2200 | Pearl | Awareness  | A gift of Grace A Present of Pearls | 1 - 31 Aug 26 [Other-Province],35-44,male,8879,11224,9,,12,THB,12.41396909,,0.10691376,111.7257219,1/8/2026,31/8/2026
2200 | DIA | Awareness | Wedding Package | 1 - 31 Aug 26,Awareness  - Wedding Package -1 - 31 Aug 26,2200 | DIA | Awareness  | Wedding Package | 1 - 31 Aug 26 [Other-Province],45-54,female,10455,13196,51,,49,THB,2.18681603,,0.37132464,111.5276176,1/8/2026,31/8/2026
2200 | DIA | Message  | To Mom with love and light | 1 - 15 Aug 26,Message - To Mom with love and light - 1 - 15 Aug 26,2200 | DIA | Message | To Mom with love and light | 1 - 15 Aug 26 [Other-Province],55-64,female,584,1233,51,5,77,THB,2.15313725,21.962,6.24493106,109.81,1/8/2026,31/8/2026
2200 | DIA | Awareness | Wedding Package | 1 - 31 Aug 26,Awareness  - Wedding Package -1 - 31 Aug 26,2200 | DIA | Awareness  | Wedding Package | 1 - 31 Aug 26 [Other-Province],65+,male,8886,12490,32,,34,THB,3.40398979,,0.27221777,108.9276732,1/8/2026,31/8/2026
2200 | DIA | Awareness | วันแม่ปีนี้ มอบสิ่งล้ำค่าแทนคำว่ารัก | 1 - 31 Aug 26,Awareness   - วันแม่ปีนี้ มอบสิ่งล้ำค่าแทนคำว่ารัก  - 1 - 31 AUG 26,2200 | DIA | Awareness | วันแม่ปีนี้ มอบสิ่งล้ำค่าแทนคำว่ารัก  - 1 - 31 AUG 26  [BKK],55-64,male,8074,11827,26,,20,THB,4.06148821,,0.16910459,105.5986935,1/8/2026,31/8/2026
2200 | DIA | Awareness | Wedding Package | 1 - 31 Aug 26,Awareness  - Wedding Package -1 - 31 Aug 26,2200 | DIA | Awareness  | Wedding Package | 1 - 31 Aug 26 [Other-Province],55-64,female,9940,12210,50,,34,THB,2.10575502,,0.27846028,105.2877509,1/8/2026,31/8/2026
2200 | DIA | Awareness | A gift of Grace A Present of Pearls | 1 - 31 Aug 26,Awareness   - A gift of Grace A Present of Pearls | 1 - 31 Aug 26,2200 | DIA |  Awareness | A gift of Grace A Present of Pearls | 1 - 31 Aug 26  [BKK],25-34,male,10294,12361,19,,27,THB,5.52977687,,0.21842893,105.0657605,1/8/2026,31/8/2026
"2200 | DIA | Awareness | More than a gift, moment that last - 16 - 31 Aug 26","Awareness   - More than a gift, moment that last - 16 - 31 Aug 26","2200 | DIA |  Awareness | More than a gift, moment that last - 16 - 31 Aug 26  [BKK]",45-54,male,9599,12094,17,,29,THB,6.15029344,,0.23978832,104.5549885,1/8/2026,31/8/2026
2200 | Pearl | Awareness | A gift of Grace A Present of Pearls | 1 - 31 Aug 26,Awareness  - Pearl - A gift of Grace A Present of Pearls | 1 - 31 Aug 26,2200 | Pearl |  Awareness | A gift of Grace A Present of Pearls | 1 - 31 Aug 26  [BKK],25-34,female,9352,11398,17,,25,THB,6.14690495,,0.21933673,104.4973842,1/8/2026,31/8/2026
"2200 | DIA | Awareness | More than a gift, moment that last - 16 - 31 Aug 26","Awareness  - More than a gift, moment that last - 16 - 31 Aug 26","2200 | DIA | Awareness  | More than a gift, moment that last - 16 - 31 Aug 26 [Other-Province]",65+,male,8034,11878,18,,24,THB,5.75634563,,0.20205422,103.6142213,1/8/2026,31/8/2026
2200 | DIA | Message  | To Mom with love and light | 1 - 15 Aug 26,Message - To Mom with love and light - 1 - 15 Aug 26,2200 | DIA | Message | To Mom with love and light | 1 - 15 Aug 26  [BKK],25-34,male,479,1116,16,1,35,THB,6.42858693,102.857391,3.13620072,102.857391,1/8/2026,31/8/2026
"2200 | DIA | Message  | More than a gift, moment that last - 16 - 31 Aug 26","Message - More than a gift, moment that last - 16 - 31 Aug 26","2200 | DIA | Message | More than a gift, moment that last - 16 - 31 Aug 26  [BKK]",65+,female,328,823,62,5,75,THB,1.63812888,20.31279807,9.11300122,101.5639904,1/8/2026,31/8/2026
"2200 | DIA | Awareness | More than a gift, moment that last - 16 - 31 Aug 26","Awareness  - More than a gift, moment that last - 16 - 31 Aug 26","2200 | DIA | Awareness  | More than a gift, moment that last - 16 - 31 Aug 26 [Other-Province]",45-54,female,9046,11481,39,1,51,THB,2.5557549,99.67444106,0.44421218,99.67444106,1/8/2026,31/8/2026
"2200 | DIA | Awareness | More than a gift, moment that last - 16 - 31 Aug 26","Awareness  - More than a gift, moment that last - 16 - 31 Aug 26","2200 | DIA | Awareness  | More than a gift, moment that last - 16 - 31 Aug 26 [Other-Province]",55-64,female,8504,11410,32,,41,THB,3.09420243,,0.35933392,99.01447786,1/8/2026,31/8/2026
2200 | DIA | Awareness | To Mom with love and light | 1 - 15 Aug 26,Awareness   - To Mom with love and light | 1 - 15 Aug 26,2200 | DIA |  Awareness | To Mom with love and light | 1 - 15 Aug 26  - 1 - 31 AUG 26  [BKK],25-34,female,10718,12124,35,,57,THB,2.8272951,,0.47014187,98.95532855,1/8/2026,31/8/2026
2200 | DIA | Awareness | To Mom with love and light | 1 - 15 Aug 26,Awareness  - To Mom with love and light | 1 - 15 Aug 26,2200 | DIA | Awareness  | To Mom with love and light | 1 - 15 Aug 26 [Other-Province],45-54,female,7958,11573,18,,17,THB,5.43480616,,0.14689363,97.82651086,1/8/2026,31/8/2026
2200 | DIA | Awareness | วันแม่ปีนี้ มอบสิ่งล้ำค่าแทนคำว่ารัก | 1 - 31 Aug 26,Awareness   - วันแม่ปีนี้ มอบสิ่งล้ำค่าแทนคำว่ารัก  - 1 - 31 AUG 26,2200 | DIA | Awareness | วันแม่ปีนี้ มอบสิ่งล้ำค่าแทนคำว่ารัก  - 1 - 31 AUG 26  [BKK],55-64,female,7809,10967,44,,40,THB,2.21565441,,0.36473056,97.48879384,1/8/2026,31/8/2026
"2200 | DIA | Awareness | More than a gift, moment that last - 16 - 31 Aug 26","Awareness  - More than a gift, moment that last - 16 - 31 Aug 26","2200 | DIA | Awareness  | More than a gift, moment that last - 16 - 31 Aug 26 [Other-Province]",65+,female,7636,11084,25,1,34,THB,3.86058469,96.51461728,0.30674847,96.51461728,1/8/2026,31/8/2026
"2200 | DIA | Awareness | More than a gift, moment that last - 16 - 31 Aug 26","Awareness   - More than a gift, moment that last - 16 - 31 Aug 26","2200 | DIA |  Awareness | More than a gift, moment that last - 16 - 31 Aug 26  [BKK]",65+,male,8488,10891,24,,36,THB,3.94314433,,0.33054816,94.63546393,1/8/2026,31/8/2026
2200 | DIA | Awareness | Wedding Package | 1 - 31 Aug 26,Awareness   - Wedding Package -1 - 31 Aug 26,2200 | DIA | Message | Wedding Package | 1 - 31 Aug 26  [BKK],35-44,female,9454,11126,60,,69,THB,1.566,,0.62016897,93.96,1/8/2026,31/8/2026
"2200 | DIA | Awareness | More than a gift, moment that last - 16 - 31 Aug 26","Awareness  - More than a gift, moment that last - 16 - 31 Aug 26","2200 | DIA | Awareness  | More than a gift, moment that last - 16 - 31 Aug 26 [Other-Province]",55-64,male,8221,10801,15,,25,THB,6.20832042,,0.23146005,93.12480634,1/8/2026,31/8/2026
2200 | Pearl | Message  | A gift of Grace A Present of Pearls | 1 - 31 Aug 26,Message - Pearl - A gift of Grace A Present of Pearls | 1 - 31 Aug 26,2200 | Pearl | Message | A gift of Grace A Present of Pearls | 1 - 31 Aug 26  [BKK],25-34,male,721,1386,23,5,49,THB,3.93043478,18.08,3.53535354,90.4,1/8/2026,31/8/2026
2200 | DIA | Message  | A gift of Grace A Present of Pearls | 1 - 31 Aug 26,Message - A gift of Grace A Present of Pearls | 1 - 31 Aug 26,2200 | DIA | Message | A gift of Grace A Present of Pearls | 1 - 31 Aug 26  [BKK],35-44,male,461,927,22,5,37,THB,3.97682814,17.4980438,3.99137001,87.49021898,1/8/2026,31/8/2026
2200 | DIA | Awareness | Wedding Package | 1 - 31 Aug 26,Awareness  - Wedding Package -1 - 31 Aug 26,2200 | DIA | Awareness  | Wedding Package | 1 - 31 Aug 26 [Other-Province],65+,female,7643,10055,30,,32,THB,2.86727208,,0.31824963,86.01816254,1/8/2026,31/8/2026
2200 | DIA | Awareness | To Mom with love and light | 1 - 15 Aug 26,Awareness  - To Mom with love and light | 1 - 15 Aug 26,2200 | DIA | Awareness  | To Mom with love and light | 1 - 15 Aug 26 [Other-Province],55-64,female,7128,10035,14,1,20,THB,6.11835321,85.65694491,0.19930244,85.65694491,1/8/2026,31/8/2026
"2200 | DIA | Message  | More than a gift, moment that last - 16 - 31 Aug 26","Message - More than a gift, moment that last - 16 - 31 Aug 26","2200 | DIA | Message | More than a gift, moment that last - 16 - 31 Aug 26  [BKK]",45-54,male,271,830,35,7,54,THB,2.42838112,12.14190561,6.5060241,84.9933393,1/8/2026,31/8/2026
2200 | Pearl | Message  | A gift of Grace A Present of Pearls | 1 - 31 Aug 26,Message - Pearl - A gift of Grace A Present of Pearls | 1 - 31 Aug 26,2200 | Pearl | Message | A gift of Grace A Present of Pearls | 1 - 31 Aug 26 [Other-Province],55-64,female,535,859,39,2,53,THB,2.15358974,41.995,6.16996508,83.99,1/8/2026,31/8/2026
2200 | DIA | Message  | A gift of Grace A Present of Pearls | 1 - 31 Aug 26,Message - A gift of Grace A Present of Pearls | 1 - 31 Aug 26,2200 | DIA | Message | A gift of Grace A Present of Pearls | 1 - 31 Aug 26  [BKK],25-34,male,469,1022,29,3,43,THB,2.8665589,27.71006936,4.2074364,83.13020807,1/8/2026,31/8/2026
2200 | DIA | Awareness | A gift of Grace A Present of Pearls | 1 - 31 Aug 26,Awareness  - A gift of Grace A Present of Pearls | 1 - 31 Aug 26,2200 | DIA | Awareness  | A gift of Grace A Present of Pearls | 1 - 31 Aug 26 [Other-Province],35-44,male,7124,9494,10,,17,THB,8.10974804,,0.17906046,81.09748043,1/8/2026,31/8/2026
2200 | DIA | Awareness | A gift of Grace A Present of Pearls | 1 - 31 Aug 26,Awareness   - A gift of Grace A Present of Pearls | 1 - 31 Aug 26,2200 | DIA |  Awareness | A gift of Grace A Present of Pearls | 1 - 31 Aug 26  [BKK],25-34,female,7647,9225,15,,24,THB,5.23978857,,0.2601626,78.59682854,1/8/2026,31/8/2026
2200 | Pearl | Awareness | A gift of Grace A Present of Pearls | 1 - 31 Aug 26,Awareness - Pearl - A gift of Grace A Present of Pearls | 1 - 31 Aug 26,2200 | Pearl | Awareness  | A gift of Grace A Present of Pearls | 1 - 31 Aug 26 [Other-Province],35-44,female,6269,7657,5,,8,THB,15.55340444,,0.10447956,77.76702218,1/8/2026,31/8/2026
2200 | DIA | Awareness | To Mom with love and light | 1 - 15 Aug 26,Awareness   - To Mom with love and light | 1 - 15 Aug 26,2200 | DIA |  Awareness | To Mom with love and light | 1 - 15 Aug 26  - 1 - 31 AUG 26  [BKK],35-44,male,8478,9515,13,,27,THB,5.97048738,,0.28376248,77.61633591,1/8/2026,31/8/2026
2200 | DIA | Awareness | วันแม่ปีนี้ มอบสิ่งล้ำค่าแทนคำว่ารัก | 1 - 31 Aug 26,Awareness   - วันแม่ปีนี้ มอบสิ่งล้ำค่าแทนคำว่ารัก  - 1 - 31 AUG 26,2200 | DIA | Awareness | วันแม่ปีนี้ มอบสิ่งล้ำค่าแทนคำว่ารัก  - 1 - 31 AUG 26  [BKK],65+,male,6040,8484,16,,11,THB,4.76431605,,0.12965582,76.22905687,1/8/2026,31/8/2026
2200 | DIA | Message  | A gift of Grace A Present of Pearls | 1 - 31 Aug 26,Message - A gift of Grace A Present of Pearls | 1 - 31 Aug 26,2200 | DIA | Message | A gift of Grace A Present of Pearls | 1 - 31 Aug 26  [BKK],18-24,female,431,1239,22,3,46,THB,3.28455368,24.08672695,3.71267151,72.26018086,1/8/2026,31/8/2026
"2200 | DIA | Message  | More than a gift, moment that last - 16 - 31 Aug 26","Message - More than a gift, moment that last - 16 - 31 Aug 26","2200 | DIA | Message | More than a gift, moment that last - 16 - 31 Aug 26  [BKK]",35-44,male,457,1354,31,1,59,THB,2.28267033,70.7627802,4.35745938,70.7627802,1/8/2026,31/8/2026
"2200 | DIA | Message  | More than a gift, moment that last - 16 - 31 Aug 26","Message - More than a gift, moment that last - 16 - 31 Aug 26","2200 | DIA | Message | More than a gift, moment that last - 16 - 31 Aug 26 [Other-Province]",55-64,female,368,792,42,5,59,THB,1.68380952,14.144,7.44949495,70.72,1/8/2026,31/8/2026
2200 | Pearl | Message  | A gift of Grace A Present of Pearls | 1 - 31 Aug 26,Message - Pearl - A gift of Grace A Present of Pearls | 1 - 31 Aug 26,2200 | Pearl | Message | A gift of Grace A Present of Pearls | 1 - 31 Aug 26  [BKK],18-24,female,746,1433,34,4,48,THB,2.05441176,17.4625,3.34961619,69.85,1/8/2026,31/8/2026
2200 | Pearl | Message  | A gift of Grace A Present of Pearls | 1 - 31 Aug 26,Message - Pearl - A gift of Grace A Present of Pearls | 1 - 31 Aug 26,2200 | Pearl | Message | A gift of Grace A Present of Pearls | 1 - 31 Aug 26  [BKK],45-54,male,342,660,18,2,31,THB,3.83388889,34.505,4.6969697,69.01,1/8/2026,31/8/2026
2200 | DIA | Message  | A gift of Grace A Present of Pearls | 1 - 31 Aug 26,Message - A gift of Grace A Present of Pearls | 1 - 31 Aug 26,2200 | DIA | Message | A gift of Grace A Present of Pearls | 1 - 31 Aug 26  [BKK],65+,female,319,550,30,1,44,THB,2.24133894,67.2401683,8,67.2401683,1/8/2026,31/8/2026
2200 | DIA | Awareness | วันแม่ปีนี้ มอบสิ่งล้ำค่าแทนคำว่ารัก | 1 - 31 Aug 26,Awareness   - วันแม่ปีนี้ มอบสิ่งล้ำค่าแทนคำว่ารัก  - 1 - 31 AUG 26,2200 | DIA | Awareness | วันแม่ปีนี้ มอบสิ่งล้ำค่าแทนคำว่ารัก  - 1 - 31 AUG 26  [BKK],65+,female,5361,7464,31,,23,THB,2.15287659,,0.30814577,66.73917429,1/8/2026,31/8/2026
2200 | Pearl | Awareness | A gift of Grace A Present of Pearls | 1 - 31 Aug 26,Awareness - Pearl - A gift of Grace A Present of Pearls | 1 - 31 Aug 26,2200 | Pearl | Awareness  | A gift of Grace A Present of Pearls | 1 - 31 Aug 26 [Other-Province],65+,female,4867,7281,7,1,9,THB,9.51963548,66.63744835,0.12360939,66.63744835,1/8/2026,31/8/2026
2200 | DIA | Message | Wedding Package | 1 - 31 Aug 26,Message - Wedding Package -1 - 31 Aug 26,2200 | DIA | Message | Wedding Package | 1 - 31 Aug 266  [BKK],55-64,female,89,210,28,,32,THB,2.36495367,,15.23809524,66.21870273,1/8/2026,31/8/2026
2200 | Pearl | Message  | A gift of Grace A Present of Pearls | 1 - 31 Aug 26,Message - Pearl - A gift of Grace A Present of Pearls | 1 - 31 Aug 26,2200 | Pearl | Message | A gift of Grace A Present of Pearls | 1 - 31 Aug 26  [BKK],65+,female,365,685,29,6,45,THB,2.2262069,10.76,6.56934307,64.56,1/8/2026,31/8/2026
2200 | DIA | Awareness | Wedding Package | 1 - 31 Aug 26,Awareness   - Wedding Package -1 - 31 Aug 26,2200 | DIA | Message | Wedding Package | 1 - 31 Aug 26  [BKK],45-54,male,6166,7388,24,,19,THB,2.68708333,,0.2571738,64.49,1/8/2026,31/8/2026
2200 | Pearl | Awareness | A gift of Grace A Present of Pearls | 1 - 31 Aug 26,Awareness - Pearl - A gift of Grace A Present of Pearls | 1 - 31 Aug 26,2200 | Pearl | Awareness  | A gift of Grace A Present of Pearls | 1 - 31 Aug 26 [Other-Province],45-54,male,5136,6647,8,,13,THB,8.02969253,,0.19557695,64.23754024,1/8/2026,31/8/2026
2200 | DIA | Message  | วันแม่ปีนี้ มอบสิ่งล้ำค่าแทนคำว่ารัก | 1 - 31 Aug 26,Message - วันแม่ปีนี้ มอบสิ่งล้ำค่าแทนคำว่ารัก  - 1 - 31 AUG 26,2200 | DIA | Message | วันแม่ปีนี้ มอบสิ่งล้ำค่าแทนคำว่ารัก  - 1 - 31 AUG 26  [BKK],25-34,male,200,627,39,1,46,THB,1.623648,63.32227216,7.33652313,63.32227216,1/8/2026,31/8/2026
2200 | DIA | Awareness | To Mom with love and light | 1 - 15 Aug 26,Awareness   - To Mom with love and light | 1 - 15 Aug 26,2200 | DIA |  Awareness | To Mom with love and light | 1 - 15 Aug 26  - 1 - 31 AUG 26  [BKK],35-44,female,6373,7737,24,,37,THB,2.59946062,,0.47822153,62.38705485,1/8/2026,31/8/2026
2200 | DIA | Message  | To Mom with love and light | 1 - 15 Aug 26,Message - To Mom with love and light - 1 - 15 Aug 26,2200 | DIA | Message | To Mom with love and light | 1 - 15 Aug 26 [Other-Province],35-44,male,308,670,18,1,35,THB,3.34888889,60.28,5.2238806,60.28,1/8/2026,31/8/2026
2200 | DIA | Awareness | A gift of Grace A Present of Pearls | 1 - 31 Aug 26,Awareness  - A gift of Grace A Present of Pearls | 1 - 31 Aug 26,2200 | DIA | Awareness  | A gift of Grace A Present of Pearls | 1 - 31 Aug 26 [Other-Province],35-44,female,5751,7072,17,,30,THB,3.50871452,,0.42420814,59.64814682,1/8/2026,31/8/2026
2200 | Pearl | Awareness | A gift of Grace A Present of Pearls | 1 - 31 Aug 26,Awareness - Pearl - A gift of Grace A Present of Pearls | 1 - 31 Aug 26,2200 | Pearl | Awareness  | A gift of Grace A Present of Pearls | 1 - 31 Aug 26 [Other-Province],45-54,female,4874,5945,12,,12,THB,4.909812,,0.20185029,58.91774395,1/8/2026,31/8/2026
2200 | DIA | Message  | วันแม่ปีนี้ มอบสิ่งล้ำค่าแทนคำว่ารัก | 1 - 31 Aug 26,Message - วันแม่ปีนี้ มอบสิ่งล้ำค่าแทนคำว่ารัก  - 1 - 31 AUG 26,2200 | DIA | Message | วันแม่ปีนี้ มอบสิ่งล้ำค่าแทนคำว่ารัก  - 1 - 31 AUG 26  [BKK],35-44,male,211,669,42,4,62,THB,1.3643573,14.32575169,9.26756353,57.30300675,1/8/2026,31/8/2026
2200 | Pearl | Awareness | A gift of Grace A Present of Pearls | 1 - 31 Aug 26,Awareness  - Pearl - A gift of Grace A Present of Pearls | 1 - 31 Aug 26,2200 | Pearl |  Awareness | A gift of Grace A Present of Pearls | 1 - 31 Aug 26  [BKK],35-44,male,5204,5879,4,,4,THB,14.03964856,,0.06803878,56.15859423,1/8/2026,31/8/2026
2200 | Pearl | Awareness | A gift of Grace A Present of Pearls | 1 - 31 Aug 26,Awareness - Pearl - A gift of Grace A Present of Pearls | 1 - 31 Aug 26,2200 | Pearl | Awareness  | A gift of Grace A Present of Pearls | 1 - 31 Aug 26 [Other-Province],55-64,female,4410,5744,10,1,11,THB,5.60378542,56.03785422,0.19150418,56.03785422,1/8/2026,31/8/2026
2200 | Pearl | Awareness | A gift of Grace A Present of Pearls | 1 - 31 Aug 26,Awareness - Pearl - A gift of Grace A Present of Pearls | 1 - 31 Aug 26,2200 | Pearl | Awareness  | A gift of Grace A Present of Pearls | 1 - 31 Aug 26 [Other-Province],65+,male,4027,5969,5,,6,THB,11.03957728,,0.10051935,55.19788639,1/8/2026,31/8/2026
2200 | DIA | Message  | วันแม่ปีนี้ มอบสิ่งล้ำค่าแทนคำว่ารัก | 1 - 31 Aug 26,Message - วันแม่ปีนี้ มอบสิ่งล้ำค่าแทนคำว่ารัก  - 1 - 31 AUG 26,2200 | DIA | Message | วันแม่ปีนี้ มอบสิ่งล้ำค่าแทนคำว่ารัก  - 1 - 31 AUG 26 [Other-Province],35-44,male,150,430,38,,54,THB,1.39052632,,12.55813953,52.84,1/8/2026,31/8/2026
2200 | DIA | Message  | To Mom with love and light | 1 - 15 Aug 26,Message - To Mom with love and light - 1 - 15 Aug 26,2200 | DIA | Message | To Mom with love and light | 1 - 15 Aug 26  [BKK],45-54,male,291,688,19,4,36,THB,2.7409831,13.01966975,5.23255814,52.07867899,1/8/2026,31/8/2026
"2200 | DIA | Message  | More than a gift, moment that last - 16 - 31 Aug 26","Message - More than a gift, moment that last - 16 - 31 Aug 26","2200 | DIA | Message | More than a gift, moment that last - 16 - 31 Aug 26  [BKK]",25-34,male,369,915,25,5,51,THB,1.98087783,9.90438913,5.57377049,49.52194567,1/8/2026,31/8/2026
2200 | DIA | Message  | วันแม่ปีนี้ มอบสิ่งล้ำค่าแทนคำว่ารัก | 1 - 31 Aug 26,Message - วันแม่ปีนี้ มอบสิ่งล้ำค่าแทนคำว่ารัก  - 1 - 31 AUG 26,2200 | DIA | Message | วันแม่ปีนี้ มอบสิ่งล้ำค่าแทนคำว่ารัก  - 1 - 31 AUG 26  [BKK],65+,female,97,305,25,1,32,THB,1.97215932,49.30398295,10.49180328,49.30398295,1/8/2026,31/8/2026
2200 | Pearl | Awareness | A gift of Grace A Present of Pearls | 1 - 31 Aug 26,Awareness - Pearl - A gift of Grace A Present of Pearls | 1 - 31 Aug 26,2200 | Pearl | Awareness  | A gift of Grace A Present of Pearls | 1 - 31 Aug 26 [Other-Province],55-64,male,3864,5098,6,,7,THB,8.05469157,,0.13730875,48.32814944,1/8/2026,31/8/2026
2200 | DIA | Awareness | Wedding Package | 1 - 31 Aug 26,Awareness   - Wedding Package -1 - 31 Aug 26,2200 | DIA | Message | Wedding Package | 1 - 31 Aug 26  [BKK],45-54,female,4743,5518,28,,25,THB,1.68642857,,0.4530627,47.22,1/8/2026,31/8/2026
2200 | DIA | Awareness | Wedding Package | 1 - 31 Aug 26,Awareness   - Wedding Package -1 - 31 Aug 26,2200 | DIA | Message | Wedding Package | 1 - 31 Aug 26  [BKK],55-64,male,4540,5401,16,,11,THB,2.903125,,0.20366599,46.45,1/8/2026,31/8/2026
2200 | DIA | Message | Wedding Package | 1 - 31 Aug 26,Message - Wedding Package -1 - 31 Aug 26,2200 | DIA | Message | Wedding Package | 1 - 31 Aug 266  [BKK],45-54,male,87,223,41,,41,THB,1.12509991,,18.38565022,46.1290963,1/8/2026,31/8/2026
2200 | DIA | Message  | A gift of Grace A Present of Pearls | 1 - 31 Aug 26,Message - A gift of Grace A Present of Pearls | 1 - 31 Aug 26,2200 | DIA | Message | A gift of Grace A Present of Pearls | 1 - 31 Aug 26  [BKK],45-54,male,207,437,17,1,30,THB,2.70177147,45.93011496,6.86498856,45.93011496,1/8/2026,31/8/2026
2200 | DIA | Message  | A gift of Grace A Present of Pearls | 1 - 31 Aug 26,Message - A gift of Grace A Present of Pearls | 1 - 31 Aug 26,2200 | DIA | Message | A gift of Grace A Present of Pearls | 1 - 31 Aug 26 [Other-Province],35-44,male,250,520,11,1,22,THB,4.0452901,44.49819108,4.23076923,44.49819108,1/8/2026,31/8/2026
2200 | DIA | Message  | วันแม่ปีนี้ มอบสิ่งล้ำค่าแทนคำว่ารัก | 1 - 31 Aug 26,Message - วันแม่ปีนี้ มอบสิ่งล้ำค่าแทนคำว่ารัก  - 1 - 31 AUG 26,2200 | DIA | Message | วันแม่ปีนี้ มอบสิ่งล้ำค่าแทนคำว่ารัก  - 1 - 31 AUG 26  [BKK],45-54,male,98,261,21,1,23,THB,2.11878904,44.49456989,8.81226054,44.49456989,1/8/2026,31/8/2026
2200 | DIA | Message  | To Mom with love and light | 1 - 15 Aug 26,Message - To Mom with love and light - 1 - 15 Aug 26,2200 | DIA | Message | To Mom with love and light | 1 - 15 Aug 26  [BKK],65+,female,203,518,26,1,43,THB,1.68495726,43.80888876,8.3011583,43.80888876,1/8/2026,31/8/2026
2200 | DIA | Awareness | Wedding Package | 1 - 31 Aug 26,Awareness   - Wedding Package -1 - 31 Aug 26,2200 | DIA | Message | Wedding Package | 1 - 31 Aug 26  [BKK],65+,male,3989,5056,12,,14,THB,3.63666667,,0.27689873,43.64,1/8/2026,31/8/2026
2200 | DIA | Message | Wedding Package | 1 - 31 Aug 26,Message - Wedding Package - 1 - 31 Aug 26,2200 | DIA | Message | Wedding Package | 1 - 31 Aug 26 [Other-Province],35-44,male,166,451,48,1,62,THB,0.9047113,43.42614234,13.74722838,43.42614234,1/8/2026,31/8/2026
2200 | Pearl | Message  | A gift of Grace A Present of Pearls | 1 - 31 Aug 26,Message - Pearl - A gift of Grace A Present of Pearls | 1 - 31 Aug 26,2200 | Pearl | Message | A gift of Grace A Present of Pearls | 1 - 31 Aug 26 [Other-Province],35-44,male,287,472,22,3,31,THB,1.97136364,14.45666667,6.56779661,43.37,1/8/2026,31/8/2026
2200 | DIA | Message  | To Mom with love and light | 1 - 15 Aug 26,Message - To Mom with love and light - 1 - 15 Aug 26,2200 | DIA | Message | To Mom with love and light | 1 - 15 Aug 26 [Other-Province],25-34,male,307,666,6,,23,THB,7.22,,3.45345345,43.32,1/8/2026,31/8/2026
2200 | DIA | Awareness | Wedding Package | 1 - 31 Aug 26,Awareness   - Wedding Package -1 - 31 Aug 26,2200 | DIA | Message | Wedding Package | 1 - 31 Aug 26  [BKK],55-64,female,4474,4951,23,,11,THB,1.84956522,,0.22217734,42.54,1/8/2026,31/8/2026
"2200 | DIA | Message  | More than a gift, moment that last - 16 - 31 Aug 26","Message - More than a gift, moment that last - 16 - 31 Aug 26","2200 | DIA | Message | More than a gift, moment that last - 16 - 31 Aug 26  [BKK]",55-64,male,86,273,15,3,24,THB,2.76344191,13.81720953,8.79120879,41.45162859,1/8/2026,31/8/2026
2200 | DIA | Awareness | A gift of Grace A Present of Pearls | 1 - 31 Aug 26,Awareness  - A gift of Grace A Present of Pearls | 1 - 31 Aug 26,2200 | DIA | Awareness  | A gift of Grace A Present of Pearls | 1 - 31 Aug 26 [Other-Province],45-54,male,3638,4853,11,,10,THB,3.757156,,0.20605811,41.32871598,1/8/2026,31/8/2026
2200 | DIA | Awareness | To Mom with love and light | 1 - 15 Aug 26,Awareness   - To Mom with love and light | 1 - 15 Aug 26,2200 | DIA |  Awareness | To Mom with love and light | 1 - 15 Aug 26  - 1 - 31 AUG 26  [BKK],45-54,male,4133,4867,10,1,16,THB,4.09480669,40.94806694,0.32874461,40.94806694,1/8/2026,31/8/2026
2200 | DIA | Awareness | A gift of Grace A Present of Pearls | 1 - 31 Aug 26,Awareness  - A gift of Grace A Present of Pearls | 1 - 31 Aug 26,2200 | DIA | Awareness  | A gift of Grace A Present of Pearls | 1 - 31 Aug 26 [Other-Province],65+,male,3333,4758,7,1,8,THB,5.79981981,40.59873866,0.16813787,40.59873866,1/8/2026,31/8/2026
2200 | DIA | Awareness | A gift of Grace A Present of Pearls | 1 - 31 Aug 26,Awareness  - A gift of Grace A Present of Pearls | 1 - 31 Aug 26,2200 | DIA | Awareness  | A gift of Grace A Present of Pearls | 1 - 31 Aug 26 [Other-Province],65+,female,3297,4633,6,,7,THB,6.64146033,,0.15109001,39.84876196,1/8/2026,31/8/2026
2200 | DIA | Awareness | To Mom with love and light | 1 - 15 Aug 26,Awareness   - To Mom with love and light | 1 - 15 Aug 26,2200 | DIA |  Awareness | To Mom with love and light | 1 - 15 Aug 26  - 1 - 31 AUG 26  [BKK],45-54,female,4082,4760,12,,16,THB,3.3173434,,0.33613445,39.80812075,1/8/2026,31/8/2026
2200 | DIA | Awareness | To Mom with love and light | 1 - 15 Aug 26,Awareness   - To Mom with love and light | 1 - 15 Aug 26,2200 | DIA |  Awareness | To Mom with love and light | 1 - 15 Aug 26  - 1 - 31 AUG 26  [BKK],55-64,female,3948,4517,18,1,25,THB,2.11989992,38.15819864,0.55346469,38.15819864,1/8/2026,31/8/2026
2200 | DIA | Awareness | A gift of Grace A Present of Pearls | 1 - 31 Aug 26,Awareness  - A gift of Grace A Present of Pearls | 1 - 31 Aug 26,2200 | DIA | Awareness  | A gift of Grace A Present of Pearls | 1 - 31 Aug 26 [Other-Province],45-54,female,3453,4481,9,1,10,THB,4.22542428,38.0288185,0.22316447,38.0288185,1/8/2026,31/8/2026
2200 | DIA | Awareness | To Mom with love and light | 1 - 15 Aug 26,Awareness   - To Mom with love and light | 1 - 15 Aug 26,2200 | DIA |  Awareness | To Mom with love and light | 1 - 15 Aug 26  - 1 - 31 AUG 26  [BKK],55-64,male,3662,4377,5,,7,THB,7.40165059,,0.15992689,37.00825293,1/8/2026,31/8/2026
2200 | DIA | Message  | A gift of Grace A Present of Pearls | 1 - 31 Aug 26,Message - A gift of Grace A Present of Pearls | 1 - 31 Aug 26,2200 | DIA | Message | A gift of Grace A Present of Pearls | 1 - 31 Aug 26 [Other-Province],25-34,male,288,589,6,,12,THB,6.01142229,,2.03735144,36.06853376,1/8/2026,31/8/2026
2200 | DIA | Awareness | Wedding Package | 1 - 31 Aug 26,Awareness   - Wedding Package -1 - 31 Aug 26,2200 | DIA | Message | Wedding Package | 1 - 31 Aug 26  [BKK],65+,female,3316,3973,9,,17,THB,3.83444444,,0.42788825,34.51,1/8/2026,31/8/2026
2200 | Pearl | Awareness | A gift of Grace A Present of Pearls | 1 - 31 Aug 26,Awareness  - Pearl - A gift of Grace A Present of Pearls | 1 - 31 Aug 26,2200 | Pearl |  Awareness | A gift of Grace A Present of Pearls | 1 - 31 Aug 26  [BKK],45-54,male,3062,3605,1,,6,THB,34.19914392,,0.16643551,34.19914392,1/8/2026,31/8/2026
2200 | DIA | Message  | วันแม่ปีนี้ มอบสิ่งล้ำค่าแทนคำว่ารัก | 1 - 31 Aug 26,Message - วันแม่ปีนี้ มอบสิ่งล้ำค่าแทนคำว่ารัก  - 1 - 31 AUG 26,2200 | DIA | Message | วันแม่ปีนี้ มอบสิ่งล้ำค่าแทนคำว่ารัก  - 1 - 31 AUG 26 [Other-Province],65+,female,74,323,32,1,37,THB,1.040625,33.3,11.45510836,33.3,1/8/2026,31/8/2026
2200 | DIA | Message  | A gift of Grace A Present of Pearls | 1 - 31 Aug 26,Message - A gift of Grace A Present of Pearls | 1 - 31 Aug 26,2200 | DIA | Message | A gift of Grace A Present of Pearls | 1 - 31 Aug 26 [Other-Province],18-24,female,278,570,16,3,21,THB,2.05241657,10.94622169,3.68421053,32.83866506,1/8/2026,31/8/2026
2200 | Pearl | Awareness | A gift of Grace A Present of Pearls | 1 - 31 Aug 26,Awareness  - Pearl - A gift of Grace A Present of Pearls | 1 - 31 Aug 26,2200 | Pearl |  Awareness | A gift of Grace A Present of Pearls | 1 - 31 Aug 26  [BKK],35-44,female,2834,3307,9,,9,THB,3.52546731,,0.27214998,31.72920575,1/8/2026,31/8/2026
2200 | DIA | Awareness | A gift of Grace A Present of Pearls | 1 - 31 Aug 26,Awareness  - A gift of Grace A Present of Pearls | 1 - 31 Aug 26,2200 | DIA | Awareness  | A gift of Grace A Present of Pearls | 1 - 31 Aug 26 [Other-Province],55-64,male,2752,3648,5,,7,THB,6.27380508,,0.19188596,31.36902541,1/8/2026,31/8/2026
2200 | DIA | Awareness | To Mom with love and light | 1 - 15 Aug 26,Awareness   - To Mom with love and light | 1 - 15 Aug 26,2200 | DIA |  Awareness | To Mom with love and light | 1 - 15 Aug 26  - 1 - 31 AUG 26  [BKK],65+,male,2924,3598,3,,5,THB,10.07285782,,0.13896609,30.21857345,1/8/2026,31/8/2026
2200 | DIA | Awareness | A gift of Grace A Present of Pearls | 1 - 31 Aug 26,Awareness  - A gift of Grace A Present of Pearls | 1 - 31 Aug 26,2200 | DIA | Awareness  | A gift of Grace A Present of Pearls | 1 - 31 Aug 26 [Other-Province],55-64,female,2796,3564,7,,9,THB,4.27986703,,0.25252525,29.95906922,1/8/2026,31/8/2026
2200 | DIA | Awareness | A gift of Grace A Present of Pearls | 1 - 31 Aug 26,Awareness   - A gift of Grace A Present of Pearls | 1 - 31 Aug 26,2200 | DIA |  Awareness | A gift of Grace A Present of Pearls | 1 - 31 Aug 26  [BKK],35-44,male,2947,3453,4,,5,THB,7.41220091,,0.14480162,29.64880364,1/8/2026,31/8/2026
2200 | Pearl | Awareness | A gift of Grace A Present of Pearls | 1 - 31 Aug 26,Awareness  - Pearl - A gift of Grace A Present of Pearls | 1 - 31 Aug 26,2200 | Pearl |  Awareness | A gift of Grace A Present of Pearls | 1 - 31 Aug 26  [BKK],55-64,male,2782,3272,3,1,6,THB,9.83308719,29.49926157,0.18337408,29.49926157,1/8/2026,31/8/2026
2200 | DIA | Message  | To Mom with love and light | 1 - 15 Aug 26,Message - To Mom with love and light - 1 - 15 Aug 26,2200 | DIA | Message | To Mom with love and light | 1 - 15 Aug 26  [BKK],55-64,male,108,240,9,2,15,THB,3.10325462,13.96464578,6.25,27.92929156,1/8/2026,31/8/2026
2200 | DIA | Awareness | To Mom with love and light | 1 - 15 Aug 26,Awareness   - To Mom with love and light | 1 - 15 Aug 26,2200 | DIA |  Awareness | To Mom with love and light | 1 - 15 Aug 26  - 1 - 31 AUG 26  [BKK],65+,female,2825,3253,18,,20,THB,1.54603813,,0.61481709,27.82868627,1/8/2026,31/8/2026
2200 | Pearl | Awareness | A gift of Grace A Present of Pearls | 1 - 31 Aug 26,Awareness  - Pearl - A gift of Grace A Present of Pearls | 1 - 31 Aug 26,2200 | Pearl |  Awareness | A gift of Grace A Present of Pearls | 1 - 31 Aug 26  [BKK],65+,female,2408,3053,2,,3,THB,13.71965657,,0.098264,27.43931314,1/8/2026,31/8/2026
2200 | Pearl | Awareness | A gift of Grace A Present of Pearls | 1 - 31 Aug 26,Awareness  - Pearl - A gift of Grace A Present of Pearls | 1 - 31 Aug 26,2200 | Pearl |  Awareness | A gift of Grace A Present of Pearls | 1 - 31 Aug 26  [BKK],55-64,female,2532,2967,4,,5,THB,6.67983279,,0.16852039,26.71933116,1/8/2026,31/8/2026
2200 | DIA | Message  | วันแม่ปีนี้ มอบสิ่งล้ำค่าแทนคำว่ารัก | 1 - 31 Aug 26,Message - วันแม่ปีนี้ มอบสิ่งล้ำค่าแทนคำว่ารัก  - 1 - 31 AUG 26,2200 | DIA | Message | วันแม่ปีนี้ มอบสิ่งล้ำค่าแทนคำว่ารัก  - 1 - 31 AUG 26 [Other-Province],25-34,male,153,349,21,1,28,THB,1.26619048,26.59,8.02292264,26.59,1/8/2026,31/8/2026
2200 | Pearl | Awareness | A gift of Grace A Present of Pearls | 1 - 31 Aug 26,Awareness  - Pearl - A gift of Grace A Present of Pearls | 1 - 31 Aug 26,2200 | Pearl |  Awareness | A gift of Grace A Present of Pearls | 1 - 31 Aug 26  [BKK],45-54,female,2426,2782,3,,6,THB,8.76311397,,0.21567218,26.28934192,1/8/2026,31/8/2026
2200 | Pearl | Awareness | A gift of Grace A Present of Pearls | 1 - 31 Aug 26,Awareness  - Pearl - A gift of Grace A Present of Pearls | 1 - 31 Aug 26,2200 | Pearl |  Awareness | A gift of Grace A Present of Pearls | 1 - 31 Aug 26  [BKK],65+,male,2299,2936,8,,9,THB,3.27491802,,0.30653951,26.19934417,1/8/2026,31/8/2026
2200 | Pearl | Message  | A gift of Grace A Present of Pearls | 1 - 31 Aug 26,Message - Pearl - A gift of Grace A Present of Pearls | 1 - 31 Aug 26,2200 | Pearl | Message | A gift of Grace A Present of Pearls | 1 - 31 Aug 26 [Other-Province],25-34,male,250,427,10,,14,THB,2.617,,3.27868852,26.17,1/8/2026,31/8/2026
2200 | DIA | Message  | To Mom with love and light | 1 - 15 Aug 26,Message - To Mom with love and light - 1 - 15 Aug 26,2200 | DIA | Message | To Mom with love and light | 1 - 15 Aug 26 [Other-Province],45-54,male,153,350,15,,24,THB,1.74466667,,6.85714286,26.17,1/8/2026,31/8/2026
2200 | DIA | Awareness | A gift of Grace A Present of Pearls | 1 - 31 Aug 26,Awareness   - A gift of Grace A Present of Pearls | 1 - 31 Aug 26,2200 | DIA |  Awareness | A gift of Grace A Present of Pearls | 1 - 31 Aug 26  [BKK],35-44,female,2493,3031,7,,12,THB,3.62556799,,0.39590894,25.37897593,1/8/2026,31/8/2026
2200 | DIA | Message | Wedding Package | 1 - 31 Aug 26,Message - Wedding Package - 1 - 31 Aug 26,2200 | DIA | Message | Wedding Package | 1 - 31 Aug 26 [Other-Province],45-54,male,48,120,8,,12,THB,3.01973175,,10,24.15785399,1/8/2026,31/8/2026
2200 | DIA | Message  | วันแม่ปีนี้ มอบสิ่งล้ำค่าแทนคำว่ารัก | 1 - 31 Aug 26,Message - วันแม่ปีนี้ มอบสิ่งล้ำค่าแทนคำว่ารัก  - 1 - 31 AUG 26,2200 | DIA | Message | วันแม่ปีนี้ มอบสิ่งล้ำค่าแทนคำว่ารัก  - 1 - 31 AUG 26 [Other-Province],45-54,male,76,171,6,,9,THB,3.98166667,,5.26315789,23.89,1/8/2026,31/8/2026
2200 | DIA | Message  | A gift of Grace A Present of Pearls | 1 - 31 Aug 26,Message - A gift of Grace A Present of Pearls | 1 - 31 Aug 26,2200 | DIA | Message | A gift of Grace A Present of Pearls | 1 - 31 Aug 26 [Other-Province],65+,female,146,286,6,,7,THB,3.8448437,,2.44755245,23.06906221,1/8/2026,31/8/2026
2200 | DIA | Message | Wedding Package | 1 - 31 Aug 26,Message - Wedding Package -1 - 31 Aug 26,2200 | DIA | Message | Wedding Package | 1 - 31 Aug 266  [BKK],65+,female,37,95,9,,10,THB,2.50550647,,10.52631579,22.54955824,1/8/2026,31/8/2026
2200 | DIA | Message | Wedding Package | 1 - 31 Aug 26,Message - Wedding Package - 1 - 31 Aug 26,2200 | DIA | Message | Wedding Package | 1 - 31 Aug 26 [Other-Province],25-34,unknown,16,63,6,,8,THB,3.71800305,,12.6984127,22.30801832,1/8/2026,31/8/2026
2200 | DIA | Message  | A gift of Grace A Present of Pearls | 1 - 31 Aug 26,Message - A gift of Grace A Present of Pearls | 1 - 31 Aug 26,2200 | DIA | Message | A gift of Grace A Present of Pearls | 1 - 31 Aug 26  [BKK],55-64,male,74,184,12,4,16,THB,1.85500464,5.56501393,8.69565217,22.26005571,1/8/2026,31/8/2026
2200 | DIA | Message  | To Mom with love and light | 1 - 15 Aug 26,Message - To Mom with love and light - 1 - 15 Aug 26,2200 | DIA | Message | To Mom with love and light | 1 - 15 Aug 26 [Other-Province],65+,male,19,39,5,1,3,THB,4.378,21.89,7.69230769,21.89,1/8/2026,31/8/2026
2200 | DIA | Message  | To Mom with love and light | 1 - 15 Aug 26,Message - To Mom with love and light - 1 - 15 Aug 26,2200 | DIA | Message | To Mom with love and light | 1 - 15 Aug 26  [BKK],65+,male,42,84,4,1,7,THB,5.36736385,21.46945541,8.33333333,21.46945541,1/8/2026,31/8/2026
2200 | Pearl | Message  | A gift of Grace A Present of Pearls | 1 - 31 Aug 26,Message - Pearl - A gift of Grace A Present of Pearls | 1 - 31 Aug 26,2200 | Pearl | Message | A gift of Grace A Present of Pearls | 1 - 31 Aug 26 [Other-Province],18-24,male,44,68,,,0,THB,,,0,21.33,1/8/2026,31/8/2026
2200 | DIA | Message  | A gift of Grace A Present of Pearls | 1 - 31 Aug 26,Message - A gift of Grace A Present of Pearls | 1 - 31 Aug 26,2200 | DIA | Message | A gift of Grace A Present of Pearls | 1 - 31 Aug 26  [BKK],35-44,unknown,52,118,18,4,14,THB,1.17000293,5.26501318,11.86440678,21.06005271,1/8/2026,31/8/2026
2200 | DIA | Message  | To Mom with love and light | 1 - 15 Aug 26,Message - To Mom with love and light - 1 - 15 Aug 26,2200 | DIA | Message | To Mom with love and light | 1 - 15 Aug 26 [Other-Province],65+,female,118,262,11,3,20,THB,1.89,6.93,7.63358779,20.79,1/8/2026,31/8/2026
2200 | DIA | Awareness | A gift of Grace A Present of Pearls | 1 - 31 Aug 26,Awareness  - A gift of Grace A Present of Pearls | 1 - 31 Aug 26,2200 | DIA | Awareness  | A gift of Grace A Present of Pearls | 1 - 31 Aug 26 [Other-Province],18-24,unknown,1314,2365,2,,4,THB,10.07968684,,0.16913319,20.15937368,1/8/2026,31/8/2026
2200 | Pearl | Message  | A gift of Grace A Present of Pearls | 1 - 31 Aug 26,Message - Pearl - A gift of Grace A Present of Pearls | 1 - 31 Aug 26,2200 | Pearl | Message | A gift of Grace A Present of Pearls | 1 - 31 Aug 26  [BKK],18-24,male,128,286,3,,8,THB,6.62666667,,2.7972028,19.88,1/8/2026,31/8/2026
2200 | DIA | Message  | วันแม่ปีนี้ มอบสิ่งล้ำค่าแทนคำว่ารัก | 1 - 31 Aug 26,Message - วันแม่ปีนี้ มอบสิ่งล้ำค่าแทนคำว่ารัก  - 1 - 31 AUG 26,2200 | DIA | Message | วันแม่ปีนี้ มอบสิ่งล้ำค่าแทนคำว่ารัก  - 1 - 31 AUG 26  [BKK],55-64,male,38,99,7,,9,THB,2.81965589,,9.09090909,19.73759123,1/8/2026,31/8/2026
2200 | DIA | Message | Wedding Package | 1 - 31 Aug 26,Message - Wedding Package -1 - 31 Aug 26,2200 | DIA | Message | Wedding Package | 1 - 31 Aug 266  [BKK],25-34,unknown,18,57,4,1,6,THB,4.83240533,19.32962132,10.52631579,19.32962132,1/8/2026,31/8/2026
2200 | DIA | Message | Wedding Package | 1 - 31 Aug 26,Message - Wedding Package - 1 - 31 Aug 26,2200 | DIA | Message | Wedding Package | 1 - 31 Aug 26 [Other-Province],55-64,male,12,35,3,,3,THB,6.2361127,,8.57142857,18.70833809,1/8/2026,31/8/2026
2200 | DIA | Message | Wedding Package | 1 - 31 Aug 26,Message - Wedding Package - 1 - 31 Aug 26,2200 | DIA | Message | Wedding Package | 1 - 31 Aug 26 [Other-Province],55-64,female,64,128,12,,14,THB,1.55486188,,10.9375,18.65834253,1/8/2026,31/8/2026
2200 | DIA | Message  | To Mom with love and light | 1 - 15 Aug 26,Message - To Mom with love and light - 1 - 15 Aug 26,2200 | DIA | Message | To Mom with love and light | 1 - 15 Aug 26  [BKK],35-44,unknown,38,83,,,3,THB,,,3.61445783,18.30953557,1/8/2026,31/8/2026
2200 | DIA | Message | Wedding Package | 1 - 31 Aug 26,Message - Wedding Package - 1 - 31 Aug 26,2200 | DIA | Message | Wedding Package | 1 - 31 Aug 26 [Other-Province],35-44,unknown,9,37,2,,2,THB,9.14918725,,5.40540541,18.29837451,1/8/2026,31/8/2026
2200 | Pearl | Message  | A gift of Grace A Present of Pearls | 1 - 31 Aug 26,Message - Pearl - A gift of Grace A Present of Pearls | 1 - 31 Aug 26,2200 | Pearl | Message | A gift of Grace A Present of Pearls | 1 - 31 Aug 26  [BKK],55-64,male,106,163,9,1,14,THB,1.93222222,17.39,8.58895706,17.39,1/8/2026,31/8/2026
2200 | DIA | Message | Wedding Package | 1 - 31 Aug 26,Message - Wedding Package -1 - 31 Aug 26,2200 | DIA | Message | Wedding Package | 1 - 31 Aug 266  [BKK],35-44,unknown,14,42,8,1,11,THB,2.16995749,17.35965991,26.19047619,17.35965991,1/8/2026,31/8/2026
"2200 | DIA | Message  | More than a gift, moment that last - 16 - 31 Aug 26","Message - More than a gift, moment that last - 16 - 31 Aug 26","2200 | DIA | Message | More than a gift, moment that last - 16 - 31 Aug 26 [Other-Province]",35-44,male,129,254,13,1,22,THB,1.29230769,16.8,8.66141732,16.8,1/8/2026,31/8/2026
2200 | DIA | Awareness | A gift of Grace A Present of Pearls | 1 - 31 Aug 26,Awareness   - A gift of Grace A Present of Pearls | 1 - 31 Aug 26,2200 | DIA |  Awareness | A gift of Grace A Present of Pearls | 1 - 31 Aug 26  [BKK],45-54,male,1582,1956,1,,1,THB,16.70932576,,0.05112474,16.70932576,1/8/2026,31/8/2026
2200 | DIA | Message  | To Mom with love and light | 1 - 15 Aug 26,Message - To Mom with love and light - 1 - 15 Aug 26,2200 | DIA | Message | To Mom with love and light | 1 - 15 Aug 26 [Other-Province],55-64,male,60,138,3,,9,THB,5.48,,6.52173913,16.44,1/8/2026,31/8/2026
2200 | DIA | Message  | A gift of Grace A Present of Pearls | 1 - 31 Aug 26,Message - A gift of Grace A Present of Pearls | 1 - 31 Aug 26,2200 | DIA | Message | A gift of Grace A Present of Pearls | 1 - 31 Aug 26 [Other-Province],45-54,male,111,283,7,2,12,THB,2.32419123,8.13466931,4.24028269,16.26933863,1/8/2026,31/8/2026
2200 | DIA | Awareness | A gift of Grace A Present of Pearls | 1 - 31 Aug 26,Awareness   - A gift of Grace A Present of Pearls | 1 - 31 Aug 26,2200 | DIA |  Awareness | A gift of Grace A Present of Pearls | 1 - 31 Aug 26  [BKK],45-54,female,1615,1922,5,,8,THB,3.23586943,,0.41623309,16.17934715,1/8/2026,31/8/2026
2200 | DIA | Message  | To Mom with love and light | 1 - 15 Aug 26,Message - To Mom with love and light - 1 - 15 Aug 26,2200 | DIA | Message | To Mom with love and light | 1 - 15 Aug 26 [Other-Province],35-44,unknown,19,56,,,0,THB,,,0,16.16,1/8/2026,31/8/2026
2200 | Pearl | Message  | A gift of Grace A Present of Pearls | 1 - 31 Aug 26,Message - Pearl - A gift of Grace A Present of Pearls | 1 - 31 Aug 26,2200 | Pearl | Message | A gift of Grace A Present of Pearls | 1 - 31 Aug 26 [Other-Province],18-24,female,231,333,5,1,9,THB,3.09,15.45,2.7027027,15.45,1/8/2026,31/8/2026
2200 | DIA | Message | Wedding Package | 1 - 31 Aug 26,Message - Wedding Package -1 - 31 Aug 26,2200 | DIA | Message | Wedding Package | 1 - 31 Aug 266  [BKK],55-64,male,19,59,10,,13,THB,1.49297075,,22.03389831,14.92970752,1/8/2026,31/8/2026
2200 | DIA | Awareness | A gift of Grace A Present of Pearls | 1 - 31 Aug 26,Awareness   - A gift of Grace A Present of Pearls | 1 - 31 Aug 26,2200 | DIA |  Awareness | A gift of Grace A Present of Pearls | 1 - 31 Aug 26  [BKK],55-64,female,1452,1654,2,,4,THB,7.02971634,,0.24183797,14.05943269,1/8/2026,31/8/2026
2200 | DIA | Awareness | A gift of Grace A Present of Pearls | 1 - 31 Aug 26,Awareness   - A gift of Grace A Present of Pearls | 1 - 31 Aug 26,2200 | DIA |  Awareness | A gift of Grace A Present of Pearls | 1 - 31 Aug 26  [BKK],65+,male,1297,1636,3,,2,THB,4.62647998,,0.12224939,13.87943995,1/8/2026,31/8/2026
2200 | DIA | Awareness | A gift of Grace A Present of Pearls | 1 - 31 Aug 26,Awareness   - A gift of Grace A Present of Pearls | 1 - 31 Aug 26,2200 | DIA |  Awareness | A gift of Grace A Present of Pearls | 1 - 31 Aug 26  [BKK],65+,female,1294,1575,1,,1,THB,13.58945165,,0.06349206,13.58945165,1/8/2026,31/8/2026
2200 | Pearl | Message  | A gift of Grace A Present of Pearls | 1 - 31 Aug 26,Message - Pearl - A gift of Grace A Present of Pearls | 1 - 31 Aug 26,2200 | Pearl | Message | A gift of Grace A Present of Pearls | 1 - 31 Aug 26 [Other-Province],45-54,male,119,188,2,1,6,THB,6.74,13.48,3.19148936,13.48,1/8/2026,31/8/2026
2200 | DIA | Awareness | A gift of Grace A Present of Pearls | 1 - 31 Aug 26,Awareness   - A gift of Grace A Present of Pearls | 1 - 31 Aug 26,2200 | DIA |  Awareness | A gift of Grace A Present of Pearls | 1 - 31 Aug 26  [BKK],55-64,male,1297,1572,1,,2,THB,13.28946376,,0.12722646,13.28946376,1/8/2026,31/8/2026
2200 | DIA | Awareness | To Mom with love and light | 1 - 15 Aug 26,Awareness  - To Mom with love and light | 1 - 15 Aug 26,2200 | DIA | Awareness  | To Mom with love and light | 1 - 15 Aug 26 [Other-Province],25-34,unknown,920,1542,1,,1,THB,13.0795335,,0.06485084,13.0795335,1/8/2026,31/8/2026
2200 | Pearl | Message  | A gift of Grace A Present of Pearls | 1 - 31 Aug 26,Message - Pearl - A gift of Grace A Present of Pearls | 1 - 31 Aug 26,2200 | Pearl | Message | A gift of Grace A Present of Pearls | 1 - 31 Aug 26 [Other-Province],65+,female,112,184,9,,12,THB,1.37111111,,6.52173913,12.34,1/8/2026,31/8/2026
2200 | DIA | Message  | A gift of Grace A Present of Pearls | 1 - 31 Aug 26,Message - A gift of Grace A Present of Pearls | 1 - 31 Aug 26,2200 | DIA | Message | A gift of Grace A Present of Pearls | 1 - 31 Aug 26 [Other-Province],35-44,unknown,25,78,1,,1,THB,12.13950651,,1.28205128,12.13950651,1/8/2026,31/8/2026
2200 | Pearl | Awareness | A gift of Grace A Present of Pearls | 1 - 31 Aug 26,Awareness - Pearl - A gift of Grace A Present of Pearls | 1 - 31 Aug 26,2200 | Pearl | Awareness  | A gift of Grace A Present of Pearls | 1 - 31 Aug 26 [Other-Province],18-24,unknown,817,1334,,,1,THB,,,0.07496252,11.94954243,1/8/2026,31/8/2026
"2200 | DIA | Message  | More than a gift, moment that last - 16 - 31 Aug 26","Message - More than a gift, moment that last - 16 - 31 Aug 26","2200 | DIA | Message | More than a gift, moment that last - 16 - 31 Aug 26 [Other-Province]",25-34,male,111,261,5,,12,THB,2.236,,4.59770115,11.18,1/8/2026,31/8/2026
"2200 | DIA | Message  | More than a gift, moment that last - 16 - 31 Aug 26","Message - More than a gift, moment that last - 16 - 31 Aug 26","2200 | DIA | Message | More than a gift, moment that last - 16 - 31 Aug 26 [Other-Province]",65+,female,66,130,3,,5,THB,3.65666667,,3.84615385,10.97,1/8/2026,31/8/2026
"2200 | DIA | Message  | More than a gift, moment that last - 16 - 31 Aug 26","Message - More than a gift, moment that last - 16 - 31 Aug 26","2200 | DIA | Message | More than a gift, moment that last - 16 - 31 Aug 26 [Other-Province]",45-54,male,55,110,3,,6,THB,3.47666667,,5.45454545,10.43,1/8/2026,31/8/2026
2200 | DIA | Message  | วันแม่ปีนี้ มอบสิ่งล้ำค่าแทนคำว่ารัก | 1 - 31 Aug 26,Message - วันแม่ปีนี้ มอบสิ่งล้ำค่าแทนคำว่ารัก  - 1 - 31 AUG 26,2200 | DIA | Message | วันแม่ปีนี้ มอบสิ่งล้ำค่าแทนคำว่ารัก  - 1 - 31 AUG 26  [BKK],35-44,unknown,20,42,1,,3,THB,9.69881636,,7.14285714,9.69881636,1/8/2026,31/8/2026
2200 | DIA | Message | Wedding Package | 1 - 31 Aug 26,Message - Wedding Package - 1 - 31 Aug 26,2200 | DIA | Message | Wedding Package | 1 - 31 Aug 26 [Other-Province],65+,male,4,4,1,,1,THB,9.58914817,,25,9.58914817,1/8/2026,31/8/2026
2200 | DIA | Message  | วันแม่ปีนี้ มอบสิ่งล้ำค่าแทนคำว่ารัก | 1 - 31 Aug 26,Message - วันแม่ปีนี้ มอบสิ่งล้ำค่าแทนคำว่ารัก  - 1 - 31 AUG 26,2200 | DIA | Message | วันแม่ปีนี้ มอบสิ่งล้ำค่าแทนคำว่ารัก  - 1 - 31 AUG 26 [Other-Province],55-64,male,23,66,4,,3,THB,2.3675,,4.54545455,9.47,1/8/2026,31/8/2026
2200 | DIA | Message  | A gift of Grace A Present of Pearls | 1 - 31 Aug 26,Message - A gift of Grace A Present of Pearls | 1 - 31 Aug 26,2200 | DIA | Message | A gift of Grace A Present of Pearls | 1 - 31 Aug 26  [BKK],18-24,male,52,144,2,,6,THB,4.65001164,,4.16666667,9.30002328,1/8/2026,31/8/2026
2200 | Pearl | Message  | A gift of Grace A Present of Pearls | 1 - 31 Aug 26,Message - Pearl - A gift of Grace A Present of Pearls | 1 - 31 Aug 26,2200 | Pearl | Message | A gift of Grace A Present of Pearls | 1 - 31 Aug 26  [BKK],45-54,unknown,34,60,2,1,5,THB,4.575,9.15,8.33333333,9.15,1/8/2026,31/8/2026
2200 | DIA | Message  | วันแม่ปีนี้ มอบสิ่งล้ำค่าแทนคำว่ารัก | 1 - 31 Aug 26,Message - วันแม่ปีนี้ มอบสิ่งล้ำค่าแทนคำว่ารัก  - 1 - 31 AUG 26,2200 | DIA | Message | วันแม่ปีนี้ มอบสิ่งล้ำค่าแทนคำว่ารัก  - 1 - 31 AUG 26 [Other-Province],25-34,unknown,13,37,1,,1,THB,8.85,,2.7027027,8.85,1/8/2026,31/8/2026
"2200 | DIA | Message  | More than a gift, moment that last - 16 - 31 Aug 26","Message - More than a gift, moment that last - 16 - 31 Aug 26","2200 | DIA | Message | More than a gift, moment that last - 16 - 31 Aug 26  [BKK]",35-44,unknown,47,127,1,,5,THB,8.20032218,,3.93700787,8.20032218,1/8/2026,31/8/2026
"2200 | DIA | Message  | More than a gift, moment that last - 16 - 31 Aug 26","Message - More than a gift, moment that last - 16 - 31 Aug 26","2200 | DIA | Message | More than a gift, moment that last - 16 - 31 Aug 26  [BKK]",25-34,unknown,29,90,6,1,14,THB,1.36505363,8.19032179,15.55555556,8.19032179,1/8/2026,31/8/2026
2200 | DIA | Message  | A gift of Grace A Present of Pearls | 1 - 31 Aug 26,Message - A gift of Grace A Present of Pearls | 1 - 31 Aug 26,2200 | DIA | Message | A gift of Grace A Present of Pearls | 1 - 31 Aug 26  [BKK],65+,male,29,59,8,1,10,THB,0.99375249,7.9500199,16.94915254,7.9500199,1/8/2026,31/8/2026
2200 | Pearl | Message  | A gift of Grace A Present of Pearls | 1 - 31 Aug 26,Message - Pearl - A gift of Grace A Present of Pearls | 1 - 31 Aug 26,2200 | Pearl | Message | A gift of Grace A Present of Pearls | 1 - 31 Aug 26  [BKK],35-44,unknown,58,104,7,,9,THB,1.07857143,,8.65384615,7.55,1/8/2026,31/8/2026
"2200 | DIA | Awareness | More than a gift, moment that last - 16 - 31 Aug 26","Awareness  - More than a gift, moment that last - 16 - 31 Aug 26","2200 | DIA | Awareness  | More than a gift, moment that last - 16 - 31 Aug 26 [Other-Province]",25-34,unknown,556,824,,,0,THB,,,0,7.19959847,1/8/2026,31/8/2026
2200 | DIA | Message  | A gift of Grace A Present of Pearls | 1 - 31 Aug 26,Message - A gift of Grace A Present of Pearls | 1 - 31 Aug 26,2200 | DIA | Message | A gift of Grace A Present of Pearls | 1 - 31 Aug 26 [Other-Province],18-24,male,40,63,,,0,THB,,,0,7.11971057,1/8/2026,31/8/2026
2200 | DIA | Message  | วันแม่ปีนี้ มอบสิ่งล้ำค่าแทนคำว่ารัก | 1 - 31 Aug 26,Message - วันแม่ปีนี้ มอบสิ่งล้ำค่าแทนคำว่ารัก  - 1 - 31 AUG 26,2200 | DIA | Message | วันแม่ปีนี้ มอบสิ่งล้ำค่าแทนคำว่ารัก  - 1 - 31 AUG 26  [BKK],65+,male,7,19,3,,3,THB,2.32304983,,15.78947368,6.96914949,1/8/2026,31/8/2026
2200 | DIA | Message | Wedding Package | 1 - 31 Aug 26,Message - Wedding Package - 1 - 31 Aug 26,2200 | DIA | Message | Wedding Package | 1 - 31 Aug 26 [Other-Province],65+,female,22,48,3,,4,THB,2.31646089,,8.33333333,6.94938267,1/8/2026,31/8/2026
2200 | DIA | Message  | A gift of Grace A Present of Pearls | 1 - 31 Aug 26,Message - A gift of Grace A Present of Pearls | 1 - 31 Aug 26,2200 | DIA | Message | A gift of Grace A Present of Pearls | 1 - 31 Aug 26 [Other-Province],55-64,male,28,59,2,,2,THB,3.46485915,,3.38983051,6.9297183,1/8/2026,31/8/2026
2200 | DIA | Message | Wedding Package | 1 - 31 Aug 26,Message - Wedding Package -1 - 31 Aug 26,2200 | DIA | Message | Wedding Package | 1 - 31 Aug 266  [BKK],45-54,unknown,3,18,3,1,4,THB,2.27995533,6.839866,22.22222222,6.839866,1/8/2026,31/8/2026
2200 | DIA | Awareness | Wedding Package | 1 - 31 Aug 26,Awareness  - Wedding Package -1 - 31 Aug 26,2200 | DIA | Awareness  | Wedding Package | 1 - 31 Aug 26 [Other-Province],25-34,unknown,546,758,2,,3,THB,3.23993079,,0.39577836,6.47986158,1/8/2026,31/8/2026
2200 | DIA | Awareness | A gift of Grace A Present of Pearls | 1 - 31 Aug 26,Awareness   - A gift of Grace A Present of Pearls | 1 - 31 Aug 26,2200 | DIA |  Awareness | A gift of Grace A Present of Pearls | 1 - 31 Aug 26  [BKK],18-24,unknown,538,760,2,,1,THB,3.20487068,,0.13157895,6.40974136,1/8/2026,31/8/2026
2200 | DIA | Message  | วันแม่ปีนี้ มอบสิ่งล้ำค่าแทนคำว่ารัก | 1 - 31 Aug 26,Message - วันแม่ปีนี้ มอบสิ่งล้ำค่าแทนคำว่ารัก  - 1 - 31 AUG 26,2200 | DIA | Message | วันแม่ปีนี้ มอบสิ่งล้ำค่าแทนคำว่ารัก  - 1 - 31 AUG 26  [BKK],25-34,unknown,14,37,3,,3,THB,1.99975595,,8.10810811,5.99926785,1/8/2026,31/8/2026
2200 | Pearl | Awareness | A gift of Grace A Present of Pearls | 1 - 31 Aug 26,Awareness  - Pearl - A gift of Grace A Present of Pearls | 1 - 31 Aug 26,2200 | Pearl |  Awareness | A gift of Grace A Present of Pearls | 1 - 31 Aug 26  [BKK],18-24,unknown,464,659,,,0,THB,,,0,5.56986057,1/8/2026,31/8/2026
2200 | DIA | Message  | A gift of Grace A Present of Pearls | 1 - 31 Aug 26,Message - A gift of Grace A Present of Pearls | 1 - 31 Aug 26,2200 | DIA | Message | A gift of Grace A Present of Pearls | 1 - 31 Aug 26 [Other-Province],65+,male,19,38,2,,2,THB,2.38990285,,5.26315789,4.77980569,1/8/2026,31/8/2026
"2200 | DIA | Message  | More than a gift, moment that last - 16 - 31 Aug 26","Message - More than a gift, moment that last - 16 - 31 Aug 26","2200 | DIA | Message | More than a gift, moment that last - 16 - 31 Aug 26  [BKK]",45-54,unknown,41,84,6,,11,THB,0.76836352,,13.0952381,4.61018113,1/8/2026,31/8/2026
2200 | DIA | Message  | A gift of Grace A Present of Pearls | 1 - 31 Aug 26,Message - A gift of Grace A Present of Pearls | 1 - 31 Aug 26,2200 | DIA | Message | A gift of Grace A Present of Pearls | 1 - 31 Aug 26  [BKK],45-54,unknown,36,55,5,,7,THB,0.88600222,,12.72727273,4.43001109,1/8/2026,31/8/2026
2200 | DIA | Awareness | A gift of Grace A Present of Pearls | 1 - 31 Aug 26,Awareness  - A gift of Grace A Present of Pearls | 1 - 31 Aug 26,2200 | DIA | Awareness  | A gift of Grace A Present of Pearls | 1 - 31 Aug 26 [Other-Province],25-34,unknown,353,497,2,,2,THB,2.08493522,,0.40241449,4.16987045,1/8/2026,31/8/2026
2200 | Pearl | Awareness | A gift of Grace A Present of Pearls | 1 - 31 Aug 26,Awareness - Pearl - A gift of Grace A Present of Pearls | 1 - 31 Aug 26,2200 | Pearl | Awareness  | A gift of Grace A Present of Pearls | 1 - 31 Aug 26 [Other-Province],25-34,unknown,308,430,,,1,THB,,,0.23255814,4.02984569,1/8/2026,31/8/2026
2200 | DIA | Message  | วันแม่ปีนี้ มอบสิ่งล้ำค่าแทนคำว่ารัก | 1 - 31 Aug 26,Message - วันแม่ปีนี้ มอบสิ่งล้ำค่าแทนคำว่ารัก  - 1 - 31 AUG 26,2200 | DIA | Message | วันแม่ปีนี้ มอบสิ่งล้ำค่าแทนคำว่ารัก  - 1 - 31 AUG 26  [BKK],45-54,unknown,8,21,2,,2,THB,1.95976083,,9.52380952,3.91952166,1/8/2026,31/8/2026
"2200 | DIA | Message  | More than a gift, moment that last - 16 - 31 Aug 26","Message - More than a gift, moment that last - 16 - 31 Aug 26","2200 | DIA | Message | More than a gift, moment that last - 16 - 31 Aug 26  [BKK]",65+,male,33,72,4,,6,THB,0.92253625,,8.33333333,3.69014498,1/8/2026,31/8/2026
2200 | Pearl | Message  | A gift of Grace A Present of Pearls | 1 - 31 Aug 26,Message - Pearl - A gift of Grace A Present of Pearls | 1 - 31 Aug 26,2200 | Pearl | Message | A gift of Grace A Present of Pearls | 1 - 31 Aug 26  [BKK],65+,male,33,58,6,,7,THB,0.61,,12.06896552,3.66,1/8/2026,31/8/2026
2200 | Pearl | Message  | A gift of Grace A Present of Pearls | 1 - 31 Aug 26,Message - Pearl - A gift of Grace A Present of Pearls | 1 - 31 Aug 26,2200 | Pearl | Message | A gift of Grace A Present of Pearls | 1 - 31 Aug 26 [Other-Province],55-64,male,30,49,2,,2,THB,1.78,,4.08163265,3.56,1/8/2026,31/8/2026
2200 | DIA | Awareness | To Mom with love and light | 1 - 15 Aug 26,Awareness  - To Mom with love and light | 1 - 15 Aug 26,2200 | DIA | Awareness  | To Mom with love and light | 1 - 15 Aug 26 [Other-Province],35-44,unknown,263,409,2,,1,THB,1.69493955,,0.24449878,3.38987909,1/8/2026,31/8/2026
2200 | DIA | Awareness | Wedding Package | 1 - 31 Aug 26,Awareness   - Wedding Package -1 - 31 Aug 26,2200 | DIA | Message | Wedding Package | 1 - 31 Aug 26  [BKK],25-34,unknown,270,330,,,0,THB,,,0,3.37,1/8/2026,31/8/2026
2200 | Pearl | Message  | A gift of Grace A Present of Pearls | 1 - 31 Aug 26,Message - Pearl - A gift of Grace A Present of Pearls | 1 - 31 Aug 26,2200 | Pearl | Message | A gift of Grace A Present of Pearls | 1 - 31 Aug 26  [BKK],25-34,unknown,40,69,,,1,THB,,,1.44927536,3.25,1/8/2026,31/8/2026
2200 | DIA | Message  | วันแม่ปีนี้ มอบสิ่งล้ำค่าแทนคำว่ารัก | 1 - 31 Aug 26,Message - วันแม่ปีนี้ มอบสิ่งล้ำค่าแทนคำว่ารัก  - 1 - 31 AUG 26,2200 | DIA | Message | วันแม่ปีนี้ มอบสิ่งล้ำค่าแทนคำว่ารัก  - 1 - 31 AUG 26 [Other-Province],35-44,unknown,13,26,1,,1,THB,3.23,,3.84615385,3.23,1/8/2026,31/8/2026
"2200 | DIA | Message  | More than a gift, moment that last - 16 - 31 Aug 26","Message - More than a gift, moment that last - 16 - 31 Aug 26","2200 | DIA | Message | More than a gift, moment that last - 16 - 31 Aug 26  [BKK]",55-64,unknown,7,20,2,1,4,THB,1.59006247,3.18012494,20,3.18012494,1/8/2026,31/8/2026
2200 | DIA | Awareness | วันแม่ปีนี้ มอบสิ่งล้ำค่าแทนคำว่ารัก | 1 - 31 Aug 26,Awareness  - วันแม่ปีนี้ มอบสิ่งล้ำค่าแทนคำว่ารัก  - 1 - 31 AUG 26,2200 | DIA | Awareness  | วันแม่ปีนี้ มอบสิ่งล้ำค่าแทนคำว่ารัก  - 1 - 31 AUG 26 [Other-Province],25-34,unknown,278,360,2,,3,THB,1.57000659,,0.83333333,3.14001317,1/8/2026,31/8/2026
"2200 | DIA | Message  | More than a gift, moment that last - 16 - 31 Aug 26","Message - More than a gift, moment that last - 16 - 31 Aug 26","2200 | DIA | Message | More than a gift, moment that last - 16 - 31 Aug 26 [Other-Province]",25-34,unknown,8,26,,,1,THB,,,3.84615385,3.12,1/8/2026,31/8/2026
2200 | DIA | Awareness | Wedding Package | 1 - 31 Aug 26,Awareness  - Wedding Package -1 - 31 Aug 26,2200 | DIA | Awareness  | Wedding Package | 1 - 31 Aug 26 [Other-Province],35-44,unknown,276,370,,,1,THB,,,0.27027027,3.089934,1/8/2026,31/8/2026
2200 | DIA | Awareness | วันแม่ปีนี้ มอบสิ่งล้ำค่าแทนคำว่ารัก | 1 - 31 Aug 26,Awareness   - วันแม่ปีนี้ มอบสิ่งล้ำค่าแทนคำว่ารัก  - 1 - 31 AUG 26,2200 | DIA | Awareness | วันแม่ปีนี้ มอบสิ่งล้ำค่าแทนคำว่ารัก  - 1 - 31 AUG 26  [BKK],25-34,unknown,242,338,2,,2,THB,1.50498138,,0.59171598,3.00996276,1/8/2026,31/8/2026
"2200 | DIA | Awareness | More than a gift, moment that last - 16 - 31 Aug 26","Awareness   - More than a gift, moment that last - 16 - 31 Aug 26","2200 | DIA |  Awareness | More than a gift, moment that last - 16 - 31 Aug 26  [BKK]",25-34,unknown,290,339,,,0,THB,,,0,2.86986244,1/8/2026,31/8/2026
"2200 | DIA | Message  | More than a gift, moment that last - 16 - 31 Aug 26","Message - More than a gift, moment that last - 16 - 31 Aug 26","2200 | DIA | Message | More than a gift, moment that last - 16 - 31 Aug 26 [Other-Province]",35-44,unknown,11,23,,,0,THB,,,0,2.82,1/8/2026,31/8/2026
2200 | Pearl | Message  | A gift of Grace A Present of Pearls | 1 - 31 Aug 26,Message - Pearl - A gift of Grace A Present of Pearls | 1 - 31 Aug 26,2200 | Pearl | Message | A gift of Grace A Present of Pearls | 1 - 31 Aug 26 [Other-Province],65+,male,17,21,,,0,THB,,,0,2.76,1/8/2026,31/8/2026
2200 | DIA | Message  | A gift of Grace A Present of Pearls | 1 - 31 Aug 26,Message - A gift of Grace A Present of Pearls | 1 - 31 Aug 26,2200 | DIA | Message | A gift of Grace A Present of Pearls | 1 - 31 Aug 26  [BKK],25-34,unknown,30,48,3,,4,THB,0.84666879,,8.33333333,2.54000636,1/8/2026,31/8/2026
2200 | DIA | Message  | To Mom with love and light | 1 - 15 Aug 26,Message - To Mom with love and light - 1 - 15 Aug 26,2200 | DIA | Message | To Mom with love and light | 1 - 15 Aug 26 [Other-Province],25-34,unknown,16,54,1,,2,THB,2.48,,3.7037037,2.48,1/8/2026,31/8/2026
2200 | Pearl | Message  | A gift of Grace A Present of Pearls | 1 - 31 Aug 26,Message - Pearl - A gift of Grace A Present of Pearls | 1 - 31 Aug 26,2200 | Pearl | Message | A gift of Grace A Present of Pearls | 1 - 31 Aug 26 [Other-Province],35-44,unknown,22,40,,,0,THB,,,0,2.35,1/8/2026,31/8/2026
"2200 | DIA | Awareness | More than a gift, moment that last - 16 - 31 Aug 26","Awareness  - More than a gift, moment that last - 16 - 31 Aug 26","2200 | DIA | Awareness  | More than a gift, moment that last - 16 - 31 Aug 26 [Other-Province]",35-44,unknown,176,268,,,1,THB,,,0.37313433,2.30987118,1/8/2026,31/8/2026
2200 | DIA | Awareness | วันแม่ปีนี้ มอบสิ่งล้ำค่าแทนคำว่ารัก | 1 - 31 Aug 26,Awareness   - วันแม่ปีนี้ มอบสิ่งล้ำค่าแทนคำว่ารัก  - 1 - 31 AUG 26,2200 | DIA | Awareness | วันแม่ปีนี้ มอบสิ่งล้ำค่าแทนคำว่ารัก  - 1 - 31 AUG 26  [BKK],35-44,unknown,157,241,1,,1,THB,2.11997377,,0.41493776,2.11997377,1/8/2026,31/8/2026
2200 | DIA | Awareness | To Mom with love and light | 1 - 15 Aug 26,Awareness   - To Mom with love and light | 1 - 15 Aug 26,2200 | DIA |  Awareness | To Mom with love and light | 1 - 15 Aug 26  - 1 - 31 AUG 26  [BKK],25-34,unknown,176,229,,,1,THB,,,0.43668122,1.95990748,1/8/2026,31/8/2026
2200 | DIA | Message  | วันแม่ปีนี้ มอบสิ่งล้ำค่าแทนคำว่ารัก | 1 - 31 Aug 26,Message - วันแม่ปีนี้ มอบสิ่งล้ำค่าแทนคำว่ารัก  - 1 - 31 AUG 26,2200 | DIA | Message | วันแม่ปีนี้ มอบสิ่งล้ำค่าแทนคำว่ารัก  - 1 - 31 AUG 26  [BKK],55-64,unknown,2,9,2,,4,THB,0.97988042,,44.44444444,1.95976083,1/8/2026,31/8/2026
2200 | DIA | Message  | A gift of Grace A Present of Pearls | 1 - 31 Aug 26,Message - A gift of Grace A Present of Pearls | 1 - 31 Aug 26,2200 | DIA | Message | A gift of Grace A Present of Pearls | 1 - 31 Aug 26 [Other-Province],25-34,unknown,14,23,,,1,THB,,,4.34782609,1.93992114,1/8/2026,31/8/2026
2200 | Pearl | Awareness | A gift of Grace A Present of Pearls | 1 - 31 Aug 26,Awareness  - Pearl - A gift of Grace A Present of Pearls | 1 - 31 Aug 26,2200 | Pearl |  Awareness | A gift of Grace A Present of Pearls | 1 - 31 Aug 26  [BKK],25-34,unknown,158,212,,,0,THB,,,0,1.88995269,1/8/2026,31/8/2026
"2200 | DIA | Awareness | More than a gift, moment that last - 16 - 31 Aug 26","Awareness   - More than a gift, moment that last - 16 - 31 Aug 26","2200 | DIA |  Awareness | More than a gift, moment that last - 16 - 31 Aug 26  [BKK]",35-44,unknown,164,221,2,,2,THB,0.87995782,,0.90497738,1.75991564,1/8/2026,31/8/2026
2200 | Pearl | Message  | A gift of Grace A Present of Pearls | 1 - 31 Aug 26,Message - Pearl - A gift of Grace A Present of Pearls | 1 - 31 Aug 26,2200 | Pearl | Message | A gift of Grace A Present of Pearls | 1 - 31 Aug 26 [Other-Province],45-54,unknown,12,21,,,0,THB,,,0,1.75,1/8/2026,31/8/2026
2200 | DIA | Awareness | วันแม่ปีนี้ มอบสิ่งล้ำค่าแทนคำว่ารัก | 1 - 31 Aug 26,Awareness  - วันแม่ปีนี้ มอบสิ่งล้ำค่าแทนคำว่ารัก  - 1 - 31 AUG 26,2200 | DIA | Awareness  | วันแม่ปีนี้ มอบสิ่งล้ำค่าแทนคำว่ารัก  - 1 - 31 AUG 26 [Other-Province],35-44,unknown,141,198,,,0,THB,,,0,1.71000717,1/8/2026,31/8/2026
2200 | DIA | Awareness | To Mom with love and light | 1 - 15 Aug 26,Awareness  - To Mom with love and light | 1 - 15 Aug 26,2200 | DIA | Awareness  | To Mom with love and light | 1 - 15 Aug 26 [Other-Province],65+,unknown,108,196,,,0,THB,,,0,1.69993937,1/8/2026,31/8/2026
2200 | DIA | Message  | วันแม่ปีนี้ มอบสิ่งล้ำค่าแทนคำว่ารัก | 1 - 31 Aug 26,Message - วันแม่ปีนี้ มอบสิ่งล้ำค่าแทนคำว่ารัก  - 1 - 31 AUG 26,2200 | DIA | Message | วันแม่ปีนี้ มอบสิ่งล้ำค่าแทนคำว่ารัก  - 1 - 31 AUG 26 [Other-Province],45-54,unknown,10,19,,,1,THB,,,5.26315789,1.66,1/8/2026,31/8/2026
2200 | DIA | Awareness | Wedding Package | 1 - 31 Aug 26,Awareness   - Wedding Package -1 - 31 Aug 26,2200 | DIA | Message | Wedding Package | 1 - 31 Aug 26  [BKK],35-44,unknown,145,195,,,0,THB,,,0,1.52,1/8/2026,31/8/2026
2200 | DIA | Awareness | A gift of Grace A Present of Pearls | 1 - 31 Aug 26,Awareness   - A gift of Grace A Present of Pearls | 1 - 31 Aug 26,2200 | DIA |  Awareness | A gift of Grace A Present of Pearls | 1 - 31 Aug 26  [BKK],25-34,unknown,136,191,2,,2,THB,0.75496954,,1.04712042,1.50993907,1/8/2026,31/8/2026
2200 | DIA | Message  | To Mom with love and light | 1 - 15 Aug 26,Message - To Mom with love and light - 1 - 15 Aug 26,2200 | DIA | Message | To Mom with love and light | 1 - 15 Aug 26  [BKK],25-34,unknown,14,43,1,,3,THB,1.49996195,,6.97674419,1.49996195,1/8/2026,31/8/2026
2200 | DIA | Awareness | To Mom with love and light | 1 - 15 Aug 26,Awareness  - To Mom with love and light | 1 - 15 Aug 26,2200 | DIA | Awareness  | To Mom with love and light | 1 - 15 Aug 26 [Other-Province],45-54,unknown,106,169,,,0,THB,,,0,1.47994722,1/8/2026,31/8/2026
2200 | DIA | Message  | A gift of Grace A Present of Pearls | 1 - 31 Aug 26,Message - A gift of Grace A Present of Pearls | 1 - 31 Aug 26,2200 | DIA | Message | A gift of Grace A Present of Pearls | 1 - 31 Aug 26 [Other-Province],45-54,unknown,14,25,1,,1,THB,1.3799439,,4,1.3799439,1/8/2026,31/8/2026
2200 | DIA | Message | Wedding Package | 1 - 31 Aug 26,Message - Wedding Package -1 - 31 Aug 26,2200 | DIA | Message | Wedding Package | 1 - 31 Aug 266  [BKK],65+,male,10,19,,,0,THB,,,0,1.23997571,1/8/2026,31/8/2026
"2200 | DIA | Message  | More than a gift, moment that last - 16 - 31 Aug 26","Message - More than a gift, moment that last - 16 - 31 Aug 26","2200 | DIA | Message | More than a gift, moment that last - 16 - 31 Aug 26 [Other-Province]",55-64,male,15,21,,,0,THB,,,0,1.22,1/8/2026,31/8/2026
2200 | DIA | Message | Wedding Package | 1 - 31 Aug 26,Message - Wedding Package -1 - 31 Aug 26,2200 | DIA | Message | Wedding Package | 1 - 31 Aug 266  [BKK],55-64,unknown,1,1,,,0,THB,,,0,1.00998021,1/8/2026,31/8/2026
2200 | DIA | Awareness | A gift of Grace A Present of Pearls | 1 - 31 Aug 26,Awareness  - A gift of Grace A Present of Pearls | 1 - 31 Aug 26,2200 | DIA | Awareness  | A gift of Grace A Present of Pearls | 1 - 31 Aug 26 [Other-Province],35-44,unknown,79,121,,,0,THB,,,0,1.00996862,1/8/2026,31/8/2026
2200 | DIA | Awareness | Wedding Package | 1 - 31 Aug 26,Awareness  - Wedding Package -1 - 31 Aug 26,2200 | DIA | Awareness  | Wedding Package | 1 - 31 Aug 26 [Other-Province],45-54,unknown,88,122,,,0,THB,,,0,0.99997864,1/8/2026,31/8/2026
"2200 | DIA | Awareness | More than a gift, moment that last - 16 - 31 Aug 26","Awareness  - More than a gift, moment that last - 16 - 31 Aug 26","2200 | DIA | Awareness  | More than a gift, moment that last - 16 - 31 Aug 26 [Other-Province]",65+,unknown,68,117,1,,1,THB,0.99994423,,0.85470085,0.99994423,1/8/2026,31/8/2026
2200 | DIA | Awareness | วันแม่ปีนี้ มอบสิ่งล้ำค่าแทนคำว่ารัก | 1 - 31 Aug 26,Awareness  - วันแม่ปีนี้ มอบสิ่งล้ำค่าแทนคำว่ารัก  - 1 - 31 AUG 26,2200 | DIA | Awareness  | วันแม่ปีนี้ มอบสิ่งล้ำค่าแทนคำว่ารัก  - 1 - 31 AUG 26 [Other-Province],45-54,unknown,78,110,,,0,THB,,,0,0.96000403,1/8/2026,31/8/2026
2200 | Pearl | Message  | A gift of Grace A Present of Pearls | 1 - 31 Aug 26,Message - Pearl - A gift of Grace A Present of Pearls | 1 - 31 Aug 26,2200 | Pearl | Message | A gift of Grace A Present of Pearls | 1 - 31 Aug 26 [Other-Province],25-34,unknown,15,22,,,1,THB,,,4.54545455,0.89,1/8/2026,31/8/2026
2200 | Pearl | Message  | A gift of Grace A Present of Pearls | 1 - 31 Aug 26,Message - Pearl - A gift of Grace A Present of Pearls | 1 - 31 Aug 26,2200 | Pearl | Message | A gift of Grace A Present of Pearls | 1 - 31 Aug 26  [BKK],18-24,unknown,9,12,,,1,THB,,,8.33333333,0.88,1/8/2026,31/8/2026
"2200 | DIA | Awareness | More than a gift, moment that last - 16 - 31 Aug 26","Awareness   - More than a gift, moment that last - 16 - 31 Aug 26","2200 | DIA |  Awareness | More than a gift, moment that last - 16 - 31 Aug 26  [BKK]",45-54,unknown,73,94,,,0,THB,,,0,0.85995878,1/8/2026,31/8/2026
2200 | DIA | Awareness | วันแม่ปีนี้ มอบสิ่งล้ำค่าแทนคำว่ารัก | 1 - 31 Aug 26,Awareness   - วันแม่ปีนี้ มอบสิ่งล้ำค่าแทนคำว่ารัก  - 1 - 31 AUG 26,2200 | DIA | Awareness | วันแม่ปีนี้ มอบสิ่งล้ำค่าแทนคำว่ารัก  - 1 - 31 AUG 26  [BKK],45-54,unknown,66,97,,,1,THB,,,1.03092784,0.84998948,1/8/2026,31/8/2026
2200 | DIA | Awareness | To Mom with love and light | 1 - 15 Aug 26,Awareness  - To Mom with love and light | 1 - 15 Aug 26,2200 | DIA | Awareness  | To Mom with love and light | 1 - 15 Aug 26 [Other-Province],55-64,unknown,58,91,,,0,THB,,,0,0.80997111,1/8/2026,31/8/2026
"2200 | DIA | Awareness | More than a gift, moment that last - 16 - 31 Aug 26","Awareness  - More than a gift, moment that last - 16 - 31 Aug 26","2200 | DIA | Awareness  | More than a gift, moment that last - 16 - 31 Aug 26 [Other-Province]",45-54,unknown,72,94,,,0,THB,,,0,0.79995539,1/8/2026,31/8/2026
2200 | DIA | Message  | A gift of Grace A Present of Pearls | 1 - 31 Aug 26,Message - A gift of Grace A Present of Pearls | 1 - 31 Aug 26,2200 | DIA | Message | A gift of Grace A Present of Pearls | 1 - 31 Aug 26 [Other-Province],55-64,unknown,3,3,1,,1,THB,0.77996829,,33.33333333,0.77996829,1/8/2026,31/8/2026
2200 | Pearl | Awareness | A gift of Grace A Present of Pearls | 1 - 31 Aug 26,Awareness - Pearl - A gift of Grace A Present of Pearls | 1 - 31 Aug 26,2200 | Pearl | Awareness  | A gift of Grace A Present of Pearls | 1 - 31 Aug 26 [Other-Province],35-44,unknown,63,88,,,0,THB,,,0,0.76997052,1/8/2026,31/8/2026
2200 | DIA | Awareness | วันแม่ปีนี้ มอบสิ่งล้ำค่าแทนคำว่ารัก | 1 - 31 Aug 26,Awareness  - วันแม่ปีนี้ มอบสิ่งล้ำค่าแทนคำว่ารัก  - 1 - 31 AUG 26,2200 | DIA | Awareness  | วันแม่ปีนี้ มอบสิ่งล้ำค่าแทนคำว่ารัก  - 1 - 31 AUG 26 [Other-Province],55-64,unknown,59,82,,,0,THB,,,0,0.73000306,1/8/2026,31/8/2026
"2200 | DIA | Awareness | More than a gift, moment that last - 16 - 31 Aug 26","Awareness   - More than a gift, moment that last - 16 - 31 Aug 26","2200 | DIA |  Awareness | More than a gift, moment that last - 16 - 31 Aug 26  [BKK]",55-64,unknown,61,87,,,0,THB,,,0,0.70996597,1/8/2026,31/8/2026
2200 | DIA | Message  | To Mom with love and light | 1 - 15 Aug 26,Message - To Mom with love and light - 1 - 15 Aug 26,2200 | DIA | Message | To Mom with love and light | 1 - 15 Aug 26  [BKK],45-54,unknown,13,21,,,0,THB,,,0,0.67998275,1/8/2026,31/8/2026
2200 | DIA | Message  | To Mom with love and light | 1 - 15 Aug 26,Message - To Mom with love and light - 1 - 15 Aug 26,2200 | DIA | Message | To Mom with love and light | 1 - 15 Aug 26 [Other-Province],45-54,unknown,6,8,,,0,THB,,,0,0.65,1/8/2026,31/8/2026
2200 | Pearl | Awareness | A gift of Grace A Present of Pearls | 1 - 31 Aug 26,Awareness - Pearl - A gift of Grace A Present of Pearls | 1 - 31 Aug 26,2200 | Pearl | Awareness  | A gift of Grace A Present of Pearls | 1 - 31 Aug 26 [Other-Province],65+,unknown,49,77,,,0,THB,,,0,0.64997511,1/8/2026,31/8/2026
2200 | DIA | Message  | To Mom with love and light | 1 - 15 Aug 26,Message - To Mom with love and light - 1 - 15 Aug 26,2200 | DIA | Message | To Mom with love and light | 1 - 15 Aug 26  [BKK],55-64,unknown,3,13,1,,3,THB,0.62998402,,23.07692308,0.62998402,1/8/2026,31/8/2026
"2200 | DIA | Awareness | More than a gift, moment that last - 16 - 31 Aug 26","Awareness  - More than a gift, moment that last - 16 - 31 Aug 26","2200 | DIA | Awareness  | More than a gift, moment that last - 16 - 31 Aug 26 [Other-Province]",55-64,unknown,47,72,,,0,THB,,,0,0.62996487,1/8/2026,31/8/2026
2200 | DIA | Awareness | To Mom with love and light | 1 - 15 Aug 26,Awareness   - To Mom with love and light | 1 - 15 Aug 26,2200 | DIA |  Awareness | To Mom with love and light | 1 - 15 Aug 26  - 1 - 31 AUG 26  [BKK],35-44,unknown,70,84,,,0,THB,,,0,0.6099712,1/8/2026,31/8/2026
2200 | DIA | Awareness | A gift of Grace A Present of Pearls | 1 - 31 Aug 26,Awareness  - A gift of Grace A Present of Pearls | 1 - 31 Aug 26,2200 | DIA | Awareness  | A gift of Grace A Present of Pearls | 1 - 31 Aug 26 [Other-Province],65+,unknown,42,69,,,0,THB,,,0,0.59998136,1/8/2026,31/8/2026
"2200 | DIA | Message  | More than a gift, moment that last - 16 - 31 Aug 26","Message - More than a gift, moment that last - 16 - 31 Aug 26","2200 | DIA | Message | More than a gift, moment that last - 16 - 31 Aug 26 [Other-Province]",45-54,unknown,9,10,3,,3,THB,0.18666667,,30,0.56,1/8/2026,31/8/2026
2200 | DIA | Awareness | วันแม่ปีนี้ มอบสิ่งล้ำค่าแทนคำว่ารัก | 1 - 31 Aug 26,Awareness  - วันแม่ปีนี้ มอบสิ่งล้ำค่าแทนคำว่ารัก  - 1 - 31 AUG 26,2200 | DIA | Awareness  | วันแม่ปีนี้ มอบสิ่งล้ำค่าแทนคำว่ารัก  - 1 - 31 AUG 26 [Other-Province],65+,unknown,41,63,,,1,THB,,,1.58730159,0.55000231,1/8/2026,31/8/2026
"2200 | DIA | Awareness | More than a gift, moment that last - 16 - 31 Aug 26","Awareness   - More than a gift, moment that last - 16 - 31 Aug 26","2200 | DIA |  Awareness | More than a gift, moment that last - 16 - 31 Aug 26  [BKK]",65+,unknown,44,63,,,0,THB,,,0,0.5299746,1/8/2026,31/8/2026
2200 | DIA | Awareness | Wedding Package | 1 - 31 Aug 26,Awareness  - Wedding Package -1 - 31 Aug 26,2200 | DIA | Awareness  | Wedding Package | 1 - 31 Aug 26 [Other-Province],55-64,unknown,52,69,1,,0,THB,0.51998889,,0,0.51998889,1/8/2026,31/8/2026
2200 | DIA | Awareness | Wedding Package | 1 - 31 Aug 26,Awareness  - Wedding Package -1 - 31 Aug 26,2200 | DIA | Awareness  | Wedding Package | 1 - 31 Aug 26 [Other-Province],65+,unknown,50,66,,,0,THB,,,0,0.50998911,1/8/2026,31/8/2026
2200 | Pearl | Awareness | A gift of Grace A Present of Pearls | 1 - 31 Aug 26,Awareness  - Pearl - A gift of Grace A Present of Pearls | 1 - 31 Aug 26,2200 | Pearl |  Awareness | A gift of Grace A Present of Pearls | 1 - 31 Aug 26  [BKK],35-44,unknown,44,59,,,0,THB,,,0,0.50998723,1/8/2026,31/8/2026
2200 | DIA | Awareness | วันแม่ปีนี้ มอบสิ่งล้ำค่าแทนคำว่ารัก | 1 - 31 Aug 26,Awareness   - วันแม่ปีนี้ มอบสิ่งล้ำค่าแทนคำว่ารัก  - 1 - 31 AUG 26,2200 | DIA | Awareness | วันแม่ปีนี้ มอบสิ่งล้ำค่าแทนคำว่ารัก  - 1 - 31 AUG 26  [BKK],55-64,unknown,40,55,,,0,THB,,,0,0.49999381,1/8/2026,31/8/2026
2200 | Pearl | Awareness | A gift of Grace A Present of Pearls | 1 - 31 Aug 26,Awareness - Pearl - A gift of Grace A Present of Pearls | 1 - 31 Aug 26,2200 | Pearl | Awareness  | A gift of Grace A Present of Pearls | 1 - 31 Aug 26 [Other-Province],45-54,unknown,37,51,,,0,THB,,,0,0.48998124,1/8/2026,31/8/2026
2200 | DIA | Awareness | A gift of Grace A Present of Pearls | 1 - 31 Aug 26,Awareness  - A gift of Grace A Present of Pearls | 1 - 31 Aug 26,2200 | DIA | Awareness  | A gift of Grace A Present of Pearls | 1 - 31 Aug 26 [Other-Province],45-54,unknown,36,54,,,0,THB,,,0,0.47998509,1/8/2026,31/8/2026
2200 | DIA | Awareness | วันแม่ปีนี้ มอบสิ่งล้ำค่าแทนคำว่ารัก | 1 - 31 Aug 26,Awareness   - วันแม่ปีนี้ มอบสิ่งล้ำค่าแทนคำว่ารัก  - 1 - 31 AUG 26,2200 | DIA | Awareness | วันแม่ปีนี้ มอบสิ่งล้ำค่าแทนคำว่ารัก  - 1 - 31 AUG 26  [BKK],65+,unknown,33,46,,,0,THB,,,0,0.44999443,1/8/2026,31/8/2026
2200 | Pearl | Message  | A gift of Grace A Present of Pearls | 1 - 31 Aug 26,Message - Pearl - A gift of Grace A Present of Pearls | 1 - 31 Aug 26,2200 | Pearl | Message | A gift of Grace A Present of Pearls | 1 - 31 Aug 26  [BKK],55-64,unknown,5,9,,,0,THB,,,0,0.43,1/8/2026,31/8/2026
2200 | DIA | Awareness | A gift of Grace A Present of Pearls | 1 - 31 Aug 26,Awareness   - A gift of Grace A Present of Pearls | 1 - 31 Aug 26,2200 | DIA |  Awareness | A gift of Grace A Present of Pearls | 1 - 31 Aug 26  [BKK],35-44,unknown,44,56,1,,1,THB,0.39998386,,1.78571429,0.39998386,1/8/2026,31/8/2026
2200 | DIA | Awareness | Wedding Package | 1 - 31 Aug 26,Awareness   - Wedding Package -1 - 31 Aug 26,2200 | DIA | Message | Wedding Package | 1 - 31 Aug 26  [BKK],45-54,unknown,36,44,,,0,THB,,,0,0.37,1/8/2026,31/8/2026
2200 | Pearl | Awareness | A gift of Grace A Present of Pearls | 1 - 31 Aug 26,Awareness - Pearl - A gift of Grace A Present of Pearls | 1 - 31 Aug 26,2200 | Pearl | Awareness  | A gift of Grace A Present of Pearls | 1 - 31 Aug 26 [Other-Province],55-64,unknown,29,39,,,0,THB,,,0,0.36998583,1/8/2026,31/8/2026
2200 | DIA | Awareness | To Mom with love and light | 1 - 15 Aug 26,Awareness   - To Mom with love and light | 1 - 15 Aug 26,2200 | DIA |  Awareness | To Mom with love and light | 1 - 15 Aug 26  - 1 - 31 AUG 26  [BKK],65+,unknown,27,41,,,0,THB,,,0,0.36998253,1/8/2026,31/8/2026
"2200 | DIA | Message  | More than a gift, moment that last - 16 - 31 Aug 26","Message - More than a gift, moment that last - 16 - 31 Aug 26","2200 | DIA | Message | More than a gift, moment that last - 16 - 31 Aug 26  [BKK]",65+,unknown,2,6,,,0,THB,,,0,0.35001375,1/8/2026,31/8/2026
"2200 | DIA | Message  | More than a gift, moment that last - 16 - 31 Aug 26","Message - More than a gift, moment that last - 16 - 31 Aug 26","2200 | DIA | Message | More than a gift, moment that last - 16 - 31 Aug 26 [Other-Province]",65+,male,7,8,,,0,THB,,,0,0.35,1/8/2026,31/8/2026
2200 | Pearl | Awareness | A gift of Grace A Present of Pearls | 1 - 31 Aug 26,Awareness  - Pearl - A gift of Grace A Present of Pearls | 1 - 31 Aug 26,2200 | Pearl |  Awareness | A gift of Grace A Present of Pearls | 1 - 31 Aug 26  [BKK],65+,unknown,29,38,,,0,THB,,,0,0.33999149,1/8/2026,31/8/2026
2200 | DIA | Message  | A gift of Grace A Present of Pearls | 1 - 31 Aug 26,Message - A gift of Grace A Present of Pearls | 1 - 31 Aug 26,2200 | DIA | Message | A gift of Grace A Present of Pearls | 1 - 31 Aug 26  [BKK],18-24,unknown,2,2,,,1,THB,,,50,0.3200008,1/8/2026,31/8/2026
2200 | DIA | Awareness | To Mom with love and light | 1 - 15 Aug 26,Awareness   - To Mom with love and light | 1 - 15 Aug 26,2200 | DIA |  Awareness | To Mom with love and light | 1 - 15 Aug 26  - 1 - 31 AUG 26  [BKK],45-54,unknown,35,41,,,0,THB,,,0,0.31998489,1/8/2026,31/8/2026
2200 | DIA | Awareness | A gift of Grace A Present of Pearls | 1 - 31 Aug 26,Awareness  - A gift of Grace A Present of Pearls | 1 - 31 Aug 26,2200 | DIA | Awareness  | A gift of Grace A Present of Pearls | 1 - 31 Aug 26 [Other-Province],55-64,unknown,29,35,,,0,THB,,,0,0.28999099,1/8/2026,31/8/2026
2200 | DIA | Message  | A gift of Grace A Present of Pearls | 1 - 31 Aug 26,Message - A gift of Grace A Present of Pearls | 1 - 31 Aug 26,2200 | DIA | Message | A gift of Grace A Present of Pearls | 1 - 31 Aug 26  [BKK],55-64,unknown,3,5,,,0,THB,,,0,0.26000065,1/8/2026,31/8/2026
2200 | Pearl | Message  | A gift of Grace A Present of Pearls | 1 - 31 Aug 26,Message - Pearl - A gift of Grace A Present of Pearls | 1 - 31 Aug 26,2200 | Pearl | Message | A gift of Grace A Present of Pearls | 1 - 31 Aug 26 [Other-Province],55-64,unknown,3,3,,,0,THB,,,0,0.26,1/8/2026,31/8/2026
2200 | DIA | Awareness | Wedding Package | 1 - 31 Aug 26,Awareness   - Wedding Package -1 - 31 Aug 26,2200 | DIA | Message | Wedding Package | 1 - 31 Aug 26  [BKK],55-64,unknown,29,34,,,0,THB,,,0,0.25,1/8/2026,31/8/2026
2200 | Pearl | Awareness | A gift of Grace A Present of Pearls | 1 - 31 Aug 26,Awareness  - Pearl - A gift of Grace A Present of Pearls | 1 - 31 Aug 26,2200 | Pearl |  Awareness | A gift of Grace A Present of Pearls | 1 - 31 Aug 26  [BKK],45-54,unknown,15,23,,,0,THB,,,0,0.23999399,1/8/2026,31/8/2026
2200 | DIA | Awareness | To Mom with love and light | 1 - 15 Aug 26,Awareness   - To Mom with love and light | 1 - 15 Aug 26,2200 | DIA |  Awareness | To Mom with love and light | 1 - 15 Aug 26  - 1 - 31 AUG 26  [BKK],55-64,unknown,25,31,,,0,THB,,,0,0.20999009,1/8/2026,31/8/2026
2200 | DIA | Awareness | A gift of Grace A Present of Pearls | 1 - 31 Aug 26,Awareness   - A gift of Grace A Present of Pearls | 1 - 31 Aug 26,2200 | DIA |  Awareness | A gift of Grace A Present of Pearls | 1 - 31 Aug 26  [BKK],65+,unknown,17,20,,,0,THB,,,0,0.18999233,1/8/2026,31/8/2026
2200 | DIA | Message  | A gift of Grace A Present of Pearls | 1 - 31 Aug 26,Message - A gift of Grace A Present of Pearls | 1 - 31 Aug 26,2200 | DIA | Message | A gift of Grace A Present of Pearls | 1 - 31 Aug 26  [BKK],65+,unknown,1,3,,,0,THB,,,0,0.1600004,1/8/2026,31/8/2026
2200 | DIA | Awareness | Wedding Package | 1 - 31 Aug 26,Awareness   - Wedding Package -1 - 31 Aug 26,2200 | DIA | Message | Wedding Package | 1 - 31 Aug 26  [BKK],65+,unknown,17,19,,,0,THB,,,0,0.16,1/8/2026,31/8/2026
2200 | Pearl | Message  | A gift of Grace A Present of Pearls | 1 - 31 Aug 26,Message - Pearl - A gift of Grace A Present of Pearls | 1 - 31 Aug 26,2200 | Pearl | Message | A gift of Grace A Present of Pearls | 1 - 31 Aug 26 [Other-Province],18-24,unknown,5,8,,,0,THB,,,0,0.13,1/8/2026,31/8/2026
2200 | DIA | Message  | To Mom with love and light | 1 - 15 Aug 26,Message - To Mom with love and light - 1 - 15 Aug 26,2200 | DIA | Message | To Mom with love and light | 1 - 15 Aug 26 [Other-Province],65+,unknown,2,2,,,0,THB,,,0,0.12,1/8/2026,31/8/2026
2200 | DIA | Message  | วันแม่ปีนี้ มอบสิ่งล้ำค่าแทนคำว่ารัก | 1 - 31 Aug 26,Message - วันแม่ปีนี้ มอบสิ่งล้ำค่าแทนคำว่ารัก  - 1 - 31 AUG 26,2200 | DIA | Message | วันแม่ปีนี้ มอบสิ่งล้ำค่าแทนคำว่ารัก  - 1 - 31 AUG 26 [Other-Province],65+,male,3,5,,,0,THB,,,0,0.09,1/8/2026,31/8/2026
2200 | Pearl | Awareness | A gift of Grace A Present of Pearls | 1 - 31 Aug 26,Awareness  - Pearl - A gift of Grace A Present of Pearls | 1 - 31 Aug 26,2200 | Pearl |  Awareness | A gift of Grace A Present of Pearls | 1 - 31 Aug 26  [BKK],55-64,unknown,9,12,,,0,THB,,,0,0.08999775,1/8/2026,31/8/2026
2200 | DIA | Awareness | A gift of Grace A Present of Pearls | 1 - 31 Aug 26,Awareness   - A gift of Grace A Present of Pearls | 1 - 31 Aug 26,2200 | DIA |  Awareness | A gift of Grace A Present of Pearls | 1 - 31 Aug 26  [BKK],45-54,unknown,8,10,,,0,THB,,,0,0.08999637,1/8/2026,31/8/2026
2200 | DIA | Awareness | A gift of Grace A Present of Pearls | 1 - 31 Aug 26,Awareness   - A gift of Grace A Present of Pearls | 1 - 31 Aug 26,2200 | DIA |  Awareness | A gift of Grace A Present of Pearls | 1 - 31 Aug 26  [BKK],55-64,unknown,9,12,,,0,THB,,,0,0.08999637,1/8/2026,31/8/2026
2200 | Pearl | Message  | A gift of Grace A Present of Pearls | 1 - 31 Aug 26,Message - Pearl - A gift of Grace A Present of Pearls | 1 - 31 Aug 26,2200 | Pearl | Message | A gift of Grace A Present of Pearls | 1 - 31 Aug 26  [BKK],65+,unknown,1,1,,,0,THB,,,0,0.08,1/8/2026,31/8/2026
2200 | DIA | Message  | A gift of Grace A Present of Pearls | 1 - 31 Aug 26,Message - A gift of Grace A Present of Pearls | 1 - 31 Aug 26,2200 | DIA | Message | A gift of Grace A Present of Pearls | 1 - 31 Aug 26 [Other-Province],65+,unknown,1,1,,,0,THB,,,0,0.05999756,1/8/2026,31/8/2026
2200 | DIA | Message  | To Mom with love and light | 1 - 15 Aug 26,Message - To Mom with love and light - 1 - 15 Aug 26,2200 | DIA | Message | To Mom with love and light | 1 - 15 Aug 26  [BKK],65+,unknown,1,1,,,0,THB,,,0,0.03999899,1/8/2026,31/8/2026
2200 | DIA | Awareness | A gift of Grace A Present of Pearls | 1 - 31 Aug 26,Awareness  - A gift of Grace A Present of Pearls | 1 - 31 Aug 26,2200 | DIA | Awareness  | A gift of Grace A Present of Pearls | 1 - 31 Aug 26 [Other-Province],Unknown,female,5,5,,,0,THB,,,0,0.03999876,1/8/2026,31/8/2026
2200 | DIA | Awareness | A gift of Grace A Present of Pearls | 1 - 31 Aug 26,Awareness  - A gift of Grace A Present of Pearls | 1 - 31 Aug 26,2200 | DIA | Awareness  | A gift of Grace A Present of Pearls | 1 - 31 Aug 26 [Other-Province],Unknown,male,3,3,,,0,THB,,,0,0.02999907,1/8/2026,31/8/2026
2200 | Pearl | Awareness | A gift of Grace A Present of Pearls | 1 - 31 Aug 26,Awareness - Pearl - A gift of Grace A Present of Pearls | 1 - 31 Aug 26,2200 | Pearl | Awareness  | A gift of Grace A Present of Pearls | 1 - 31 Aug 26 [Other-Province],Unknown,female,3,3,,,0,THB,,,0,0.02999885,1/8/2026,31/8/2026
2200 | Pearl | Awareness | A gift of Grace A Present of Pearls | 1 - 31 Aug 26,Awareness - Pearl - A gift of Grace A Present of Pearls | 1 - 31 Aug 26,2200 | Pearl | Awareness  | A gift of Grace A Present of Pearls | 1 - 31 Aug 26 [Other-Province],Unknown,male,3,3,,,0,THB,,,0,0.02999885,1/8/2026,31/8/2026
"2200 | DIA | Message  | More than a gift, moment that last - 16 - 31 Aug 26","Message - More than a gift, moment that last - 16 - 31 Aug 26","2200 | DIA | Message | More than a gift, moment that last - 16 - 31 Aug 26 [Other-Province]",55-64,unknown,1,1,,,0,THB,,,0,0.02,1/8/2026,31/8/2026
2200 | DIA | Awareness | To Mom with love and light | 1 - 15 Aug 26,Awareness  - To Mom with love and light | 1 - 15 Aug 26,2200 | DIA | Awareness  | To Mom with love and light | 1 - 15 Aug 26 [Other-Province],Unknown,female,2,2,,,0,THB,,,0,0.01999929,1/8/2026,31/8/2026
2200 | DIA | Message  | A gift of Grace A Present of Pearls | 1 - 31 Aug 26,Message - A gift of Grace A Present of Pearls | 1 - 31 Aug 26,2200 | DIA | Message | A gift of Grace A Present of Pearls | 1 - 31 Aug 26 [Other-Province],18-24,unknown,2,2,,,0,THB,,,0,0.01999919,1/8/2026,31/8/2026
2200 | DIA | Message | Wedding Package | 1 - 31 Aug 26,Message - Wedding Package - 1 - 31 Aug 26,2200 | DIA | Message | Wedding Package | 1 - 31 Aug 26 [Other-Province],45-54,unknown,1,1,,,0,THB,,,0,0.01999822,1/8/2026,31/8/2026
2200 | DIA | Message  | วันแม่ปีนี้ มอบสิ่งล้ำค่าแทนคำว่ารัก | 1 - 31 Aug 26,Message - วันแม่ปีนี้ มอบสิ่งล้ำค่าแทนคำว่ารัก  - 1 - 31 AUG 26,2200 | DIA | Message | วันแม่ปีนี้ มอบสิ่งล้ำค่าแทนคำว่ารัก  - 1 - 31 AUG 26  [BKK],65+,unknown,1,2,,,0,THB,,,0,0.01999756,1/8/2026,31/8/2026
2200 | DIA | Message  | วันแม่ปีนี้ มอบสิ่งล้ำค่าแทนคำว่ารัก | 1 - 31 Aug 26,Message - วันแม่ปีนี้ มอบสิ่งล้ำค่าแทนคำว่ารัก  - 1 - 31 AUG 26,2200 | DIA | Message | วันแม่ปีนี้ มอบสิ่งล้ำค่าแทนคำว่ารัก  - 1 - 31 AUG 26 [Other-Province],65+,unknown,1,1,,,0,THB,,,0,0.01,1/8/2026,31/8/2026
2200 | DIA | Awareness | To Mom with love and light | 1 - 15 Aug 26,Awareness  - To Mom with love and light | 1 - 15 Aug 26,2200 | DIA | Awareness  | To Mom with love and light | 1 - 15 Aug 26 [Other-Province],Unknown,male,1,1,,,0,THB,,,0,0.00999964,1/8/2026,31/8/2026
2200 | DIA | Awareness | To Mom with love and light | 1 - 15 Aug 26,Awareness  - To Mom with love and light | 1 - 15 Aug 26,2200 | DIA | Awareness  | To Mom with love and light | 1 - 15 Aug 26 [Other-Province],Unknown,unknown,2,2,,,0,THB,,,0,0.00999964,1/8/2026,31/8/2026
2200 | DIA | Awareness | A gift of Grace A Present of Pearls | 1 - 31 Aug 26,Awareness   - A gift of Grace A Present of Pearls | 1 - 31 Aug 26,2200 | DIA |  Awareness | A gift of Grace A Present of Pearls | 1 - 31 Aug 26  [BKK],Unknown,male,1,1,,,0,THB,,,0,0.0099996,1/8/2026,31/8/2026
"2200 | DIA | Awareness | More than a gift, moment that last - 16 - 31 Aug 26","Awareness   - More than a gift, moment that last - 16 - 31 Aug 26","2200 | DIA |  Awareness | More than a gift, moment that last - 16 - 31 Aug 26  [BKK]",Unknown,male,1,1,,,0,THB,,,0,0.00999952,1/8/2026,31/8/2026
,,,,,,,,,,,,,,,,
,,,,,,,,,,,,,,,,
,,,,,,,,,,,,,,,,
,,,,,,,,,,,,,,,,
,,,,,,,,,,,,,,,,
,,,,,,,,,,,,,,,,
,,,,,,,,,,,,,,,,
,,,,,,,,,,,,,,,,
