"Campaign name","Ad name","Ad set name",Age,Gender,Reach,Impressions,"Post engagements","Messaging conversations started","Clicks (all)",Currency,"Cost per post engagement","Cost per messaging conversation started","CTR (all)","Amount spent (THB)","Reporting starts","Reporting ends"
"2200 | DIA | Message  |  𝑮𝒓𝒂𝒏𝒅 𝑺𝒂𝒍𝒆 เครื่องประดับเพชรแท้ ลดแรงสูงสุดในรอบปี | 𝐀𝐮𝐫𝐨𝐫𝐚 𝐃𝐢𝐚𝐦𝐨𝐧𝐝 | 1 - 14 Sep 26","Message -  𝑮𝒓𝒂𝒏𝒅 𝑺𝒂𝒍𝒆 เครื่องประดับเพชรแท้ ลดแรงสูงสุดในรอบปี | 𝐀𝐮𝐫𝐨𝐫𝐚 𝐃𝐢𝐚𝐦𝐨𝐧𝐝 | 1 - 14 Sep 26","2200 | DIA | Message |  𝑮𝒓𝒂𝒏𝒅 𝑺𝒂𝒍𝒆 เครื่องประดับเพชรแท้ ลดแรงสูงสุดในรอบปี | 𝐀𝐮𝐫𝐨𝐫𝐚 𝐃𝐢𝐚𝐦𝐨𝐧𝐝 | 1 - 14 Sep 26 [Other-Province]",35-44,female,6652,23924,1596,42,2021,THB,1.36973729,52.05001705,8.44758402,2186.10071594,2026-09-01,2026-09-18
"2200 | DIA | Message  |  𝑮𝒓𝒂𝒏𝒅 𝑺𝒂𝒍𝒆 เครื่องประดับเพชรแท้ ลดแรงสูงสุดในรอบปี | 𝐀𝐮𝐫𝐨𝐫𝐚 𝐃𝐢𝐚𝐦𝐨𝐧𝐝 | 1 - 14 Sep 26","Message -  𝑮𝒓𝒂𝒏𝒅 𝑺𝒂𝒍𝒆 เครื่องประดับเพชรแท้ ลดแรงสูงสุดในรอบปี | 𝐀𝐮𝐫𝐨𝐫𝐚 𝐃𝐢𝐚𝐦𝐨𝐧𝐝 | 1 - 14 Sep 26","2200 | DIA | Message | 𝑮𝒓𝒂𝒏𝒅 𝑺𝒂𝒍𝒆 เครื่องประดับเพชรแท้ ลดแรงสูงสุดในรอบปี | 𝐀𝐮𝐫𝐨𝐫𝐚 𝐃𝐢𝐚𝐦𝐨𝐧𝐝 | 1 - 14 Sep 26  [BKK]",35-44,female,6562,22574,1802,29,2251,THB,1.13282415,70.39134901,9.9716488,2041.34912135,2026-09-01,2026-09-18
"2200 | DIA | Awareness | 𝑮𝒓𝒂𝒏𝒅 𝑺𝒂𝒍𝒆 เครื่องประดับเพชรแท้ ลดแรงสูงสุดในรอบปี | 𝐀𝐮𝐫𝐨𝐫𝐚 𝐃𝐢𝐚𝐦𝐨𝐧𝐝 | 1 - 14 Sep 26","Awareness  - 𝑮𝒓𝒂𝒏𝒅 𝑺𝒂𝒍𝒆 เครื่องประดับเพชรแท้ ลดแรงสูงสุดในรอบปี | 𝐀𝐮𝐫𝐨𝐫𝐚 𝐃𝐢𝐚𝐦𝐨𝐧𝐝 | 1 - 14 Sep 26","2200 | DIA | Awareness  | 𝑮𝒓𝒂𝒏𝒅 𝑺𝒂𝒍𝒆 เครื่องประดับเพชรแท้ ลดแรงสูงสุดในรอบปี | 𝐀𝐮𝐫𝐨𝐫𝐚 𝐃𝐢𝐚𝐦𝐨𝐧𝐝 | 1 - 14 Sep 26 [Other-Province]",25-34,male,153166,197010,287,1,454,THB,5.7719864,1656.56009696,0.23044516,1656.56009696,2026-09-01,2026-09-18
"2200 | DIA | Message  |  𝑮𝒓𝒂𝒏𝒅 𝑺𝒂𝒍𝒆 เครื่องประดับเพชรแท้ ลดแรงสูงสุดในรอบปี | 𝐀𝐮𝐫𝐨𝐫𝐚 𝐃𝐢𝐚𝐦𝐨𝐧𝐝 | 1 - 14 Sep 26","Message -  𝑮𝒓𝒂𝒏𝒅 𝑺𝒂𝒍𝒆 เครื่องประดับเพชรแท้ ลดแรงสูงสุดในรอบปี | 𝐀𝐮𝐫𝐨𝐫𝐚 𝐃𝐢𝐚𝐦𝐨𝐧𝐝 | 1 - 14 Sep 26","2200 | DIA | Message |  𝑮𝒓𝒂𝒏𝒅 𝑺𝒂𝒍𝒆 เครื่องประดับเพชรแท้ ลดแรงสูงสุดในรอบปี | 𝐀𝐮𝐫𝐨𝐫𝐚 𝐃𝐢𝐚𝐦𝐨𝐧𝐝 | 1 - 14 Sep 26 [Other-Province]",25-34,female,6063,22121,1110,33,1442,THB,1.47194652,49.51092847,6.51869264,1633.86063965,2026-09-01,2026-09-18
"2200 | DIA | Message  |  𝑮𝒓𝒂𝒏𝒅 𝑺𝒂𝒍𝒆 เครื่องประดับเพชรแท้ ลดแรงสูงสุดในรอบปี | 𝐀𝐮𝐫𝐨𝐫𝐚 𝐃𝐢𝐚𝐦𝐨𝐧𝐝 | 1 - 14 Sep 26","Message -  𝑮𝒓𝒂𝒏𝒅 𝑺𝒂𝒍𝒆 เครื่องประดับเพชรแท้ ลดแรงสูงสุดในรอบปี | 𝐀𝐮𝐫𝐨𝐫𝐚 𝐃𝐢𝐚𝐦𝐨𝐧𝐝 | 1 - 14 Sep 26","2200 | DIA | Message | 𝑮𝒓𝒂𝒏𝒅 𝑺𝒂𝒍𝒆 เครื่องประดับเพชรแท้ ลดแรงสูงสุดในรอบปี | 𝐀𝐮𝐫𝐨𝐫𝐚 𝐃𝐢𝐚𝐦𝐨𝐧𝐝 | 1 - 14 Sep 26  [BKK]",25-34,female,5837,20283,1217,25,1593,THB,1.2871262,62.65730362,7.85386777,1566.4325906,2026-09-01,2026-09-18
"2200 | DIA | Message  |  𝑮𝒓𝒂𝒏𝒅 𝑺𝒂𝒍𝒆 เครื่องประดับเพชรแท้ ลดแรงสูงสุดในรอบปี | 𝐀𝐮𝐫𝐨𝐫𝐚 𝐃𝐢𝐚𝐦𝐨𝐧𝐝 | 1 - 14 Sep 26","Message -  𝑮𝒓𝒂𝒏𝒅 𝑺𝒂𝒍𝒆 เครื่องประดับเพชรแท้ ลดแรงสูงสุดในรอบปี | 𝐀𝐮𝐫𝐨𝐫𝐚 𝐃𝐢𝐚𝐦𝐨𝐧𝐝 | 1 - 14 Sep 26","2200 | DIA | Message |  𝑮𝒓𝒂𝒏𝒅 𝑺𝒂𝒍𝒆 เครื่องประดับเพชรแท้ ลดแรงสูงสุดในรอบปี | 𝐀𝐮𝐫𝐨𝐫𝐚 𝐃𝐢𝐚𝐦𝐨𝐧𝐝 | 1 - 14 Sep 26 [Other-Province]",45-54,female,3107,9353,731,21,914,THB,1.75446916,61.07223587,9.77226558,1282.51695327,2026-09-01,2026-09-18
"2200 | DIA | Message  |  𝑮𝒓𝒂𝒏𝒅 𝑺𝒂𝒍𝒆 เครื่องประดับเพชรแท้ ลดแรงสูงสุดในรอบปี | 𝐀𝐮𝐫𝐨𝐫𝐚 𝐃𝐢𝐚𝐦𝐨𝐧𝐝 | 1 - 14 Sep 26","Message -  𝑮𝒓𝒂𝒏𝒅 𝑺𝒂𝒍𝒆 เครื่องประดับเพชรแท้ ลดแรงสูงสุดในรอบปี | 𝐀𝐮𝐫𝐨𝐫𝐚 𝐃𝐢𝐚𝐦𝐨𝐧𝐝 | 1 - 14 Sep 26","2200 | DIA | Message | 𝑮𝒓𝒂𝒏𝒅 𝑺𝒂𝒍𝒆 เครื่องประดับเพชรแท้ ลดแรงสูงสุดในรอบปี | 𝐀𝐮𝐫𝐨𝐫𝐚 𝐃𝐢𝐚𝐦𝐨𝐧𝐝 | 1 - 14 Sep 26  [BKK]",45-54,female,3195,9826,922,22,1186,THB,1.35714551,56.87673474,12.07001832,1251.28816429,2026-09-01,2026-09-18
"2200 | DIA | Message  |  𝑮𝒓𝒂𝒏𝒅 𝑺𝒂𝒍𝒆 ลดครั้งยิ่งใหญ่ที่สุดในรอบปี สูงสุด 𝟕𝟎% | 1 - 30 Sep 26","Message -  𝑮𝒓𝒂𝒏𝒅 𝑺𝒂𝒍𝒆 ลดครั้งยิ่งใหญ่ที่สุดในรอบปี สูงสุด 𝟕𝟎% | 1 - 30 Sep 26","2200 | DIA | Message | 𝑮𝒓𝒂𝒏𝒅 𝑺𝒂𝒍𝒆 ลดครั้งยิ่งใหญ่ที่สุดในรอบปี สูงสุด 𝟕𝟎% | 1 - 30 Sep 26 [Other-Province]",35-44,female,5935,15474,521,64,892,THB,2.31503214,18.84580853,5.76450821,1206.13174593,2026-09-01,2026-09-18
"2200 | DIA | Awareness | 𝑮𝒓𝒂𝒏𝒅 𝑺𝒂𝒍𝒆 เครื่องประดับเพชรแท้ ลดแรงสูงสุดในรอบปี | 𝐀𝐮𝐫𝐨𝐫𝐚 𝐃𝐢𝐚𝐦𝐨𝐧𝐝 | 1 - 14 Sep 26","Awareness  - 𝑮𝒓𝒂𝒏𝒅 𝑺𝒂𝒍𝒆 เครื่องประดับเพชรแท้ ลดแรงสูงสุดในรอบปี | 𝐀𝐮𝐫𝐨𝐫𝐚 𝐃𝐢𝐚𝐦𝐨𝐧𝐝 | 1 - 14 Sep 26","2200 | DIA | Awareness  | 𝑮𝒓𝒂𝒏𝒅 𝑺𝒂𝒍𝒆 เครื่องประดับเพชรแท้ ลดแรงสูงสุดในรอบปี | 𝐀𝐮𝐫𝐨𝐫𝐚 𝐃𝐢𝐚𝐦𝐨𝐧𝐝 | 1 - 14 Sep 26 [Other-Province]",35-44,male,82884,107795,126,1,214,THB,7.25135249,913.67041427,0.19852498,913.67041427,2026-09-01,2026-09-18
"2200 | DIA | Message  |  𝑮𝒓𝒂𝒏𝒅 𝑺𝒂𝒍𝒆 ลดครั้งยิ่งใหญ่ที่สุดในรอบปี สูงสุด 𝟕𝟎% | 1 - 30 Sep 26","Message -  𝑮𝒓𝒂𝒏𝒅 𝑺𝒂𝒍𝒆 ลดครั้งยิ่งใหญ่ที่สุดในรอบปี สูงสุด 𝟕𝟎% | 1 - 30 Sep 26","2200 | DIA | Message |𝑮𝒓𝒂𝒏𝒅 𝑺𝒂𝒍𝒆 ลดครั้งยิ่งใหญ่ที่สุดในรอบปี สูงสุด 𝟕𝟎% | 1 - 30 Sep 26  [BKK]",35-44,female,4412,11464,416,45,776,THB,2.10229252,19.43452638,6.76901605,874.5536869,2026-09-01,2026-09-18
"2200 | DIA | Message  |  𝑮𝒓𝒂𝒏𝒅 𝑺𝒂𝒍𝒆 ลดครั้งยิ่งใหญ่ที่สุดในรอบปี สูงสุด 𝟕𝟎% | 1 - 30 Sep 26","Message -  𝑮𝒓𝒂𝒏𝒅 𝑺𝒂𝒍𝒆 ลดครั้งยิ่งใหญ่ที่สุดในรอบปี สูงสุด 𝟕𝟎% | 1 - 30 Sep 26","2200 | DIA | Message | 𝑮𝒓𝒂𝒏𝒅 𝑺𝒂𝒍𝒆 ลดครั้งยิ่งใหญ่ที่สุดในรอบปี สูงสุด 𝟕𝟎% | 1 - 30 Sep 26 [Other-Province]",45-54,female,3490,9116,484,57,738,THB,1.78492251,15.1561841,8.09565599,863.90249359,2026-09-01,2026-09-18
"2200 | DIA | Awareness | 𝑮𝒓𝒂𝒏𝒅 𝑺𝒂𝒍𝒆 เครื่องประดับเพชรแท้ ลดแรงสูงสุดในรอบปี | 𝐀𝐮𝐫𝐨𝐫𝐚 𝐃𝐢𝐚𝐦𝐨𝐧𝐝 | 1 - 14 Sep 26","Awareness  - 𝑮𝒓𝒂𝒏𝒅 𝑺𝒂𝒍𝒆 เครื่องประดับเพชรแท้ ลดแรงสูงสุดในรอบปี | 𝐀𝐮𝐫𝐨𝐫𝐚 𝐃𝐢𝐚𝐦𝐨𝐧𝐝 | 1 - 14 Sep 26","2200 | DIA | Awareness  | 𝑮𝒓𝒂𝒏𝒅 𝑺𝒂𝒍𝒆 เครื่องประดับเพชรแท้ ลดแรงสูงสุดในรอบปี | 𝐀𝐮𝐫𝐨𝐫𝐚 𝐃𝐢𝐚𝐦𝐨𝐧𝐝 | 1 - 14 Sep 26 [Other-Province]",25-34,female,74059,96851,173,,249,THB,4.69685492,,0.25709595,812.55590185,2026-09-01,2026-09-18
"2200 | DIA | Awareness | 𝑮𝒓𝒂𝒏𝒅 𝑺𝒂𝒍𝒆 เครื่องประดับเพชรแท้ ลดแรงสูงสุดในรอบปี | 𝐀𝐮𝐫𝐨𝐫𝐚 𝐃𝐢𝐚𝐦𝐨𝐧𝐝 | 1 - 14 Sep 26","Awareness  - 𝑮𝒓𝒂𝒏𝒅 𝑺𝒂𝒍𝒆 เครื่องประดับเพชรแท้ ลดแรงสูงสุดในรอบปี | 𝐀𝐮𝐫𝐨𝐫𝐚 𝐃𝐢𝐚𝐦𝐨𝐧𝐝 | 1 - 14 Sep 26","2200 | DIA | Awareness  | 𝑮𝒓𝒂𝒏𝒅 𝑺𝒂𝒍𝒆 เครื่องประดับเพชรแท้ ลดแรงสูงสุดในรอบปี | 𝐀𝐮𝐫𝐨𝐫𝐚 𝐃𝐢𝐚𝐦𝐨𝐧𝐝 | 1 - 14 Sep 26 [Other-Province]",55-64,male,68424,89559,127,1,231,THB,5.99565886,761.44867548,0.25793053,761.44867548,2026-09-01,2026-09-18
"2200 | DIA | Awareness | 𝑮𝒓𝒂𝒏𝒅 𝑺𝒂𝒍𝒆 เครื่องประดับเพชรแท้ ลดแรงสูงสุดในรอบปี | 𝐀𝐮𝐫𝐨𝐫𝐚 𝐃𝐢𝐚𝐦𝐨𝐧𝐝 | 1 - 14 Sep 26","Awareness  - 𝑮𝒓𝒂𝒏𝒅 𝑺𝒂𝒍𝒆 เครื่องประดับเพชรแท้ ลดแรงสูงสุดในรอบปี | 𝐀𝐮𝐫𝐨𝐫𝐚 𝐃𝐢𝐚𝐦𝐨𝐧𝐝 | 1 - 14 Sep 26","2200 | DIA | Awareness  | 𝑮𝒓𝒂𝒏𝒅 𝑺𝒂𝒍𝒆 เครื่องประดับเพชรแท้ ลดแรงสูงสุดในรอบปี | 𝐀𝐮𝐫𝐨𝐫𝐚 𝐃𝐢𝐚𝐦𝐨𝐧𝐝 | 1 - 14 Sep 26 [Other-Province]",55-64,female,67820,89294,118,1,234,THB,6.42617667,758.28884697,0.26205568,758.28884697,2026-09-01,2026-09-18
"2200 | Pearl | Page Follower |  𝑷𝒆𝒂𝒓𝒍 𝑮𝒓𝒂𝒏𝒅 𝒔𝒂𝒍𝒆 ลดสูงสุด 𝟔𝟎% | 1 - 30 Sep 26","Page Follower |  𝑷𝒆𝒂𝒓𝒍 𝑮𝒓𝒂𝒏𝒅 𝒔𝒂𝒍𝒆 ลดสูงสุด 𝟔𝟎% | 1 - 30 Sep 26","2200 | Pearl | Page Follower |  𝑷𝒆𝒂𝒓𝒍 𝑮𝒓𝒂𝒏𝒅 𝒔𝒂𝒍𝒆 ลดสูงสุด 𝟔𝟎% | 1 - 30 Sep 26 [BKK]",35-44,female,12419,20360,922,3,1352,THB,0.79124869,243.17709847,6.64047151,729.53129541,2026-09-01,2026-09-18
"2200 | DIA | Awareness | 𝑮𝒓𝒂𝒏𝒅 𝑺𝒂𝒍𝒆 ลดครั้งยิ่งใหญ่ที่สุดในรอบปี สูงสุด 𝟕𝟎% | 1 - 30 Sep 26","Awareness  - 𝑮𝒓𝒂𝒏𝒅 𝑺𝒂𝒍𝒆 ลดครั้งยิ่งใหญ่ที่สุดในรอบปี สูงสุด 𝟕𝟎% | 1 - 30 Sep 26","2200 | DIA | Awareness  | 𝑮𝒓𝒂𝒏𝒅 𝑺𝒂𝒍𝒆 ลดครั้งยิ่งใหญ่ที่สุดในรอบปี สูงสุด 𝟕𝟎% | 1 - 30 Sep 26 [Other-Province]",25-34,male,67411,86712,149,,212,THB,4.8386545,,0.2444875,720.9595211,2026-09-01,2026-09-18
"2200 | DIA | Awareness | 𝐎𝐧𝐞 𝐏𝐫𝐢𝐜𝐞 เพชรแท้ ราคาเดียว 𝟏𝟓,𝟗𝟎𝟎.- | 1 - 30 Sep 26","Awareness  - 𝐎𝐧𝐞 𝐏𝐫𝐢𝐜𝐞 เพชรแท้ ราคาเดียว 𝟏𝟓,𝟗𝟎𝟎.- | 1 - 30 Sep 26","2200 | DIA | Awareness  |𝐎𝐧𝐞 𝐏𝐫𝐢𝐜𝐞 เพชรแท้ ราคาเดียว 𝟏𝟓,𝟗𝟎𝟎.- | 1 - 30 Sep 26 [Other-Province]",25-34,male,53154,86712,83,1,85,THB,8.65003898,717.95323518,0.09802565,717.95323518,2026-09-01,2026-09-18
"2200 | DIA | Awareness | 𝟗.𝟗 𝑫𝒐𝒖𝒃𝒍𝒆 𝑫𝒂𝒚 𝑺𝒂𝒍𝒆 | 7 - 9 Sep 26","Awareness  - 𝟗.𝟗 𝑫𝒐𝒖𝒃𝒍𝒆 𝑫𝒂𝒚 𝑺𝒂𝒍𝒆 | 7 - 9 Sep 26","2200 | DIA | Awareness  | 𝟗.𝟗 𝑫𝒐𝒖𝒃𝒍𝒆 𝑫𝒂𝒚 𝑺𝒂𝒍𝒆 | 7 - 9 Sep 26 [Other-Province]",25-34,male,62069,73071,70,,98,THB,9.35503533,,0.13411613,654.85247324,2026-09-01,2026-09-18
"2200 | DIA | Awareness | 𝑮𝒓𝒂𝒏𝒅 𝑺𝒂𝒍𝒆 เครื่องประดับเพชรแท้ ลดแรงสูงสุดในรอบปี | 𝐀𝐮𝐫𝐨𝐫𝐚 𝐃𝐢𝐚𝐦𝐨𝐧𝐝 | 1 - 14 Sep 26","Awareness  - 𝑮𝒓𝒂𝒏𝒅 𝑺𝒂𝒍𝒆 เครื่องประดับเพชรแท้ ลดแรงสูงสุดในรอบปี | 𝐀𝐮𝐫𝐨𝐫𝐚 𝐃𝐢𝐚𝐦𝐨𝐧𝐝 | 1 - 14 Sep 26","2200 | DIA | Awareness  | 𝑮𝒓𝒂𝒏𝒅 𝑺𝒂𝒍𝒆 เครื่องประดับเพชรแท้ ลดแรงสูงสุดในรอบปี | 𝐀𝐮𝐫𝐨𝐫𝐚 𝐃𝐢𝐚𝐦𝐨𝐧𝐝 | 1 - 14 Sep 26 [Other-Province]",45-54,male,56459,73587,80,,143,THB,7.88044732,,0.1943278,630.43578567,2026-09-01,2026-09-18
"2200 | DIA | Message  |  𝟗.𝟗 𝑫𝒐𝒖𝒃𝒍𝒆 𝑫𝒂𝒚 𝑺𝒂𝒍𝒆 | 7 - 9 Sep 26","Message -  𝟗.𝟗 𝑫𝒐𝒖𝒃𝒍𝒆 𝑫𝒂𝒚 𝑺𝒂𝒍𝒆 | 7 - 9 Sep 26","2200 | DIA | Message | 𝟗.𝟗 𝑫𝒐𝒖𝒃𝒍𝒆 𝑫𝒂𝒚 𝑺𝒂𝒍𝒆 | 7 - 9 Sep 26  [BKK]",35-44,female,2494,5423,115,10,222,THB,5.29078261,60.844,4.09367509,608.44,2026-09-01,2026-09-18
"2200 | DIA | Message  |  𝑮𝒓𝒂𝒏𝒅 𝑺𝒂𝒍𝒆 ลดครั้งยิ่งใหญ่ที่สุดในรอบปี สูงสุด 𝟕𝟎% | 1 - 30 Sep 26","Message -  𝑮𝒓𝒂𝒏𝒅 𝑺𝒂𝒍𝒆 ลดครั้งยิ่งใหญ่ที่สุดในรอบปี สูงสุด 𝟕𝟎% | 1 - 30 Sep 26","2200 | DIA | Message |𝑮𝒓𝒂𝒏𝒅 𝑺𝒂𝒍𝒆 ลดครั้งยิ่งใหญ่ที่สุดในรอบปี สูงสุด 𝟕𝟎% | 1 - 30 Sep 26  [BKK]",45-54,female,2480,6239,331,37,508,THB,1.8175588,16.25978282,8.1423305,601.61196421,2026-09-01,2026-09-18
"2200 | DIA | Message  |  𝐋𝐄𝐕𝐀 𝐂𝐨𝐥𝐥𝐞𝐜𝐭𝐢𝐨𝐧 เพชรแท้ พร้อมใบเซอร์ | 7 - 30 Sep 26","Message - 𝐋𝐄𝐕𝐀 𝐂𝐨𝐥𝐥𝐞𝐜𝐭𝐢𝐨𝐧 เพชรแท้ พร้อมใบเซอร์ | 7 - 30 Sep 26","2200 | DIA | Message | 𝐋𝐄𝐕𝐀 𝐂𝐨𝐥𝐥𝐞𝐜𝐭𝐢𝐨𝐧 เพชรแท้ พร้อมใบเซอร์ | 7 - 30 Sep 26 [Other-Province]",35-44,female,2086,5811,99,13,239,THB,5.30842383,40.42568915,4.11288935,525.533959,2026-09-01,2026-09-18
"2200 | DIA | Message | Wedding Package | 1 - 30 Sep 26","Message - Wedding Package - 1 - 30 Sep 26","2200 | DIA | Message | Wedding Package | 1 - 30 Sep 26 [Other-Province]",25-34,female,1320,4669,463,11,583,THB,1.1077937,46.62804396,12.48661384,512.90848357,2026-09-01,2026-09-18
"2200 | DIA | Message  |  𝐋𝐄𝐕𝐀 𝐂𝐨𝐥𝐥𝐞𝐜𝐭𝐢𝐨𝐧 เพชรแท้ พร้อมใบเซอร์ | 7 - 30 Sep 26","Message - 𝐋𝐄𝐕𝐀 𝐂𝐨𝐥𝐥𝐞𝐜𝐭𝐢𝐨𝐧 เพชรแท้ พร้อมใบเซอร์ | 7 - 30 Sep 26","2200 | DIA | Message | 𝐋𝐄𝐕𝐀 𝐂𝐨𝐥𝐥𝐞𝐜𝐭𝐢𝐨𝐧 เพชรแท้ พร้อมใบเซอร์ | 7 - 30 Sep 26 [Other-Province]",25-34,female,2213,6758,97,8,288,THB,5.21559007,63.2390296,4.26161586,505.91223679,2026-09-01,2026-09-18
"2200 | DIA | Message  |  𝑮𝒓𝒂𝒏𝒅 𝑺𝒂𝒍𝒆 ลดครั้งยิ่งใหญ่ที่สุดในรอบปี สูงสุด 𝟕𝟎% | 1 - 30 Sep 26","Message -  𝑮𝒓𝒂𝒏𝒅 𝑺𝒂𝒍𝒆 ลดครั้งยิ่งใหญ่ที่สุดในรอบปี สูงสุด 𝟕𝟎% | 1 - 30 Sep 26","2200 | DIA | Message |𝑮𝒓𝒂𝒏𝒅 𝑺𝒂𝒍𝒆 ลดครั้งยิ่งใหญ่ที่สุดในรอบปี สูงสุด 𝟕𝟎% | 1 - 30 Sep 26  [BKK]",25-34,female,2908,7227,199,32,387,THB,2.53093965,15.73928095,5.35491905,503.65699052,2026-09-01,2026-09-18
"2200 | Pearl | Page Follower |  𝑷𝒆𝒂𝒓𝒍 𝑮𝒓𝒂𝒏𝒅 𝒔𝒂𝒍𝒆 ลดสูงสุด 𝟔𝟎% | 1 - 30 Sep 26","Page Follower |  𝑷𝒆𝒂𝒓𝒍 𝑮𝒓𝒂𝒏𝒅 𝒔𝒂𝒍𝒆 ลดสูงสุด 𝟔𝟎% | 1 - 30 Sep 26","2200 | Pearl | Page Follower |  𝑷𝒆𝒂𝒓𝒍 𝑮𝒓𝒂𝒏𝒅 𝒔𝒂𝒍𝒆 ลดสูงสุด 𝟔𝟎% | 1 - 30 Sep 26 [Other-Province]",35-44,female,8213,13880,593,,850,THB,0.84908768,,6.12391931,503.50899569,2026-09-01,2026-09-18
"2200 | DIA | Message  |  𝟗.𝟗 𝑫𝒐𝒖𝒃𝒍𝒆 𝑫𝒂𝒚 𝑺𝒂𝒍𝒆 | 7 - 9 Sep 26","Message -  𝟗.𝟗 𝑫𝒐𝒖𝒃𝒍𝒆 𝑫𝒂𝒚 𝑺𝒂𝒍𝒆 | 7 - 9 Sep 26","2200 | DIA | Message | 𝟗.𝟗 𝑫𝒐𝒖𝒃𝒍𝒆 𝑫𝒂𝒚 𝑺𝒂𝒍𝒆 | 7 - 9 Sep 26 [Other-Province]",35-44,female,2099,4366,86,8,151,THB,5.8344186,62.72,3.45854329,501.76,2026-09-01,2026-09-18
"2200 | DIA | Message  |  𝑮𝒓𝒂𝒏𝒅 𝑺𝒂𝒍𝒆 ลดครั้งยิ่งใหญ่ที่สุดในรอบปี สูงสุด 𝟕𝟎% | 1 - 30 Sep 26","Message -  𝑮𝒓𝒂𝒏𝒅 𝑺𝒂𝒍𝒆 ลดครั้งยิ่งใหญ่ที่สุดในรอบปี สูงสุด 𝟕𝟎% | 1 - 30 Sep 26","2200 | DIA | Message | 𝑮𝒓𝒂𝒏𝒅 𝑺𝒂𝒍𝒆 ลดครั้งยิ่งใหญ่ที่สุดในรอบปี สูงสุด 𝟕𝟎% | 1 - 30 Sep 26 [Other-Province]",25-34,female,3216,8184,213,32,422,THB,2.34672212,15.62036911,5.15640274,499.85181165,2026-09-01,2026-09-18
"2200 | DIA | Message  |  𝐎𝐧𝐞 𝐏𝐫𝐢𝐜𝐞 เพชรแท้ ราคาเดียว 𝟏𝟓,𝟗𝟎𝟎.- | 1 - 30 Sep 26","Message -  𝐎𝐧𝐞 𝐏𝐫𝐢𝐜𝐞 เพชรแท้ ราคาเดียว 𝟏𝟓,𝟗𝟎𝟎.- | 1 - 30 Sep 26","2200 | DIA | Message |𝐎𝐧𝐞 𝐏𝐫𝐢𝐜𝐞 เพชรแท้ ราคาเดียว 𝟏𝟓,𝟗𝟎𝟎.- | 1 - 30 Sep 26  [BKK]",25-34,female,1404,3096,99,6,165,THB,5.00260149,82.54292452,5.32945736,495.25754713,2026-09-01,2026-09-18
"2200 | DIA | Awareness | 𝑮𝒓𝒂𝒏𝒅 𝑺𝒂𝒍𝒆 เครื่องประดับเพชรแท้ ลดแรงสูงสุดในรอบปี | 𝐀𝐮𝐫𝐨𝐫𝐚 𝐃𝐢𝐚𝐦𝐨𝐧𝐝 | 1 - 14 Sep 26","Awareness  - 𝑮𝒓𝒂𝒏𝒅 𝑺𝒂𝒍𝒆 เครื่องประดับเพชรแท้ ลดแรงสูงสุดในรอบปี | 𝐀𝐮𝐫𝐨𝐫𝐚 𝐃𝐢𝐚𝐦𝐨𝐧𝐝 | 1 - 14 Sep 26","2200 | DIA | Awareness  | 𝑮𝒓𝒂𝒏𝒅 𝑺𝒂𝒍𝒆 เครื่องประดับเพชรแท้ ลดแรงสูงสุดในรอบปี | 𝐀𝐮𝐫𝐨𝐫𝐚 𝐃𝐢𝐚𝐦𝐨𝐧𝐝 | 1 - 14 Sep 26 [Other-Province]",65+,male,44368,57970,66,1,133,THB,7.44686858,491.49332621,0.22942902,491.49332621,2026-09-01,2026-09-18
"2200 | DIA | Message  |  𝟗.𝟗 𝑫𝒐𝒖𝒃𝒍𝒆 𝑫𝒂𝒚 𝑺𝒂𝒍𝒆 | 7 - 9 Sep 26","Message -  𝟗.𝟗 𝑫𝒐𝒖𝒃𝒍𝒆 𝑫𝒂𝒚 𝑺𝒂𝒍𝒆 | 7 - 9 Sep 26","2200 | DIA | Message | 𝟗.𝟗 𝑫𝒐𝒖𝒃𝒍𝒆 𝑫𝒂𝒚 𝑺𝒂𝒍𝒆 | 7 - 9 Sep 26  [BKK]",25-34,female,1972,4380,76,4,155,THB,6.3775,121.1725,3.53881279,484.69,2026-09-01,2026-09-18
"2200 | DIA | Awareness | 𝑮𝒓𝒂𝒏𝒅 𝑺𝒂𝒍𝒆 เครื่องประดับเพชรแท้ ลดแรงสูงสุดในรอบปี | 𝐀𝐮𝐫𝐨𝐫𝐚 𝐃𝐢𝐚𝐦𝐨𝐧𝐝 | 1 - 14 Sep 26","Awareness  - 𝑮𝒓𝒂𝒏𝒅 𝑺𝒂𝒍𝒆 เครื่องประดับเพชรแท้ ลดแรงสูงสุดในรอบปี | 𝐀𝐮𝐫𝐨𝐫𝐚 𝐃𝐢𝐚𝐦𝐨𝐧𝐝 | 1 - 14 Sep 26","2200 | DIA | Awareness  | 𝑮𝒓𝒂𝒏𝒅 𝑺𝒂𝒍𝒆 เครื่องประดับเพชรแท้ ลดแรงสูงสุดในรอบปี | 𝐀𝐮𝐫𝐨𝐫𝐚 𝐃𝐢𝐚𝐦𝐨𝐧𝐝 | 1 - 14 Sep 26 [Other-Province]",65+,female,40667,55546,81,,172,THB,5.83474507,,0.30965326,472.61435079,2026-09-01,2026-09-18
"2200 | DIA | Message  |  𝐎𝐧𝐞 𝐏𝐫𝐢𝐜𝐞 เพชรแท้ ราคาเดียว 𝟏𝟓,𝟗𝟎𝟎.- | 1 - 30 Sep 26","Message -  𝐎𝐧𝐞 𝐏𝐫𝐢𝐜𝐞 เพชรแท้ ราคาเดียว 𝟏𝟓,𝟗𝟎𝟎.- | 1 - 30 Sep 26","2200 | DIA | Message | 𝐎𝐧𝐞 𝐏𝐫𝐢𝐜𝐞 เพชรแท้ ราคาเดียว 𝟏𝟓,𝟗𝟎𝟎.- | 1 - 30 Sep 26 [Other-Province]",35-44,female,1621,3111,116,11,172,THB,3.95983317,41.75824074,5.52876888,459.34064809,2026-09-01,2026-09-18
"2200 | Pearl | Message  |  𝑷𝒆𝒂𝒓𝒍 𝑮𝒓𝒂𝒏𝒅 𝒔𝒂𝒍𝒆 ลดสูงสุด 𝟔𝟎% | 1 - 30 Sep 26","Message - Pearl -  𝑷𝒆𝒂𝒓𝒍 𝑮𝒓𝒂𝒏𝒅 𝒔𝒂𝒍𝒆 ลดสูงสุด 𝟔𝟎% | 1 - 30 Sep 26","2200 | Pearl | Message |  𝑷𝒆𝒂𝒓𝒍 𝑮𝒓𝒂𝒏𝒅 𝒔𝒂𝒍𝒆 ลดสูงสุด 𝟔𝟎% | 1 - 30 Sep 26 [BKK]",35-44,female,3245,6942,323,62,498,THB,1.4168627,7.38139761,7.17372515,457.64665197,2026-09-01,2026-09-18
"2200 | DIA | Awareness | 𝑮𝒓𝒂𝒏𝒅 𝑺𝒂𝒍𝒆 เครื่องประดับเพชรแท้ ลดแรงสูงสุดในรอบปี | 𝐀𝐮𝐫𝐨𝐫𝐚 𝐃𝐢𝐚𝐦𝐨𝐧𝐝 | 1 - 14 Sep 26","Awareness  - 𝑮𝒓𝒂𝒏𝒅 𝑺𝒂𝒍𝒆 เครื่องประดับเพชรแท้ ลดแรงสูงสุดในรอบปี | 𝐀𝐮𝐫𝐨𝐫𝐚 𝐃𝐢𝐚𝐦𝐨𝐧𝐝 | 1 - 14 Sep 26","2200 | DIA | Awareness  | 𝑮𝒓𝒂𝒏𝒅 𝑺𝒂𝒍𝒆 เครื่องประดับเพชรแท้ ลดแรงสูงสุดในรอบปี | 𝐀𝐮𝐫𝐨𝐫𝐚 𝐃𝐢𝐚𝐦𝐨𝐧𝐝 | 1 - 14 Sep 26 [Other-Province]",45-54,female,39952,50815,75,,130,THB,5.87594777,,0.25582997,440.69608302,2026-09-01,2026-09-18
"2200 | DIA | Awareness | 𝑮𝒓𝒂𝒏𝒅 𝑺𝒂𝒍𝒆 ลดครั้งยิ่งใหญ่ที่สุดในรอบปี สูงสุด 𝟕𝟎% | 1 - 30 Sep 26","Awareness  - 𝑮𝒓𝒂𝒏𝒅 𝑺𝒂𝒍𝒆 ลดครั้งยิ่งใหญ่ที่สุดในรอบปี สูงสุด 𝟕𝟎% | 1 - 30 Sep 26","2200 | DIA | Awareness  | 𝑮𝒓𝒂𝒏𝒅 𝑺𝒂𝒍𝒆 ลดครั้งยิ่งใหญ่ที่สุดในรอบปี สูงสุด 𝟕𝟎% | 1 - 30 Sep 26 [Other-Province]",25-34,female,43628,53296,121,,178,THB,3.61774848,,0.33398379,437.74756576,2026-09-01,2026-09-18
"2200 | DIA | Message  |  𝑮𝒓𝒂𝒏𝒅 𝑺𝒂𝒍𝒆 เครื่องประดับเพชรแท้ ลดแรงสูงสุดในรอบปี | 𝐀𝐮𝐫𝐨𝐫𝐚 𝐃𝐢𝐚𝐦𝐨𝐧𝐝 | 1 - 14 Sep 26","Message -  𝑮𝒓𝒂𝒏𝒅 𝑺𝒂𝒍𝒆 เครื่องประดับเพชรแท้ ลดแรงสูงสุดในรอบปี | 𝐀𝐮𝐫𝐨𝐫𝐚 𝐃𝐢𝐚𝐦𝐨𝐧𝐝 | 1 - 14 Sep 26","2200 | DIA | Message | 𝑮𝒓𝒂𝒏𝒅 𝑺𝒂𝒍𝒆 เครื่องประดับเพชรแท้ ลดแรงสูงสุดในรอบปี | 𝐀𝐮𝐫𝐨𝐫𝐚 𝐃𝐢𝐚𝐦𝐨𝐧𝐝 | 1 - 14 Sep 26  [BKK]",55-64,female,1085,2518,239,7,317,THB,1.8042623,61.60267003,12.58935663,431.21869019,2026-09-01,2026-09-18
"2200 | Pearl | Page Follower |  𝑷𝒆𝒂𝒓𝒍 𝑮𝒓𝒂𝒏𝒅 𝒔𝒂𝒍𝒆 ลดสูงสุด 𝟔𝟎% | 1 - 30 Sep 26","Page Follower |  𝑷𝒆𝒂𝒓𝒍 𝑮𝒓𝒂𝒏𝒅 𝒔𝒂𝒍𝒆 ลดสูงสุด 𝟔𝟎% | 1 - 30 Sep 26","2200 | Pearl | Page Follower |  𝑷𝒆𝒂𝒓𝒍 𝑮𝒓𝒂𝒏𝒅 𝒔𝒂𝒍𝒆 ลดสูงสุด 𝟔𝟎% | 1 - 30 Sep 26 [BKK]",25-34,female,8381,13139,559,,750,THB,0.74391402,,5.70819697,415.84793758,2026-09-01,2026-09-18
"2200 | DIA | Awareness | 𝑮𝒓𝒂𝒏𝒅 𝑺𝒂𝒍𝒆 เครื่องประดับเพชรแท้ ลดแรงสูงสุดในรอบปี | 𝐀𝐮𝐫𝐨𝐫𝐚 𝐃𝐢𝐚𝐦𝐨𝐧𝐝 | 1 - 14 Sep 26","Awareness  - 𝑮𝒓𝒂𝒏𝒅 𝑺𝒂𝒍𝒆 เครื่องประดับเพชรแท้ ลดแรงสูงสุดในรอบปี | 𝐀𝐮𝐫𝐨𝐫𝐚 𝐃𝐢𝐚𝐦𝐨𝐧𝐝 | 1 - 14 Sep 26","2200 | DIA | Awareness  | 𝑮𝒓𝒂𝒏𝒅 𝑺𝒂𝒍𝒆 เครื่องประดับเพชรแท้ ลดแรงสูงสุดในรอบปี | 𝐀𝐮𝐫𝐨𝐫𝐚 𝐃𝐢𝐚𝐦𝐨𝐧𝐝 | 1 - 14 Sep 26 [Other-Province]",35-44,female,39504,48989,83,,139,THB,4.97647691,,0.28373717,413.04758353,2026-09-01,2026-09-18
"2200 | DIA | Message  |  𝐎𝐧𝐞 𝐏𝐫𝐢𝐜𝐞 เพชรแท้ ราคาเดียว 𝟏𝟓,𝟗𝟎𝟎.- | 1 - 30 Sep 26","Message -  𝐎𝐧𝐞 𝐏𝐫𝐢𝐜𝐞 เพชรแท้ ราคาเดียว 𝟏𝟓,𝟗𝟎𝟎.- | 1 - 30 Sep 26","2200 | DIA | Message |𝐎𝐧𝐞 𝐏𝐫𝐢𝐜𝐞 เพชรแท้ ราคาเดียว 𝟏𝟓,𝟗𝟎𝟎.- | 1 - 30 Sep 26  [BKK]",35-44,female,1487,3170,169,6,226,THB,2.39866358,67.56235746,7.12933754,405.37414475,2026-09-01,2026-09-18
"2200 | DIA | Awareness | 𝑷𝒆𝒂𝒓𝒍 𝑮𝒓𝒂𝒏𝒅 𝒔𝒂𝒍𝒆 ลดสูงสุด 𝟔𝟎% | 1 - 30 Sep 26","Awareness  - 𝑷𝒆𝒂𝒓𝒍 𝑮𝒓𝒂𝒏𝒅 𝒔𝒂𝒍𝒆 ลดสูงสุด 𝟔𝟎% | 1 - 30 Sep 26","2200 | DIA | Awareness  | 𝑷𝒆𝒂𝒓𝒍 𝑮𝒓𝒂𝒏𝒅 𝒔𝒂𝒍𝒆 ลดสูงสุด 𝟔𝟎% | 1 - 30 Sep 26 [Other-Province]",18-24,male,30836,48291,20,,17,THB,20.14089392,,0.03520325,402.8178785,2026-09-01,2026-09-18
"2200 | DIA | Awareness | 𝟗.𝟗 𝑫𝒐𝒖𝒃𝒍𝒆 𝑫𝒂𝒚 𝑺𝒂𝒍𝒆 | 7 - 9 Sep 26","Awareness  - 𝟗.𝟗 𝑫𝒐𝒖𝒃𝒍𝒆 𝑫𝒂𝒚 𝑺𝒂𝒍𝒆 | 7 - 9 Sep 26","2200 | DIA | Awareness  | 𝟗.𝟗 𝑫𝒐𝒖𝒃𝒍𝒆 𝑫𝒂𝒚 𝑺𝒂𝒍𝒆 | 7 - 9 Sep 26 [Other-Province]",25-34,female,39738,44705,60,1,94,THB,6.69832072,401.89924339,0.21026731,401.89924339,2026-09-01,2026-09-18
"2200 | DIA | Message  |  𝑮𝒓𝒂𝒏𝒅 𝑺𝒂𝒍𝒆 เครื่องประดับเพชรแท้ ลดแรงสูงสุดในรอบปี | 𝐀𝐮𝐫𝐨𝐫𝐚 𝐃𝐢𝐚𝐦𝐨𝐧𝐝 | 1 - 14 Sep 26","Message -  𝑮𝒓𝒂𝒏𝒅 𝑺𝒂𝒍𝒆 เครื่องประดับเพชรแท้ ลดแรงสูงสุดในรอบปี | 𝐀𝐮𝐫𝐨𝐫𝐚 𝐃𝐢𝐚𝐦𝐨𝐧𝐝 | 1 - 14 Sep 26","2200 | DIA | Message |  𝑮𝒓𝒂𝒏𝒅 𝑺𝒂𝒍𝒆 เครื่องประดับเพชรแท้ ลดแรงสูงสุดในรอบปี | 𝐀𝐮𝐫𝐨𝐫𝐚 𝐃𝐢𝐚𝐦𝐨𝐧𝐝 | 1 - 14 Sep 26 [Other-Province]",55-64,female,1251,2680,188,8,271,THB,2.08363277,48.9653701,10.1119403,391.72296077,2026-09-01,2026-09-18
"2200 | Pearl | Page Follower |  𝑷𝒆𝒂𝒓𝒍 𝑮𝒓𝒂𝒏𝒅 𝒔𝒂𝒍𝒆 ลดสูงสุด 𝟔𝟎% | 1 - 30 Sep 26","Page Follower |  𝑷𝒆𝒂𝒓𝒍 𝑮𝒓𝒂𝒏𝒅 𝒔𝒂𝒍𝒆 ลดสูงสุด 𝟔𝟎% | 1 - 30 Sep 26","2200 | Pearl | Page Follower |  𝑷𝒆𝒂𝒓𝒍 𝑮𝒓𝒂𝒏𝒅 𝒔𝒂𝒍𝒆 ลดสูงสุด 𝟔𝟎% | 1 - 30 Sep 26 [BKK]",45-54,female,5802,9473,541,3,801,THB,0.71815044,129.50646249,8.45561068,388.51938747,2026-09-01,2026-09-18
"2200 | DIA | Message  | 𝑷𝒆𝒂𝒓𝒍 𝑮𝒓𝒂𝒏𝒅 𝒔𝒂𝒍𝒆 ลดสูงสุด 𝟔𝟎% | 1 - 30 Sep 26","Message -𝑷𝒆𝒂𝒓𝒍 𝑮𝒓𝒂𝒏𝒅 𝒔𝒂𝒍𝒆 ลดสูงสุด 𝟔𝟎% | 1 - 30 Sep 26","2200 | DIA | Message | 𝑷𝒆𝒂𝒓𝒍 𝑮𝒓𝒂𝒏𝒅 𝒔𝒂𝒍𝒆 ลดสูงสุด 𝟔𝟎% | 1 - 30 Sep 26  [BKK]",35-44,female,1970,3978,164,24,260,THB,2.36612664,16.16853205,6.53594771,388.04476918,2026-09-01,2026-09-18
"2200 | DIA | Message  | 𝑷𝒆𝒂𝒓𝒍 𝑮𝒓𝒂𝒏𝒅 𝒔𝒂𝒍𝒆 ลดสูงสุด 𝟔𝟎% | 1 - 30 Sep 26","Message -𝑷𝒆𝒂𝒓𝒍 𝑮𝒓𝒂𝒏𝒅 𝒔𝒂𝒍𝒆 ลดสูงสุด 𝟔𝟎% | 1 - 30 Sep 26","2200 | DIA | Message | 𝑷𝒆𝒂𝒓𝒍 𝑮𝒓𝒂𝒏𝒅 𝒔𝒂𝒍𝒆 ลดสูงสุด 𝟔𝟎% | 1 - 30 Sep 26  [BKK]",45-54,female,1495,2927,178,30,252,THB,2.14009647,12.69790574,8.60949778,380.93717208,2026-09-01,2026-09-18
"2200 | Pearl | Message  |  𝑷𝒆𝒂𝒓𝒍 𝑮𝒓𝒂𝒏𝒅 𝒔𝒂𝒍𝒆 ลดสูงสุด 𝟔𝟎% | 1 - 30 Sep 26","Message - Pearl -  𝑷𝒆𝒂𝒓𝒍 𝑮𝒓𝒂𝒏𝒅 𝒔𝒂𝒍𝒆 ลดสูงสุด 𝟔𝟎% | 1 - 30 Sep 26","2200 | Pearl | Message |  𝑷𝒆𝒂𝒓𝒍 𝑮𝒓𝒂𝒏𝒅 𝒔𝒂𝒍𝒆 ลดสูงสุด 𝟔𝟎% | 1 - 30 Sep 26 [BKK]",45-54,female,2124,4581,246,52,391,THB,1.54554843,7.31163297,8.53525431,380.20491419,2026-09-01,2026-09-18
"2200 | DIA | Message | Wedding Package | 1 - 30 Sep 26","Message - Wedding Package -1 - 30 Sep 26","2200 | DIA | Message | Wedding Package | 1 - 30 Sep 26  [BKK]",25-34,female,1051,2875,291,5,379,THB,1.24315738,72.35175938,13.1826087,361.75879689,2026-09-01,2026-09-18
"2200 | DIA | Message  |  𝟗.𝟗 𝑫𝒐𝒖𝒃𝒍𝒆 𝑫𝒂𝒚 𝑺𝒂𝒍𝒆 | 7 - 9 Sep 26","Message -  𝟗.𝟗 𝑫𝒐𝒖𝒃𝒍𝒆 𝑫𝒂𝒚 𝑺𝒂𝒍𝒆 | 7 - 9 Sep 26","2200 | DIA | Message | 𝟗.𝟗 𝑫𝒐𝒖𝒃𝒍𝒆 𝑫𝒂𝒚 𝑺𝒂𝒍𝒆 | 7 - 9 Sep 26 [Other-Province]",25-34,female,1617,3414,46,8,97,THB,7.84217391,45.0925,2.84124194,360.74,2026-09-01,2026-09-18
"2200 | DIA | Message  |  𝐎𝐧𝐞 𝐏𝐫𝐢𝐜𝐞 เพชรแท้ ราคาเดียว 𝟏𝟓,𝟗𝟎𝟎.- | 1 - 30 Sep 26","Message -  𝐎𝐧𝐞 𝐏𝐫𝐢𝐜𝐞 เพชรแท้ ราคาเดียว 𝟏𝟓,𝟗𝟎𝟎.- | 1 - 30 Sep 26","2200 | DIA | Message | 𝐎𝐧𝐞 𝐏𝐫𝐢𝐜𝐞 เพชรแท้ ราคาเดียว 𝟏𝟓,𝟗𝟎𝟎.- | 1 - 30 Sep 26 [Other-Province]",25-34,female,1728,3592,86,5,128,THB,4.04753569,69.61761382,3.56347439,348.08806911,2026-09-01,2026-09-18
"2200 | Pearl | Awareness |  𝑷𝒆𝒂𝒓𝒍 𝑮𝒓𝒂𝒏𝒅 𝒔𝒂𝒍𝒆 ลดสูงสุด 𝟔𝟎% | 1 - 30 Sep 26","Awareness - Pearl - 𝑷𝒆𝒂𝒓𝒍 𝑮𝒓𝒂𝒏𝒅 𝒔𝒂𝒍𝒆 ลดสูงสุด 𝟔𝟎% | 1 - 30 Sep 26","2200 | Pearl | Awareness  |  𝑷𝒆𝒂𝒓𝒍 𝑮𝒓𝒂𝒏𝒅 𝒔𝒂𝒍𝒆 ลดสูงสุด 𝟔𝟎% | 1 - 30 Sep 26 [Other-Province]",18-24,male,25744,39543,22,,20,THB,15.8184199,,0.05057785,348.00523782,2026-09-01,2026-09-18
"2200 | DIA | Awareness | 𝑮𝒓𝒂𝒏𝒅 𝑺𝒂𝒍𝒆 ลดครั้งยิ่งใหญ่ที่สุดในรอบปี สูงสุด 𝟕𝟎% | 1 - 30 Sep 26","Awareness  - 𝑮𝒓𝒂𝒏𝒅 𝑺𝒂𝒍𝒆 ลดครั้งยิ่งใหญ่ที่สุดในรอบปี สูงสุด 𝟕𝟎% | 1 - 30 Sep 26","2200 | DIA | Awareness  | 𝑮𝒓𝒂𝒏𝒅 𝑺𝒂𝒍𝒆 ลดครั้งยิ่งใหญ่ที่สุดในรอบปี สูงสุด 𝟕𝟎% | 1 - 30 Sep 26 [Other-Province]",35-44,male,33640,41576,64,1,97,THB,5.38172213,344.43021644,0.23330768,344.43021644,2026-09-01,2026-09-18
"2200 | DIA | Message | Wedding Package | 1 - 30 Sep 26","Message - Wedding Package - 1 - 30 Sep 26","2200 | DIA | Message | Wedding Package | 1 - 30 Sep 26 [Other-Province]",35-44,female,479,1508,142,2,179,THB,2.22002432,157.62172688,11.87002653,315.24345376,2026-09-01,2026-09-18
"2200 | DIA | Message  |  𝟗.𝟗 𝑫𝒐𝒖𝒃𝒍𝒆 𝑫𝒂𝒚 𝑺𝒂𝒍𝒆 | 7 - 9 Sep 26","Message -  𝟗.𝟗 𝑫𝒐𝒖𝒃𝒍𝒆 𝑫𝒂𝒚 𝑺𝒂𝒍𝒆 | 7 - 9 Sep 26","2200 | DIA | Message | 𝟗.𝟗 𝑫𝒐𝒖𝒃𝒍𝒆 𝑫𝒂𝒚 𝑺𝒂𝒍𝒆 | 7 - 9 Sep 26  [BKK]",45-54,female,959,1836,76,8,114,THB,4.07118421,38.67625,6.20915033,309.41,2026-09-01,2026-09-18
"2200 | DIA | Awareness | 𝑮𝒓𝒂𝒏𝒅 𝑺𝒂𝒍𝒆 ลดครั้งยิ่งใหญ่ที่สุดในรอบปี สูงสุด 𝟕𝟎% | 1 - 30 Sep 26","Awareness  - 𝑮𝒓𝒂𝒏𝒅 𝑺𝒂𝒍𝒆 ลดครั้งยิ่งใหญ่ที่สุดในรอบปี สูงสุด 𝟕𝟎% | 1 - 30 Sep 26","2200 | DIA | Awareness  | 𝑮𝒓𝒂𝒏𝒅 𝑺𝒂𝒍𝒆 ลดครั้งยิ่งใหญ่ที่สุดในรอบปี สูงสุด 𝟕𝟎% | 1 - 30 Sep 26 [Other-Province]",55-64,female,29252,35960,111,1,154,THB,2.67523932,296.95156507,0.42825362,296.95156507,2026-09-01,2026-09-18
"2200 | DIA | Message  |  𝐋𝐄𝐕𝐀 𝐂𝐨𝐥𝐥𝐞𝐜𝐭𝐢𝐨𝐧 เพชรแท้ พร้อมใบเซอร์ | 7 - 30 Sep 26","Message - 𝐋𝐄𝐕𝐀 𝐂𝐨𝐥𝐥𝐞𝐜𝐭𝐢𝐨𝐧 เพชรแท้ พร้อมใบเซอร์ | 7 - 30 Sep 26","2200 | DIA | Message | 𝐋𝐄𝐕𝐀 𝐂𝐨𝐥𝐥𝐞𝐜𝐭𝐢𝐨𝐧 เพชรแท้ พร้อมใบเซอร์ | 7 - 30 Sep 26 [Other-Province]",45-54,female,955,2336,69,5,124,THB,4.28342853,59.11131366,5.30821918,295.55656831,2026-09-01,2026-09-18
"2200 | DIA | Message  |  𝟗.𝟗 𝑫𝒐𝒖𝒃𝒍𝒆 𝑫𝒂𝒚 𝑺𝒂𝒍𝒆 | 7 - 9 Sep 26","Message -  𝟗.𝟗 𝑫𝒐𝒖𝒃𝒍𝒆 𝑫𝒂𝒚 𝑺𝒂𝒍𝒆 | 7 - 9 Sep 26","2200 | DIA | Message | 𝟗.𝟗 𝑫𝒐𝒖𝒃𝒍𝒆 𝑫𝒂𝒚 𝑺𝒂𝒍𝒆 | 7 - 9 Sep 26 [Other-Province]",45-54,female,977,1732,87,8,141,THB,3.32862069,36.19875,8.1408776,289.59,2026-09-01,2026-09-18
"2200 | DIA | Awareness | 𝑷𝒆𝒂𝒓𝒍 𝑮𝒓𝒂𝒏𝒅 𝒔𝒂𝒍𝒆 ลดสูงสุด 𝟔𝟎% | 1 - 30 Sep 26","Awareness  - 𝑷𝒆𝒂𝒓𝒍 𝑮𝒓𝒂𝒏𝒅 𝒔𝒂𝒍𝒆 ลดสูงสุด 𝟔𝟎% | 1 - 30 Sep 26","2200 | DIA | Awareness  | 𝑷𝒆𝒂𝒓𝒍 𝑮𝒓𝒂𝒏𝒅 𝒔𝒂𝒍𝒆 ลดสูงสุด 𝟔𝟎% | 1 - 30 Sep 26 [Other-Province]",18-24,female,22543,34038,16,,18,THB,17.86220338,,0.05288207,285.79525402,2026-09-01,2026-09-18
"2200 | DIA | Awareness | Wedding Package | 1 - 30 Sep 26","Awareness  - Wedding Package -1 - 30 Sep 26","2200 | DIA | Awareness  | Wedding Package | 1 - 30 Sep 26 [Other-Province]",25-34,male,27313,32830,70,,107,THB,3.86031505,,0.32592141,270.22205326,2026-09-01,2026-09-18
"2200 | Pearl | Awareness |  𝑷𝒆𝒂𝒓𝒍 𝑮𝒓𝒂𝒏𝒅 𝒔𝒂𝒍𝒆 ลดสูงสุด 𝟔𝟎% | 1 - 30 Sep 26","Awareness - Pearl - 𝑷𝒆𝒂𝒓𝒍 𝑮𝒓𝒂𝒏𝒅 𝒔𝒂𝒍𝒆 ลดสูงสุด 𝟔𝟎% | 1 - 30 Sep 26","2200 | Pearl | Awareness  |  𝑷𝒆𝒂𝒓𝒍 𝑮𝒓𝒂𝒏𝒅 𝒔𝒂𝒍𝒆 ลดสูงสุด 𝟔𝟎% | 1 - 30 Sep 26 [Other-Province]",18-24,female,19733,29388,13,,14,THB,19.97121643,,0.04763849,259.62581361,2026-09-01,2026-09-18
"2200 | Pearl | Page Follower |  𝑷𝒆𝒂𝒓𝒍 𝑮𝒓𝒂𝒏𝒅 𝒔𝒂𝒍𝒆 ลดสูงสุด 𝟔𝟎% | 1 - 30 Sep 26","Page Follower |  𝑷𝒆𝒂𝒓𝒍 𝑮𝒓𝒂𝒏𝒅 𝒔𝒂𝒍𝒆 ลดสูงสุด 𝟔𝟎% | 1 - 30 Sep 26","2200 | Pearl | Page Follower |  𝑷𝒆𝒂𝒓𝒍 𝑮𝒓𝒂𝒏𝒅 𝒔𝒂𝒍𝒆 ลดสูงสุด 𝟔𝟎% | 1 - 30 Sep 26 [Other-Province]",25-34,female,5413,8446,282,1,397,THB,0.9187987,259.10123412,4.70044992,259.10123412,2026-09-01,2026-09-18
"2200 | DIA | Message  |  𝐎𝐧𝐞 𝐏𝐫𝐢𝐜𝐞 เพชรแท้ ราคาเดียว 𝟏𝟓,𝟗𝟎𝟎.- | 1 - 30 Sep 26","Message -  𝐎𝐧𝐞 𝐏𝐫𝐢𝐜𝐞 เพชรแท้ ราคาเดียว 𝟏𝟓,𝟗𝟎𝟎.- | 1 - 30 Sep 26","2200 | DIA | Message |𝐎𝐧𝐞 𝐏𝐫𝐢𝐜𝐞 เพชรแท้ ราคาเดียว 𝟏𝟓,𝟗𝟎𝟎.- | 1 - 30 Sep 26  [BKK]",45-54,female,878,1710,98,2,132,THB,2.59612208,127.20998198,7.71929825,254.41996397,2026-09-01,2026-09-18
"2200 | DIA | Awareness | 𝑮𝒓𝒂𝒏𝒅 𝑺𝒂𝒍𝒆 ลดครั้งยิ่งใหญ่ที่สุดในรอบปี สูงสุด 𝟕𝟎% | 1 - 30 Sep 26","Awareness  - 𝑮𝒓𝒂𝒏𝒅 𝑺𝒂𝒍𝒆 ลดครั้งยิ่งใหญ่ที่สุดในรอบปี สูงสุด 𝟕𝟎% | 1 - 30 Sep 26","2200 | DIA | Awareness  | 𝑮𝒓𝒂𝒏𝒅 𝑺𝒂𝒍𝒆 ลดครั้งยิ่งใหญ่ที่สุดในรอบปี สูงสุด 𝟕𝟎% | 1 - 30 Sep 26 [Other-Province]",35-44,female,24074,30633,62,1,92,THB,4.0324661,250.01289837,0.30032971,250.01289837,2026-09-01,2026-09-18
"2200 | DIA | Message  | 𝑷𝒆𝒂𝒓𝒍 𝑮𝒓𝒂𝒏𝒅 𝒔𝒂𝒍𝒆 ลดสูงสุด 𝟔𝟎% | 1 - 30 Sep 26","Message - 𝑷𝒆𝒂𝒓𝒍 𝑮𝒓𝒂𝒏𝒅 𝒔𝒂𝒍𝒆 ลดสูงสุด 𝟔𝟎% | 1 - 30 Sep 26","2200 | DIA | Message | 𝑷𝒆𝒂𝒓𝒍 𝑮𝒓𝒂𝒏𝒅 𝒔𝒂𝒍𝒆 ลดสูงสุด 𝟔𝟎% | 1 - 30 Sep 26 [Other-Province]",35-44,female,1193,2291,83,12,148,THB,2.99373222,20.70664784,6.46006111,248.4797741,2026-09-01,2026-09-18
"2200 | DIA | Awareness | 𝑮𝒓𝒂𝒏𝒅 𝑺𝒂𝒍𝒆 ลดครั้งยิ่งใหญ่ที่สุดในรอบปี สูงสุด 𝟕𝟎% | 1 - 30 Sep 26","Awareness  - 𝑮𝒓𝒂𝒏𝒅 𝑺𝒂𝒍𝒆 ลดครั้งยิ่งใหญ่ที่สุดในรอบปี สูงสุด 𝟕𝟎% | 1 - 30 Sep 26","2200 | DIA | Awareness  | 𝑮𝒓𝒂𝒏𝒅 𝑺𝒂𝒍𝒆 ลดครั้งยิ่งใหญ่ที่สุดในรอบปี สูงสุด 𝟕𝟎% | 1 - 30 Sep 26 [Other-Province]",45-54,female,22995,29893,64,1,101,THB,3.87098379,247.74296285,0.33787174,247.74296285,2026-09-01,2026-09-18
"2200 | DIA | Message  |  𝐎𝐧𝐞 𝐏𝐫𝐢𝐜𝐞 เพชรแท้ ราคาเดียว 𝟏𝟓,𝟗𝟎𝟎.- | 1 - 30 Sep 26","Message -  𝐎𝐧𝐞 𝐏𝐫𝐢𝐜𝐞 เพชรแท้ ราคาเดียว 𝟏𝟓,𝟗𝟎𝟎.- | 1 - 30 Sep 26","2200 | DIA | Message | 𝐎𝐧𝐞 𝐏𝐫𝐢𝐜𝐞 เพชรแท้ ราคาเดียว 𝟏𝟓,𝟗𝟎𝟎.- | 1 - 30 Sep 26 [Other-Province]",45-54,female,879,1696,86,6,114,THB,2.85901976,40.97928328,6.72169811,245.8756997,2026-09-01,2026-09-18
"2200 | DIA | Awareness | 𝑮𝒓𝒂𝒏𝒅 𝑺𝒂𝒍𝒆 ลดครั้งยิ่งใหญ่ที่สุดในรอบปี สูงสุด 𝟕𝟎% | 1 - 30 Sep 26","Awareness  - 𝑮𝒓𝒂𝒏𝒅 𝑺𝒂𝒍𝒆 ลดครั้งยิ่งใหญ่ที่สุดในรอบปี สูงสุด 𝟕𝟎% | 1 - 30 Sep 26","2200 | DIA | Awareness  | 𝑮𝒓𝒂𝒏𝒅 𝑺𝒂𝒍𝒆 ลดครั้งยิ่งใหญ่ที่สุดในรอบปี สูงสุด 𝟕𝟎% | 1 - 30 Sep 26 [Other-Province]",55-64,male,22552,29060,45,1,70,THB,5.32495986,239.62319349,0.24088094,239.62319349,2026-09-01,2026-09-18
"2200 | Pearl | Page Follower |  𝑷𝒆𝒂𝒓𝒍 𝑮𝒓𝒂𝒏𝒅 𝒔𝒂𝒍𝒆 ลดสูงสุด 𝟔𝟎% | 1 - 30 Sep 26","Page Follower |  𝑷𝒆𝒂𝒓𝒍 𝑮𝒓𝒂𝒏𝒅 𝒔𝒂𝒍𝒆 ลดสูงสุด 𝟔𝟎% | 1 - 30 Sep 26","2200 | Pearl | Page Follower |  𝑷𝒆𝒂𝒓𝒍 𝑮𝒓𝒂𝒏𝒅 𝒔𝒂𝒍𝒆 ลดสูงสุด 𝟔𝟎% | 1 - 30 Sep 26 [Other-Province]",45-54,female,3674,5695,351,1,462,THB,0.66964544,235.04554897,8.11237928,235.04554897,2026-09-01,2026-09-18
"2200 | DIA | Awareness | 𝑮𝒓𝒂𝒏𝒅 𝑺𝒂𝒍𝒆 ลดครั้งยิ่งใหญ่ที่สุดในรอบปี สูงสุด 𝟕𝟎% | 1 - 30 Sep 26","Awareness  - 𝑮𝒓𝒂𝒏𝒅 𝑺𝒂𝒍𝒆 ลดครั้งยิ่งใหญ่ที่สุดในรอบปี สูงสุด 𝟕𝟎% | 1 - 30 Sep 26","2200 | DIA | Awareness  | 𝑮𝒓𝒂𝒏𝒅 𝑺𝒂𝒍𝒆 ลดครั้งยิ่งใหญ่ที่สุดในรอบปี สูงสุด 𝟕𝟎% | 1 - 30 Sep 26 [Other-Province]",45-54,male,22160,27627,42,1,56,THB,5.55008044,233.10337869,0.20270026,233.10337869,2026-09-01,2026-09-18
"2200 | DIA | Message | Wedding Package | 1 - 30 Sep 26","Message - Wedding Package -1 - 30 Sep 26","2200 | DIA | Message | Wedding Package | 1 - 30 Sep 26  [BKK]",35-44,female,402,1024,143,3,167,THB,1.62339612,77.38188169,16.30859375,232.14564508,2026-09-01,2026-09-18
"2200 | DIA | Awareness | 𝐎𝐧𝐞 𝐏𝐫𝐢𝐜𝐞 เพชรแท้ ราคาเดียว 𝟏𝟓,𝟗𝟎𝟎.- | 1 - 30 Sep 26","Awareness  - 𝐎𝐧𝐞 𝐏𝐫𝐢𝐜𝐞 เพชรแท้ ราคาเดียว 𝟏𝟓,𝟗𝟎𝟎.- | 1 - 30 Sep 26","2200 | DIA | Awareness  |𝐎𝐧𝐞 𝐏𝐫𝐢𝐜𝐞 เพชรแท้ ราคาเดียว 𝟏𝟓,𝟗𝟎𝟎.- | 1 - 30 Sep 26 [Other-Province]",25-34,female,18355,27796,29,,31,THB,7.87715148,,0.11152684,228.43739294,2026-09-01,2026-09-18
"2200 | DIA | Message  |  𝐋𝐄𝐕𝐀 𝐂𝐨𝐥𝐥𝐞𝐜𝐭𝐢𝐨𝐧 เพชรแท้ พร้อมใบเซอร์ | 7 - 30 Sep 26","Message -  𝐋𝐄𝐕𝐀 𝐂𝐨𝐥𝐥𝐞𝐜𝐭𝐢𝐨𝐧 เพชรแท้ พร้อมใบเซอร์ | 7 - 30 Sep 26","2200 | DIA | Message | 𝐋𝐄𝐕𝐀 𝐂𝐨𝐥𝐥𝐞𝐜𝐭𝐢𝐨𝐧 เพชรแท้ พร้อมใบเซอร์ | 7 - 30 Sep 26  [BKK]",25-34,female,867,1948,30,6,102,THB,7.57694279,37.88471396,5.23613963,227.30828375,2026-09-01,2026-09-18
"2200 | DIA | Awareness | 𝟗.𝟗 𝑫𝒐𝒖𝒃𝒍𝒆 𝑫𝒂𝒚 𝑺𝒂𝒍𝒆 | 7 - 9 Sep 26","Awareness  - 𝟗.𝟗 𝑫𝒐𝒖𝒃𝒍𝒆 𝑫𝒂𝒚 𝑺𝒂𝒍𝒆 | 7 - 9 Sep 26","2200 | DIA | Awareness  | 𝟗.𝟗 𝑫𝒐𝒖𝒃𝒍𝒆 𝑫𝒂𝒚 𝑺𝒂𝒍𝒆 | 7 - 9 Sep 26 [Other-Province]",35-44,male,23262,25557,19,,34,THB,11.94494346,,0.13303596,226.9539257,2026-09-01,2026-09-18
"2200 | DIA | Awareness | 𝐋𝐄𝐕𝐀 𝐂𝐨𝐥𝐥𝐞𝐜𝐭𝐢𝐨𝐧 เพชรแท้ พร้อมใบเซอร์ | 7 - 30 Sep 26","Awareness  -  𝐋𝐄𝐕𝐀 𝐂𝐨𝐥𝐥𝐞𝐜𝐭𝐢𝐨𝐧 เพชรแท้ พร้อมใบเซอร์ | 7 - 30 Sep 26","2200 | DIA | Awareness   𝐋𝐄𝐕𝐀 𝐂𝐨𝐥𝐥𝐞𝐜𝐭𝐢𝐨𝐧 เพชรแท้ พร้อมใบเซอร์ | 7 - 30 Sep 26 [Other-Province]",25-34,male,24922,26879,44,1,59,THB,5.08127914,223.57628212,0.21950221,223.57628212,2026-09-01,2026-09-18
"2200 | DIA | Message  |  𝑮𝒓𝒂𝒏𝒅 𝑺𝒂𝒍𝒆 ลดครั้งยิ่งใหญ่ที่สุดในรอบปี สูงสุด 𝟕𝟎% | 1 - 30 Sep 26","Message -  𝑮𝒓𝒂𝒏𝒅 𝑺𝒂𝒍𝒆 ลดครั้งยิ่งใหญ่ที่สุดในรอบปี สูงสุด 𝟕𝟎% | 1 - 30 Sep 26","2200 | DIA | Message | 𝑮𝒓𝒂𝒏𝒅 𝑺𝒂𝒍𝒆 ลดครั้งยิ่งใหญ่ที่สุดในรอบปี สูงสุด 𝟕𝟎% | 1 - 30 Sep 26 [Other-Province]",55-64,female,858,1996,114,15,169,THB,1.94382515,14.77307115,8.46693387,221.59606727,2026-09-01,2026-09-18
"2200 | Pearl | Message  |  𝑷𝒆𝒂𝒓𝒍 𝑮𝒓𝒂𝒏𝒅 𝒔𝒂𝒍𝒆 ลดสูงสุด 𝟔𝟎% | 1 - 30 Sep 26","Message - Pearl -  𝑷𝒆𝒂𝒓𝒍 𝑮𝒓𝒂𝒏𝒅 𝒔𝒂𝒍𝒆 ลดสูงสุด 𝟔𝟎% | 1 - 30 Sep 26","2200 | Pearl | Message |  𝑷𝒆𝒂𝒓𝒍 𝑮𝒓𝒂𝒏𝒅 𝒔𝒂𝒍𝒆 ลดสูงสุด 𝟔𝟎% | 1 - 30 Sep 26 [BKK]",25-34,female,1909,3933,120,23,215,THB,1.80280497,9.40593896,5.46656496,216.33659617,2026-09-01,2026-09-18
"2200 | DIA | Message  |  𝑮𝒓𝒂𝒏𝒅 𝑺𝒂𝒍𝒆 เครื่องประดับเพชรแท้ ลดแรงสูงสุดในรอบปี | 𝐀𝐮𝐫𝐨𝐫𝐚 𝐃𝐢𝐚𝐦𝐨𝐧𝐝 | 1 - 14 Sep 26","Message -  𝑮𝒓𝒂𝒏𝒅 𝑺𝒂𝒍𝒆 เครื่องประดับเพชรแท้ ลดแรงสูงสุดในรอบปี | 𝐀𝐮𝐫𝐨𝐫𝐚 𝐃𝐢𝐚𝐦𝐨𝐧𝐝 | 1 - 14 Sep 26","2200 | DIA | Message |  𝑮𝒓𝒂𝒏𝒅 𝑺𝒂𝒍𝒆 เครื่องประดับเพชรแท้ ลดแรงสูงสุดในรอบปี | 𝐀𝐮𝐫𝐨𝐫𝐚 𝐃𝐢𝐚𝐦𝐨𝐧𝐝 | 1 - 14 Sep 26 [Other-Province]",25-34,male,884,2230,82,6,108,THB,2.57470983,35.18770101,4.84304933,211.12620608,2026-09-01,2026-09-18
"2200 | DIA | Message  |  𝐋𝐄𝐕𝐀 𝐂𝐨𝐥𝐥𝐞𝐜𝐭𝐢𝐨𝐧 เพชรแท้ พร้อมใบเซอร์ | 7 - 30 Sep 26","Message -  𝐋𝐄𝐕𝐀 𝐂𝐨𝐥𝐥𝐞𝐜𝐭𝐢𝐨𝐧 เพชรแท้ พร้อมใบเซอร์ | 7 - 30 Sep 26","2200 | DIA | Message | 𝐋𝐄𝐕𝐀 𝐂𝐨𝐥𝐥𝐞𝐜𝐭𝐢𝐨𝐧 เพชรแท้ พร้อมใบเซอร์ | 7 - 30 Sep 26  [BKK]",35-44,female,854,1729,32,3,86,THB,6.3903246,68.16346236,4.9739734,204.49038708,2026-09-01,2026-09-18
"2200 | DIA | Awareness | 𝑮𝒓𝒂𝒏𝒅 𝑺𝒂𝒍𝒆 ลดครั้งยิ่งใหญ่ที่สุดในรอบปี สูงสุด 𝟕𝟎% | 1 - 30 Sep 26","Awareness  - 𝑮𝒓𝒂𝒏𝒅 𝑺𝒂𝒍𝒆 ลดครั้งยิ่งใหญ่ที่สุดในรอบปี สูงสุด 𝟕𝟎% | 1 - 30 Sep 26","2200 | DIA | Awareness  | 𝑮𝒓𝒂𝒏𝒅 𝑺𝒂𝒍𝒆 ลดครั้งยิ่งใหญ่ที่สุดในรอบปี สูงสุด 𝟕𝟎% | 1 - 30 Sep 26 [Other-Province]",65+,female,18021,24194,57,1,92,THB,3.53446101,201.4642774,0.38025957,201.4642774,2026-09-01,2026-09-18
"2200 | Pearl | Message  |  𝑷𝒆𝒂𝒓𝒍 𝑮𝒓𝒂𝒏𝒅 𝒔𝒂𝒍𝒆 ลดสูงสุด 𝟔𝟎% | 1 - 30 Sep 26","Message - Pearl -  𝑷𝒆𝒂𝒓𝒍 𝑮𝒓𝒂𝒏𝒅 𝒔𝒂𝒍𝒆 ลดสูงสุด 𝟔𝟎% | 1 - 30 Sep 26","2200 | Pearl | Message |  𝑷𝒆𝒂𝒓𝒍 𝑮𝒓𝒂𝒏𝒅 𝒔𝒂𝒍𝒆 ลดสูงสุด 𝟔𝟎% | 1 - 30 Sep 26 [Other-Province]",35-44,female,1501,2894,119,20,201,THB,1.67615453,9.97311946,6.94540428,199.46238927,2026-09-01,2026-09-18
"2200 | DIA | Awareness | 𝐋𝐄𝐕𝐀 𝐂𝐨𝐥𝐥𝐞𝐜𝐭𝐢𝐨𝐧 เพชรแท้ พร้อมใบเซอร์ | 7 - 30 Sep 26","Awareness  -  𝐋𝐄𝐕𝐀 𝐂𝐨𝐥𝐥𝐞𝐜𝐭𝐢𝐨𝐧 เพชรแท้ พร้อมใบเซอร์ | 7 - 30 Sep 26","2200 | DIA | Awareness   𝐋𝐄𝐕𝐀 𝐂𝐨𝐥𝐥𝐞𝐜𝐭𝐢𝐨𝐧 เพชรแท้ พร้อมใบเซอร์ | 7 - 30 Sep 26 [Other-Province]",25-34,female,20193,23522,50,,81,THB,3.9504877,,0.34435847,197.52438487,2026-09-01,2026-09-18
"2200 | DIA | Message  | 𝑷𝒆𝒂𝒓𝒍 𝑮𝒓𝒂𝒏𝒅 𝒔𝒂𝒍𝒆 ลดสูงสุด 𝟔𝟎% | 1 - 30 Sep 26","Message - 𝑷𝒆𝒂𝒓𝒍 𝑮𝒓𝒂𝒏𝒅 𝒔𝒂𝒍𝒆 ลดสูงสุด 𝟔𝟎% | 1 - 30 Sep 26","2200 | DIA | Message | 𝑷𝒆𝒂𝒓𝒍 𝑮𝒓𝒂𝒏𝒅 𝒔𝒂𝒍𝒆 ลดสูงสุด 𝟔𝟎% | 1 - 30 Sep 26 [Other-Province]",45-54,female,779,1404,63,8,97,THB,3.01036072,23.70659064,6.90883191,189.65272515,2026-09-01,2026-09-18
"2200 | DIA | Message  |  𝑮𝒓𝒂𝒏𝒅 𝑺𝒂𝒍𝒆 ลดครั้งยิ่งใหญ่ที่สุดในรอบปี สูงสุด 𝟕𝟎% | 1 - 30 Sep 26","Message -  𝑮𝒓𝒂𝒏𝒅 𝑺𝒂𝒍𝒆 ลดครั้งยิ่งใหญ่ที่สุดในรอบปี สูงสุด 𝟕𝟎% | 1 - 30 Sep 26","2200 | DIA | Message |𝑮𝒓𝒂𝒏𝒅 𝑺𝒂𝒍𝒆 ลดครั้งยิ่งใหญ่ที่สุดในรอบปี สูงสุด 𝟕𝟎% | 1 - 30 Sep 26  [BKK]",55-64,female,630,1430,94,7,131,THB,2.01626566,27.07556742,9.16083916,189.52897197,2026-09-01,2026-09-18
"2200 | DIA | Message  | 𝑷𝒆𝒂𝒓𝒍 𝑮𝒓𝒂𝒏𝒅 𝒔𝒂𝒍𝒆 ลดสูงสุด 𝟔𝟎% | 1 - 30 Sep 26","Message -𝑷𝒆𝒂𝒓𝒍 𝑮𝒓𝒂𝒏𝒅 𝒔𝒂𝒍𝒆 ลดสูงสุด 𝟔𝟎% | 1 - 30 Sep 26","2200 | DIA | Message | 𝑷𝒆𝒂𝒓𝒍 𝑮𝒓𝒂𝒏𝒅 𝒔𝒂𝒍𝒆 ลดสูงสุด 𝟔𝟎% | 1 - 30 Sep 26  [BKK]",25-34,female,1227,2107,78,7,131,THB,2.38806535,26.60987105,6.21737067,186.26909734,2026-09-01,2026-09-18
"2200 | DIA | Awareness | 𝑮𝒓𝒂𝒏𝒅 𝑺𝒂𝒍𝒆 ลดครั้งยิ่งใหญ่ที่สุดในรอบปี สูงสุด 𝟕𝟎% | 1 - 30 Sep 26","Awareness  - 𝑮𝒓𝒂𝒏𝒅 𝑺𝒂𝒍𝒆 ลดครั้งยิ่งใหญ่ที่สุดในรอบปี สูงสุด 𝟕𝟎% | 1 - 30 Sep 26","2200 | DIA | Awareness  | 𝑮𝒓𝒂𝒏𝒅 𝑺𝒂𝒍𝒆 ลดครั้งยิ่งใหญ่ที่สุดในรอบปี สูงสุด 𝟕𝟎% | 1 - 30 Sep 26 [Other-Province]",65+,male,16405,22133,43,,58,THB,4.27871567,,0.26205214,183.9847739,2026-09-01,2026-09-18
"2200 | DIA | Awareness | 𝑮𝒓𝒂𝒏𝒅 𝑺𝒂𝒍𝒆 เครื่องประดับเพชรแท้ ลดแรงสูงสุดในรอบปี | 𝐀𝐮𝐫𝐨𝐫𝐚 𝐃𝐢𝐚𝐦𝐨𝐧𝐝 | 1 - 14 Sep 26","Awareness   - 𝑮𝒓𝒂𝒏𝒅 𝑺𝒂𝒍𝒆 เครื่องประดับเพชรแท้ ลดแรงสูงสุดในรอบปี | 𝐀𝐮𝐫𝐨𝐫𝐚 𝐃𝐢𝐚𝐦𝐨𝐧𝐝 | 1 - 14 Sep 26","2200 | DIA | Awareness | 𝑮𝒓𝒂𝒏𝒅 𝑺𝒂𝒍𝒆 เครื่องประดับเพชรแท้ ลดแรงสูงสุดในรอบปี | 𝐀𝐮𝐫𝐨𝐫𝐚 𝐃𝐢𝐚𝐦𝐨𝐧𝐝 | 1 - 14 Sep 26 [BKK]",25-34,male,22438,23709,30,,58,THB,5.88777219,,0.24463284,176.63316577,2026-09-01,2026-09-18
"2200 | DIA | Awareness | 𝐎𝐧𝐞 𝐏𝐫𝐢𝐜𝐞 เพชรแท้ ราคาเดียว 𝟏𝟓,𝟗𝟎𝟎.- | 1 - 30 Sep 26","Awareness  - 𝐎𝐧𝐞 𝐏𝐫𝐢𝐜𝐞 เพชรแท้ ราคาเดียว 𝟏𝟓,𝟗𝟎𝟎.- | 1 - 30 Sep 26","2200 | DIA | Awareness  |𝐎𝐧𝐞 𝐏𝐫𝐢𝐜𝐞 เพชรแท้ ราคาเดียว 𝟏𝟓,𝟗𝟎𝟎.- | 1 - 30 Sep 26 [Other-Province]",35-44,male,13569,20740,22,,18,THB,7.75479642,,0.08678881,170.60552132,2026-09-01,2026-09-18
"2200 | DIA | Awareness | 𝐋𝐄𝐕𝐀 𝐂𝐨𝐥𝐥𝐞𝐜𝐭𝐢𝐨𝐧 เพชรแท้ พร้อมใบเซอร์ | 7 - 30 Sep 26","Awareness  -  𝐋𝐄𝐕𝐀 𝐂𝐨𝐥𝐥𝐞𝐜𝐭𝐢𝐨𝐧 เพชรแท้ พร้อมใบเซอร์ | 7 - 30 Sep 26","2200 | DIA | Awareness   𝐋𝐄𝐕𝐀 𝐂𝐨𝐥𝐥𝐞𝐜𝐭𝐢𝐨𝐧 เพชรแท้ พร้อมใบเซอร์ | 7 - 30 Sep 26 [Other-Province]",55-64,female,17076,19917,49,1,68,THB,3.22880657,158.21152188,0.34141688,158.21152188,2026-09-01,2026-09-18
"2200 | Pearl | Message  |  𝑷𝒆𝒂𝒓𝒍 𝑮𝒓𝒂𝒏𝒅 𝒔𝒂𝒍𝒆 ลดสูงสุด 𝟔𝟎% | 1 - 30 Sep 26","Message - Pearl -  𝑷𝒆𝒂𝒓𝒍 𝑮𝒓𝒂𝒏𝒅 𝒔𝒂𝒍𝒆 ลดสูงสุด 𝟔𝟎% | 1 - 30 Sep 26","2200 | Pearl | Message |  𝑷𝒆𝒂𝒓𝒍 𝑮𝒓𝒂𝒏𝒅 𝒔𝒂𝒍𝒆 ลดสูงสุด 𝟔𝟎% | 1 - 30 Sep 26 [Other-Province]",45-54,female,925,1877,78,17,137,THB,2.00985943,9.22170796,7.29888119,156.76903534,2026-09-01,2026-09-18
"2200 | DIA | Awareness | Wedding Package | 1 - 30 Sep 26","Awareness  - Wedding Package -1 - 30 Sep 26","2200 | DIA | Awareness  | Wedding Package | 1 - 30 Sep 26 [Other-Province]",25-34,female,16692,18544,63,,91,THB,2.39280514,,0.49072476,150.74672406,2026-09-01,2026-09-18
"2200 | DIA | Message  |  𝑮𝒓𝒂𝒏𝒅 𝑺𝒂𝒍𝒆 เครื่องประดับเพชรแท้ ลดแรงสูงสุดในรอบปี | 𝐀𝐮𝐫𝐨𝐫𝐚 𝐃𝐢𝐚𝐦𝐨𝐧𝐝 | 1 - 14 Sep 26","Message -  𝑮𝒓𝒂𝒏𝒅 𝑺𝒂𝒍𝒆 เครื่องประดับเพชรแท้ ลดแรงสูงสุดในรอบปี | 𝐀𝐮𝐫𝐨𝐫𝐚 𝐃𝐢𝐚𝐦𝐨𝐧𝐝 | 1 - 14 Sep 26","2200 | DIA | Message | 𝑮𝒓𝒂𝒏𝒅 𝑺𝒂𝒍𝒆 เครื่องประดับเพชรแท้ ลดแรงสูงสุดในรอบปี | 𝐀𝐮𝐫𝐨𝐫𝐚 𝐃𝐢𝐚𝐦𝐨𝐧𝐝 | 1 - 14 Sep 26  [BKK]",25-34,male,682,2033,107,4,144,THB,1.37983835,36.91067596,7.08312838,147.64270385,2026-09-01,2026-09-18
"2200 | DIA | Awareness | 𝟗.𝟗 𝑫𝒐𝒖𝒃𝒍𝒆 𝑫𝒂𝒚 𝑺𝒂𝒍𝒆 | 7 - 9 Sep 26","Awareness  - 𝟗.𝟗 𝑫𝒐𝒖𝒃𝒍𝒆 𝑫𝒂𝒚 𝑺𝒂𝒍𝒆 | 7 - 9 Sep 26","2200 | DIA | Awareness  | 𝟗.𝟗 𝑫𝒐𝒖𝒃𝒍𝒆 𝑫𝒂𝒚 𝑺𝒂𝒍𝒆 | 7 - 9 Sep 26 [Other-Province]",35-44,female,15203,16227,20,,32,THB,7.34980329,,0.19720219,146.99606573,2026-09-01,2026-09-18
"2200 | DIA | Awareness | 𝐋𝐄𝐕𝐀 𝐂𝐨𝐥𝐥𝐞𝐜𝐭𝐢𝐨𝐧 เพชรแท้ พร้อมใบเซอร์ | 7 - 30 Sep 26","Awareness  -  𝐋𝐄𝐕𝐀 𝐂𝐨𝐥𝐥𝐞𝐜𝐭𝐢𝐨𝐧 เพชรแท้ พร้อมใบเซอร์ | 7 - 30 Sep 26","2200 | DIA | Awareness   𝐋𝐄𝐕𝐀 𝐂𝐨𝐥𝐥𝐞𝐜𝐭𝐢𝐨𝐧 เพชรแท้ พร้อมใบเซอร์ | 7 - 30 Sep 26 [Other-Province]",35-44,female,15467,17593,33,1,61,THB,4.42820128,146.13064208,0.34672881,146.13064208,2026-09-01,2026-09-18
"2200 | DIA | Message  |  𝑮𝒓𝒂𝒏𝒅 𝑺𝒂𝒍𝒆 เครื่องประดับเพชรแท้ ลดแรงสูงสุดในรอบปี | 𝐀𝐮𝐫𝐨𝐫𝐚 𝐃𝐢𝐚𝐦𝐨𝐧𝐝 | 1 - 14 Sep 26","Message -  𝑮𝒓𝒂𝒏𝒅 𝑺𝒂𝒍𝒆 เครื่องประดับเพชรแท้ ลดแรงสูงสุดในรอบปี | 𝐀𝐮𝐫𝐨𝐫𝐚 𝐃𝐢𝐚𝐦𝐨𝐧𝐝 | 1 - 14 Sep 26","2200 | DIA | Message | 𝑮𝒓𝒂𝒏𝒅 𝑺𝒂𝒍𝒆 เครื่องประดับเพชรแท้ ลดแรงสูงสุดในรอบปี | 𝐀𝐮𝐫𝐨𝐫𝐚 𝐃𝐢𝐚𝐦𝐨𝐧𝐝 | 1 - 14 Sep 26  [BKK]",65+,female,408,841,51,1,81,THB,2.83378153,144.52285802,9.6313912,144.52285802,2026-09-01,2026-09-18
"2200 | DIA | Message  |  𝑮𝒓𝒂𝒏𝒅 𝑺𝒂𝒍𝒆 เครื่องประดับเพชรแท้ ลดแรงสูงสุดในรอบปี | 𝐀𝐮𝐫𝐨𝐫𝐚 𝐃𝐢𝐚𝐦𝐨𝐧𝐝 | 1 - 14 Sep 26","Message -  𝑮𝒓𝒂𝒏𝒅 𝑺𝒂𝒍𝒆 เครื่องประดับเพชรแท้ ลดแรงสูงสุดในรอบปี | 𝐀𝐮𝐫𝐨𝐫𝐚 𝐃𝐢𝐚𝐦𝐨𝐧𝐝 | 1 - 14 Sep 26","2200 | DIA | Message |  𝑮𝒓𝒂𝒏𝒅 𝑺𝒂𝒍𝒆 เครื่องประดับเพชรแท้ ลดแรงสูงสุดในรอบปี | 𝐀𝐮𝐫𝐨𝐫𝐚 𝐃𝐢𝐚𝐦𝐨𝐧𝐝 | 1 - 14 Sep 26 [Other-Province]",35-44,male,717,1734,69,2,99,THB,2.05880358,71.02872362,5.70934256,142.05744724,2026-09-01,2026-09-18
"2200 | DIA | Awareness | 𝐋𝐄𝐕𝐀 𝐂𝐨𝐥𝐥𝐞𝐜𝐭𝐢𝐨𝐧 เพชรแท้ พร้อมใบเซอร์ | 7 - 30 Sep 26","Awareness  -  𝐋𝐄𝐕𝐀 𝐂𝐨𝐥𝐥𝐞𝐜𝐭𝐢𝐨𝐧 เพชรแท้ พร้อมใบเซอร์ | 7 - 30 Sep 26","2200 | DIA | Awareness   𝐋𝐄𝐕𝐀 𝐂𝐨𝐥𝐥𝐞𝐜𝐭𝐢𝐨𝐧 เพชรแท้ พร้อมใบเซอร์ | 7 - 30 Sep 26 [Other-Province]",35-44,male,15635,17159,27,2,43,THB,5.22704733,70.56513896,0.25059735,141.13027792,2026-09-01,2026-09-18
"2200 | DIA | Message  |  𝑮𝒓𝒂𝒏𝒅 𝑺𝒂𝒍𝒆 เครื่องประดับเพชรแท้ ลดแรงสูงสุดในรอบปี | 𝐀𝐮𝐫𝐨𝐫𝐚 𝐃𝐢𝐚𝐦𝐨𝐧𝐝 | 1 - 14 Sep 26","Message -  𝑮𝒓𝒂𝒏𝒅 𝑺𝒂𝒍𝒆 เครื่องประดับเพชรแท้ ลดแรงสูงสุดในรอบปี | 𝐀𝐮𝐫𝐨𝐫𝐚 𝐃𝐢𝐚𝐦𝐨𝐧𝐝 | 1 - 14 Sep 26","2200 | DIA | Message | 𝑮𝒓𝒂𝒏𝒅 𝑺𝒂𝒍𝒆 เครื่องประดับเพชรแท้ ลดแรงสูงสุดในรอบปี | 𝐀𝐮𝐫𝐨𝐫𝐚 𝐃𝐢𝐚𝐦𝐨𝐧𝐝 | 1 - 14 Sep 26  [BKK]",35-44,male,642,1726,103,1,142,THB,1.35808823,139.88308731,8.22711472,139.88308731,2026-09-01,2026-09-18
"2200 | DIA | Awareness | 𝐋𝐄𝐕𝐀 𝐂𝐨𝐥𝐥𝐞𝐜𝐭𝐢𝐨𝐧 เพชรแท้ พร้อมใบเซอร์ | 7 - 30 Sep 26","Awareness  -  𝐋𝐄𝐕𝐀 𝐂𝐨𝐥𝐥𝐞𝐜𝐭𝐢𝐨𝐧 เพชรแท้ พร้อมใบเซอร์ | 7 - 30 Sep 26","2200 | DIA | Awareness   𝐋𝐄𝐕𝐀 𝐂𝐨𝐥𝐥𝐞𝐜𝐭𝐢𝐨𝐧 เพชรแท้ พร้อมใบเซอร์ | 7 - 30 Sep 26 [Other-Province]",45-54,female,15431,17361,41,1,69,THB,3.40878483,139.76017814,0.39744254,139.76017814,2026-09-01,2026-09-18
"2200 | DIA | Awareness | Wedding Package | 1 - 30 Sep 26","Awareness  - Wedding Package -1 - 30 Sep 26","2200 | DIA | Awareness  | Wedding Package | 1 - 30 Sep 26 [Other-Province]",35-44,male,14373,15558,29,1,50,THB,4.47468235,129.76578821,0.32137807,129.76578821,2026-09-01,2026-09-18
"2200 | DIA | Awareness | 𝑮𝒓𝒂𝒏𝒅 𝑺𝒂𝒍𝒆 เครื่องประดับเพชรแท้ ลดแรงสูงสุดในรอบปี | 𝐀𝐮𝐫𝐨𝐫𝐚 𝐃𝐢𝐚𝐦𝐨𝐧𝐝 | 1 - 14 Sep 26","Awareness   - 𝑮𝒓𝒂𝒏𝒅 𝑺𝒂𝒍𝒆 เครื่องประดับเพชรแท้ ลดแรงสูงสุดในรอบปี | 𝐀𝐮𝐫𝐨𝐫𝐚 𝐃𝐢𝐚𝐦𝐨𝐧𝐝 | 1 - 14 Sep 26","2200 | DIA | Awareness | 𝑮𝒓𝒂𝒏𝒅 𝑺𝒂𝒍𝒆 เครื่องประดับเพชรแท้ ลดแรงสูงสุดในรอบปี | 𝐀𝐮𝐫𝐨𝐫𝐚 𝐃𝐢𝐚𝐦𝐨𝐧𝐝 | 1 - 14 Sep 26 [BKK]",25-34,female,16744,17550,60,,83,THB,2.14479559,,0.47293447,128.68773526,2026-09-01,2026-09-18
"2200 | Pearl | Awareness |  𝑷𝒆𝒂𝒓𝒍 𝑮𝒓𝒂𝒏𝒅 𝒔𝒂𝒍𝒆 ลดสูงสุด 𝟔𝟎% | 1 - 30 Sep 26","Awareness - Pearl - 𝑷𝒆𝒂𝒓𝒍 𝑮𝒓𝒂𝒏𝒅 𝒔𝒂𝒍𝒆 ลดสูงสุด 𝟔𝟎% | 1 - 30 Sep 26","2200 | Pearl | Awareness  |  𝑷𝒆𝒂𝒓𝒍 𝑮𝒓𝒂𝒏𝒅 𝒔𝒂𝒍𝒆 ลดสูงสุด 𝟔𝟎% | 1 - 30 Sep 26 [Other-Province]",25-34,male,10011,14556,8,,10,THB,15.97837762,,0.06870019,127.82702095,2026-09-01,2026-09-18
"2200 | DIA | Message  |  𝐎𝐧𝐞 𝐏𝐫𝐢𝐜𝐞 เพชรแท้ ราคาเดียว 𝟏𝟓,𝟗𝟎𝟎.- | 1 - 30 Sep 26","Message -  𝐎𝐧𝐞 𝐏𝐫𝐢𝐜𝐞 เพชรแท้ ราคาเดียว 𝟏𝟓,𝟗𝟎𝟎.- | 1 - 30 Sep 26","2200 | DIA | Message |𝐎𝐧𝐞 𝐏𝐫𝐢𝐜𝐞 เพชรแท้ ราคาเดียว 𝟏𝟓,𝟗𝟎𝟎.- | 1 - 30 Sep 26  [BKK]",55-64,female,360,699,39,2,50,THB,3.22837622,62.95333632,7.15307582,125.90667265,2026-09-01,2026-09-18
"2200 | DIA | Message  |  𝐋𝐄𝐕𝐀 𝐂𝐨𝐥𝐥𝐞𝐜𝐭𝐢𝐨𝐧 เพชรแท้ พร้อมใบเซอร์ | 7 - 30 Sep 26","Message - 𝐋𝐄𝐕𝐀 𝐂𝐨𝐥𝐥𝐞𝐜𝐭𝐢𝐨𝐧 เพชรแท้ พร้อมใบเซอร์ | 7 - 30 Sep 26","2200 | DIA | Message | 𝐋𝐄𝐕𝐀 𝐂𝐨𝐥𝐥𝐞𝐜𝐭𝐢𝐨𝐧 เพชรแท้ พร้อมใบเซอร์ | 7 - 30 Sep 26 [Other-Province]",55-64,female,262,651,24,3,54,THB,5.13348346,41.06786767,8.29493088,123.20360301,2026-09-01,2026-09-18
"2200 | DIA | Message  | 𝑷𝒆𝒂𝒓𝒍 𝑮𝒓𝒂𝒏𝒅 𝒔𝒂𝒍𝒆 ลดสูงสุด 𝟔𝟎% | 1 - 30 Sep 26","Message -𝑷𝒆𝒂𝒓𝒍 𝑮𝒓𝒂𝒏𝒅 𝒔𝒂𝒍𝒆 ลดสูงสุด 𝟔𝟎% | 1 - 30 Sep 26","2200 | DIA | Message | 𝑷𝒆𝒂𝒓𝒍 𝑮𝒓𝒂𝒏𝒅 𝒔𝒂𝒍𝒆 ลดสูงสุด 𝟔𝟎% | 1 - 30 Sep 26  [BKK]",55-64,female,475,869,40,2,66,THB,3.02473304,60.49466089,7.59493671,120.98932178,2026-09-01,2026-09-18
"2200 | Pearl | Page Follower |  𝑷𝒆𝒂𝒓𝒍 𝑮𝒓𝒂𝒏𝒅 𝒔𝒂𝒍𝒆 ลดสูงสุด 𝟔𝟎% | 1 - 30 Sep 26","Page Follower |  𝑷𝒆𝒂𝒓𝒍 𝑮𝒓𝒂𝒏𝒅 𝒔𝒂𝒍𝒆 ลดสูงสุด 𝟔𝟎% | 1 - 30 Sep 26","2200 | Pearl | Page Follower |  𝑷𝒆𝒂𝒓𝒍 𝑮𝒓𝒂𝒏𝒅 𝒔𝒂𝒍𝒆 ลดสูงสุด 𝟔𝟎% | 1 - 30 Sep 26 [BKK]",55-64,female,1730,2820,147,,204,THB,0.80778027,,7.23404255,118.74370016,2026-09-01,2026-09-18
"2200 | Pearl | Message  |  𝑷𝒆𝒂𝒓𝒍 𝑮𝒓𝒂𝒏𝒅 𝒔𝒂𝒍𝒆 ลดสูงสุด 𝟔𝟎% | 1 - 30 Sep 26","Message - Pearl -  𝑷𝒆𝒂𝒓𝒍 𝑮𝒓𝒂𝒏𝒅 𝒔𝒂𝒍𝒆 ลดสูงสุด 𝟔𝟎% | 1 - 30 Sep 26","2200 | Pearl | Message |  𝑷𝒆𝒂𝒓𝒍 𝑮𝒓𝒂𝒏𝒅 𝒔𝒂𝒍𝒆 ลดสูงสุด 𝟔𝟎% | 1 - 30 Sep 26 [BKK]",55-64,female,580,1283,88,16,134,THB,1.31889264,7.25390955,10.44427124,116.06255275,2026-09-01,2026-09-18
"2200 | DIA | Message  |  𝐋𝐄𝐕𝐀 𝐂𝐨𝐥𝐥𝐞𝐜𝐭𝐢𝐨𝐧 เพชรแท้ พร้อมใบเซอร์ | 7 - 30 Sep 26","Message -  𝐋𝐄𝐕𝐀 𝐂𝐨𝐥𝐥𝐞𝐜𝐭𝐢𝐨𝐧 เพชรแท้ พร้อมใบเซอร์ | 7 - 30 Sep 26","2200 | DIA | Message | 𝐋𝐄𝐕𝐀 𝐂𝐨𝐥𝐥𝐞𝐜𝐭𝐢𝐨𝐧 เพชรแท้ พร้อมใบเซอร์ | 7 - 30 Sep 26  [BKK]",45-54,female,328,690,22,,42,THB,5.07306985,,6.08695652,111.60753667,2026-09-01,2026-09-18
"2200 | DIA | Awareness | Wedding Package | 1 - 30 Sep 26","Awareness   - Wedding Package -1 - 30 Sep 26","2200 | DIA | Message | Wedding Package | 1 - 30 Sep 26  [BKK]",25-34,male,13616,14474,22,,33,THB,5.06454545,,0.22799503,111.42,2026-09-01,2026-09-18
"2200 | DIA | Awareness | 𝐋𝐄𝐕𝐀 𝐂𝐨𝐥𝐥𝐞𝐜𝐭𝐢𝐨𝐧 เพชรแท้ พร้อมใบเซอร์ | 7 - 30 Sep 26","Awareness  -  𝐋𝐄𝐕𝐀 𝐂𝐨𝐥𝐥𝐞𝐜𝐭𝐢𝐨𝐧 เพชรแท้ พร้อมใบเซอร์ | 7 - 30 Sep 26","2200 | DIA | Awareness   𝐋𝐄𝐕𝐀 𝐂𝐨𝐥𝐥𝐞𝐜𝐭𝐢𝐨𝐧 เพชรแท้ พร้อมใบเซอร์ | 7 - 30 Sep 26 [Other-Province]",55-64,male,11943,13688,25,,37,THB,4.3419162,,0.27030976,108.54790509,2026-09-01,2026-09-18
"2200 | DIA | Message | Wedding Package | 1 - 30 Sep 26","Message - Wedding Package - 1 - 30 Sep 26","2200 | DIA | Message | Wedding Package | 1 - 30 Sep 26 [Other-Province]",45-54,female,129,363,32,1,40,THB,3.36164379,107.57260114,11.01928375,107.57260114,2026-09-01,2026-09-18
"2200 | DIA | Message  |  𝑮𝒓𝒂𝒏𝒅 𝑺𝒂𝒍𝒆 เครื่องประดับเพชรแท้ ลดแรงสูงสุดในรอบปี | 𝐀𝐮𝐫𝐨𝐫𝐚 𝐃𝐢𝐚𝐦𝐨𝐧𝐝 | 1 - 14 Sep 26","Message -  𝑮𝒓𝒂𝒏𝒅 𝑺𝒂𝒍𝒆 เครื่องประดับเพชรแท้ ลดแรงสูงสุดในรอบปี | 𝐀𝐮𝐫𝐨𝐫𝐚 𝐃𝐢𝐚𝐦𝐨𝐧𝐝 | 1 - 14 Sep 26","2200 | DIA | Message |  𝑮𝒓𝒂𝒏𝒅 𝑺𝒂𝒍𝒆 เครื่องประดับเพชรแท้ ลดแรงสูงสุดในรอบปี | 𝐀𝐮𝐫𝐨𝐫𝐚 𝐃𝐢𝐚𝐦𝐨𝐧𝐝 | 1 - 14 Sep 26 [Other-Province]",65+,female,634,1038,40,1,48,THB,2.60470319,104.18812775,4.62427746,104.18812775,2026-09-01,2026-09-18
"2200 | DIA | Message  |  𝟗.𝟗 𝑫𝒐𝒖𝒃𝒍𝒆 𝑫𝒂𝒚 𝑺𝒂𝒍𝒆 | 7 - 9 Sep 26","Message -  𝟗.𝟗 𝑫𝒐𝒖𝒃𝒍𝒆 𝑫𝒂𝒚 𝑺𝒂𝒍𝒆 | 7 - 9 Sep 26","2200 | DIA | Message | 𝟗.𝟗 𝑫𝒐𝒖𝒃𝒍𝒆 𝑫𝒂𝒚 𝑺𝒂𝒍𝒆 | 7 - 9 Sep 26  [BKK]",55-64,female,334,527,23,,35,THB,4.47478261,,6.64136622,102.92,2026-09-01,2026-09-18
"2200 | DIA | Message  | 𝑷𝒆𝒂𝒓𝒍 𝑮𝒓𝒂𝒏𝒅 𝒔𝒂𝒍𝒆 ลดสูงสุด 𝟔𝟎% | 1 - 30 Sep 26","Message - 𝑷𝒆𝒂𝒓𝒍 𝑮𝒓𝒂𝒏𝒅 𝒔𝒂𝒍𝒆 ลดสูงสุด 𝟔𝟎% | 1 - 30 Sep 26","2200 | DIA | Message | 𝑷𝒆𝒂𝒓𝒍 𝑮𝒓𝒂𝒏𝒅 𝒔𝒂𝒍𝒆 ลดสูงสุด 𝟔𝟎% | 1 - 30 Sep 26 [Other-Province]",25-34,female,702,1316,45,8,84,THB,2.21337633,12.45024185,6.38297872,99.60193481,2026-09-01,2026-09-18
"2200 | DIA | Awareness | 𝑮𝒓𝒂𝒏𝒅 𝑺𝒂𝒍𝒆 เครื่องประดับเพชรแท้ ลดแรงสูงสุดในรอบปี | 𝐀𝐮𝐫𝐨𝐫𝐚 𝐃𝐢𝐚𝐦𝐨𝐧𝐝 | 1 - 14 Sep 26","Awareness   - 𝑮𝒓𝒂𝒏𝒅 𝑺𝒂𝒍𝒆 เครื่องประดับเพชรแท้ ลดแรงสูงสุดในรอบปี | 𝐀𝐮𝐫𝐨𝐫𝐚 𝐃𝐢𝐚𝐦𝐨𝐧𝐝 | 1 - 14 Sep 26","2200 | DIA | Awareness | 𝑮𝒓𝒂𝒏𝒅 𝑺𝒂𝒍𝒆 เครื่องประดับเพชรแท้ ลดแรงสูงสุดในรอบปี | 𝐀𝐮𝐫𝐨𝐫𝐚 𝐃𝐢𝐚𝐦𝐨𝐧𝐝 | 1 - 14 Sep 26 [BKK]",35-44,male,12197,12820,23,,36,THB,4.16438572,,0.28081123,95.78087149,2026-09-01,2026-09-18
"2200 | DIA | Awareness | 𝐋𝐄𝐕𝐀 𝐂𝐨𝐥𝐥𝐞𝐜𝐭𝐢𝐨𝐧 เพชรแท้ พร้อมใบเซอร์ | 7 - 30 Sep 26","Awareness  -  𝐋𝐄𝐕𝐀 𝐂𝐨𝐥𝐥𝐞𝐜𝐭𝐢𝐨𝐧 เพชรแท้ พร้อมใบเซอร์ | 7 - 30 Sep 26","2200 | DIA | Awareness   𝐋𝐄𝐕𝐀 𝐂𝐨𝐥𝐥𝐞𝐜𝐭𝐢𝐨𝐧 เพชรแท้ พร้อมใบเซอร์ | 7 - 30 Sep 26 [Other-Province]",45-54,male,10703,11761,29,,39,THB,3.28334256,,0.33160446,95.21693425,2026-09-01,2026-09-18
"2200 | DIA | Awareness | 𝑮𝒓𝒂𝒏𝒅 𝑺𝒂𝒍𝒆 ลดครั้งยิ่งใหญ่ที่สุดในรอบปี สูงสุด 𝟕𝟎% | 1 - 30 Sep 26","Awareness   - 𝑮𝒓𝒂𝒏𝒅 𝑺𝒂𝒍𝒆 ลดครั้งยิ่งใหญ่ที่สุดในรอบปี สูงสุด 𝟕𝟎% | 1 - 30 Sep 26","2200 | DIA | Awareness | 𝑮𝒓𝒂𝒏𝒅 𝑺𝒂𝒍𝒆 ลดครั้งยิ่งใหญ่ที่สุดในรอบปี สูงสุด 𝟕𝟎% | 1 - 30 Sep 26 [BKK]",25-34,male,10694,11631,17,,25,THB,5.40058824,,0.21494283,91.81,2026-09-01,2026-09-18
"2200 | DIA | Awareness | 𝐋𝐄𝐕𝐀 𝐂𝐨𝐥𝐥𝐞𝐜𝐭𝐢𝐨𝐧 เพชรแท้ พร้อมใบเซอร์ | 7 - 30 Sep 26","Awareness  -  𝐋𝐄𝐕𝐀 𝐂𝐨𝐥𝐥𝐞𝐜𝐭𝐢𝐨𝐧 เพชรแท้ พร้อมใบเซอร์ | 7 - 30 Sep 26","2200 | DIA | Awareness   𝐋𝐄𝐕𝐀 𝐂𝐨𝐥𝐥𝐞𝐜𝐭𝐢𝐨𝐧 เพชรแท้ พร้อมใบเซอร์ | 7 - 30 Sep 26 [Other-Province]",65+,female,9123,11310,33,1,46,THB,2.73110799,90.12656354,0.40671972,90.12656354,2026-09-01,2026-09-18
"2200 | DIA | Message | Wedding Package | 1 - 30 Sep 26","Message - Wedding Package -1 - 30 Sep 26","2200 | DIA | Message | Wedding Package | 1 - 30 Sep 26  [BKK]",45-54,female,119,243,20,,27,THB,4.45810841,,11.11111111,89.16216816,2026-09-01,2026-09-18
"2200 | DIA | Awareness | 𝐎𝐧𝐞 𝐏𝐫𝐢𝐜𝐞 เพชรแท้ ราคาเดียว 𝟏𝟓,𝟗𝟎𝟎.- | 1 - 30 Sep 26","Awareness  - 𝐎𝐧𝐞 𝐏𝐫𝐢𝐜𝐞 เพชรแท้ ราคาเดียว 𝟏𝟓,𝟗𝟎𝟎.- | 1 - 30 Sep 26","2200 | DIA | Awareness  |𝐎𝐧𝐞 𝐏𝐫𝐢𝐜𝐞 เพชรแท้ ราคาเดียว 𝟏𝟓,𝟗𝟎𝟎.- | 1 - 30 Sep 26 [Other-Province]",65+,male,5819,10562,15,1,18,THB,5.87752355,88.16285322,0.17042227,88.16285322,2026-09-01,2026-09-18
"2200 | DIA | Awareness | 𝐎𝐧𝐞 𝐏𝐫𝐢𝐜𝐞 เพชรแท้ ราคาเดียว 𝟏𝟓,𝟗𝟎𝟎.- | 1 - 30 Sep 26","Awareness   - 𝐎𝐧𝐞 𝐏𝐫𝐢𝐜𝐞 เพชรแท้ ราคาเดียว 𝟏𝟓,𝟗𝟎𝟎.- | 1 - 30 Sep 26","2200 | DIA | Awareness | 𝐎𝐧𝐞 𝐏𝐫𝐢𝐜𝐞 เพชรแท้ ราคาเดียว 𝟏𝟓,𝟗𝟎𝟎.- | 1 - 30 Sep 26 [BKK]",25-34,male,8229,10526,10,,9,THB,8.56284286,,0.08550257,85.62842859,2026-09-01,2026-09-18
"2200 | DIA | Awareness | 𝟗.𝟗 𝑫𝒐𝒖𝒃𝒍𝒆 𝑫𝒂𝒚 𝑺𝒂𝒍𝒆 | 7 - 9 Sep 26","Awareness  - 𝟗.𝟗 𝑫𝒐𝒖𝒃𝒍𝒆 𝑫𝒂𝒚 𝑺𝒂𝒍𝒆 | 7 - 9 Sep 26","2200 | DIA | Awareness  | 𝟗.𝟗 𝑫𝒐𝒖𝒃𝒍𝒆 𝑫𝒂𝒚 𝑺𝒂𝒍𝒆 | 7 - 9 Sep 26 [Other-Province]",55-64,female,8724,8950,10,,18,THB,8.32977706,,0.20111732,83.29777058,2026-09-01,2026-09-18
"2200 | Pearl | Message  |  𝑷𝒆𝒂𝒓𝒍 𝑮𝒓𝒂𝒏𝒅 𝒔𝒂𝒍𝒆 ลดสูงสุด 𝟔𝟎% | 1 - 30 Sep 26","Message - Pearl -  𝑷𝒆𝒂𝒓𝒍 𝑮𝒓𝒂𝒏𝒅 𝒔𝒂𝒍𝒆 ลดสูงสุด 𝟔𝟎% | 1 - 30 Sep 26","2200 | Pearl | Message |  𝑷𝒆𝒂𝒓𝒍 𝑮𝒓𝒂𝒏𝒅 𝒔𝒂𝒍𝒆 ลดสูงสุด 𝟔𝟎% | 1 - 30 Sep 26 [Other-Province]",25-34,female,816,1502,49,12,94,THB,1.65704892,6.76628307,6.25832224,81.19539688,2026-09-01,2026-09-18
"2200 | DIA | Awareness | 𝐎𝐧𝐞 𝐏𝐫𝐢𝐜𝐞 เพชรแท้ ราคาเดียว 𝟏𝟓,𝟗𝟎𝟎.- | 1 - 30 Sep 26","Awareness  - 𝐎𝐧𝐞 𝐏𝐫𝐢𝐜𝐞 เพชรแท้ ราคาเดียว 𝟏𝟓,𝟗𝟎𝟎.- | 1 - 30 Sep 26","2200 | DIA | Awareness  |𝐎𝐧𝐞 𝐏𝐫𝐢𝐜𝐞 เพชรแท้ ราคาเดียว 𝟏𝟓,𝟗𝟎𝟎.- | 1 - 30 Sep 26 [Other-Province]",45-54,male,5997,9563,10,1,10,THB,7.9442571,79.44257101,0.1045697,79.44257101,2026-09-01,2026-09-18
"2200 | DIA | Message  |  𝟗.𝟗 𝑫𝒐𝒖𝒃𝒍𝒆 𝑫𝒂𝒚 𝑺𝒂𝒍𝒆 | 7 - 9 Sep 26","Message -  𝟗.𝟗 𝑫𝒐𝒖𝒃𝒍𝒆 𝑫𝒂𝒚 𝑺𝒂𝒍𝒆 | 7 - 9 Sep 26","2200 | DIA | Message | 𝟗.𝟗 𝑫𝒐𝒖𝒃𝒍𝒆 𝑫𝒂𝒚 𝑺𝒂𝒍𝒆 | 7 - 9 Sep 26 [Other-Province]",55-64,female,281,420,23,,33,THB,3.45,,7.85714286,79.35,2026-09-01,2026-09-18
"2200 | DIA | Awareness | 𝟗.𝟗 𝑫𝒐𝒖𝒃𝒍𝒆 𝑫𝒂𝒚 𝑺𝒂𝒍𝒆 | 7 - 9 Sep 26","Awareness  - 𝟗.𝟗 𝑫𝒐𝒖𝒃𝒍𝒆 𝑫𝒂𝒚 𝑺𝒂𝒍𝒆 | 7 - 9 Sep 26","2200 | DIA | Awareness  | 𝟗.𝟗 𝑫𝒐𝒖𝒃𝒍𝒆 𝑫𝒂𝒚 𝑺𝒂𝒍𝒆 | 7 - 9 Sep 26 [Other-Province]",45-54,male,8183,8532,10,,13,THB,7.8647895,,0.15236756,78.64789503,2026-09-01,2026-09-18
"2200 | DIA | Awareness | Wedding Package | 1 - 30 Sep 26","Awareness  - Wedding Package -1 - 30 Sep 26","2200 | DIA | Awareness  | Wedding Package | 1 - 30 Sep 26 [Other-Province]",35-44,female,8284,9488,26,,38,THB,2.91936099,,0.4005059,75.90338567,2026-09-01,2026-09-18
"2200 | DIA | Awareness | 𝑮𝒓𝒂𝒏𝒅 𝑺𝒂𝒍𝒆 เครื่องประดับเพชรแท้ ลดแรงสูงสุดในรอบปี | 𝐀𝐮𝐫𝐨𝐫𝐚 𝐃𝐢𝐚𝐦𝐨𝐧𝐝 | 1 - 14 Sep 26","Awareness   - 𝑮𝒓𝒂𝒏𝒅 𝑺𝒂𝒍𝒆 เครื่องประดับเพชรแท้ ลดแรงสูงสุดในรอบปี | 𝐀𝐮𝐫𝐨𝐫𝐚 𝐃𝐢𝐚𝐦𝐨𝐧𝐝 | 1 - 14 Sep 26","2200 | DIA | Awareness | 𝑮𝒓𝒂𝒏𝒅 𝑺𝒂𝒍𝒆 เครื่องประดับเพชรแท้ ลดแรงสูงสุดในรอบปี | 𝐀𝐮𝐫𝐨𝐫𝐚 𝐃𝐢𝐚𝐦𝐨𝐧𝐝 | 1 - 14 Sep 26 [BKK]",35-44,female,9523,10343,29,,46,THB,2.60354497,,0.44474524,75.50280412,2026-09-01,2026-09-18
"2200 | DIA | Message  |  𝐎𝐧𝐞 𝐏𝐫𝐢𝐜𝐞 เพชรแท้ ราคาเดียว 𝟏𝟓,𝟗𝟎𝟎.- | 1 - 30 Sep 26","Message -  𝐎𝐧𝐞 𝐏𝐫𝐢𝐜𝐞 เพชรแท้ ราคาเดียว 𝟏𝟓,𝟗𝟎𝟎.- | 1 - 30 Sep 26","2200 | DIA | Message | 𝐎𝐧𝐞 𝐏𝐫𝐢𝐜𝐞 เพชรแท้ ราคาเดียว 𝟏𝟓,𝟗𝟎𝟎.- | 1 - 30 Sep 26 [Other-Province]",55-64,female,283,519,31,2,32,THB,2.4065074,37.30086468,6.16570328,74.60172936,2026-09-01,2026-09-18
"2200 | DIA | Awareness | 𝟗.𝟗 𝑫𝒐𝒖𝒃𝒍𝒆 𝑫𝒂𝒚 𝑺𝒂𝒍𝒆 | 7 - 9 Sep 26","Awareness  - 𝟗.𝟗 𝑫𝒐𝒖𝒃𝒍𝒆 𝑫𝒂𝒚 𝑺𝒂𝒍𝒆 | 7 - 9 Sep 26","2200 | DIA | Awareness  | 𝟗.𝟗 𝑫𝒐𝒖𝒃𝒍𝒆 𝑫𝒂𝒚 𝑺𝒂𝒍𝒆 | 7 - 9 Sep 26 [Other-Province]",45-54,female,7682,7967,9,,12,THB,8.12867133,,0.15062131,73.15804197,2026-09-01,2026-09-18
"2200 | DIA | Awareness | 𝑷𝒆𝒂𝒓𝒍 𝑮𝒓𝒂𝒏𝒅 𝒔𝒂𝒍𝒆 ลดสูงสุด 𝟔𝟎% | 1 - 30 Sep 26","Awareness  - 𝑷𝒆𝒂𝒓𝒍 𝑮𝒓𝒂𝒏𝒅 𝒔𝒂𝒍𝒆 ลดสูงสุด 𝟔𝟎% | 1 - 30 Sep 26","2200 | DIA | Awareness  | 𝑷𝒆𝒂𝒓𝒍 𝑮𝒓𝒂𝒏𝒅 𝒔𝒂𝒍𝒆 ลดสูงสุด 𝟔𝟎% | 1 - 30 Sep 26 [Other-Province]",25-34,male,6817,8584,2,,2,THB,36.09697878,,0.02329916,72.19395757,2026-09-01,2026-09-18
"2200 | DIA | Message  |  𝑮𝒓𝒂𝒏𝒅 𝑺𝒂𝒍𝒆 เครื่องประดับเพชรแท้ ลดแรงสูงสุดในรอบปี | 𝐀𝐮𝐫𝐨𝐫𝐚 𝐃𝐢𝐚𝐦𝐨𝐧𝐝 | 1 - 14 Sep 26","Message -  𝑮𝒓𝒂𝒏𝒅 𝑺𝒂𝒍𝒆 เครื่องประดับเพชรแท้ ลดแรงสูงสุดในรอบปี | 𝐀𝐮𝐫𝐨𝐫𝐚 𝐃𝐢𝐚𝐦𝐨𝐧𝐝 | 1 - 14 Sep 26","2200 | DIA | Message | 𝑮𝒓𝒂𝒏𝒅 𝑺𝒂𝒍𝒆 เครื่องประดับเพชรแท้ ลดแรงสูงสุดในรอบปี | 𝐀𝐮𝐫𝐨𝐫𝐚 𝐃𝐢𝐚𝐦𝐨𝐧𝐝 | 1 - 14 Sep 26  [BKK]",45-54,male,296,654,34,1,49,THB,2.11430728,71.88644754,7.49235474,71.88644754,2026-09-01,2026-09-18
"2200 | Pearl | Awareness |  𝑷𝒆𝒂𝒓𝒍 𝑮𝒓𝒂𝒏𝒅 𝒔𝒂𝒍𝒆 ลดสูงสุด 𝟔𝟎% | 1 - 30 Sep 26","Awareness - Pearl - 𝑷𝒆𝒂𝒓𝒍 𝑮𝒓𝒂𝒏𝒅 𝒔𝒂𝒍𝒆 ลดสูงสุด 𝟔𝟎% | 1 - 30 Sep 26","2200 | Pearl | Awareness  |  𝑷𝒆𝒂𝒓𝒍 𝑮𝒓𝒂𝒏𝒅 𝒔𝒂𝒍𝒆 ลดสูงสุด 𝟔𝟎% | 1 - 30 Sep 26 [Other-Province]",25-34,female,6057,8094,6,,5,THB,11.86529286,,0.06177415,71.19175715,2026-09-01,2026-09-18
"2200 | DIA | Awareness | 𝟗.𝟗 𝑫𝒐𝒖𝒃𝒍𝒆 𝑫𝒂𝒚 𝑺𝒂𝒍𝒆 | 7 - 9 Sep 26","Awareness  - 𝟗.𝟗 𝑫𝒐𝒖𝒃𝒍𝒆 𝑫𝒂𝒚 𝑺𝒂𝒍𝒆 | 7 - 9 Sep 26","2200 | DIA | Awareness  | 𝟗.𝟗 𝑫𝒐𝒖𝒃𝒍𝒆 𝑫𝒂𝒚 𝑺𝒂𝒍𝒆 | 7 - 9 Sep 26 [Other-Province]",65+,female,6879,7514,17,1,23,THB,4.10283137,69.74813323,0.30609529,69.74813323,2026-09-01,2026-09-18
"2200 | DIA | Message  |  𝑮𝒓𝒂𝒏𝒅 𝑺𝒂𝒍𝒆 เครื่องประดับเพชรแท้ ลดแรงสูงสุดในรอบปี | 𝐀𝐮𝐫𝐨𝐫𝐚 𝐃𝐢𝐚𝐦𝐨𝐧𝐝 | 1 - 14 Sep 26","Message -  𝑮𝒓𝒂𝒏𝒅 𝑺𝒂𝒍𝒆 เครื่องประดับเพชรแท้ ลดแรงสูงสุดในรอบปี | 𝐀𝐮𝐫𝐨𝐫𝐚 𝐃𝐢𝐚𝐦𝐨𝐧𝐝 | 1 - 14 Sep 26","2200 | DIA | Message |  𝑮𝒓𝒂𝒏𝒅 𝑺𝒂𝒍𝒆 เครื่องประดับเพชรแท้ ลดแรงสูงสุดในรอบปี | 𝐀𝐮𝐫𝐨𝐫𝐚 𝐃𝐢𝐚𝐦𝐨𝐧𝐝 | 1 - 14 Sep 26 [Other-Province]",45-54,male,400,761,32,2,43,THB,2.15746123,34.51937969,5.65045992,69.03875938,2026-09-01,2026-09-18
"2200 | DIA | Awareness | 𝐋𝐄𝐕𝐀 𝐂𝐨𝐥𝐥𝐞𝐜𝐭𝐢𝐨𝐧 เพชรแท้ พร้อมใบเซอร์ | 7 - 30 Sep 26","Awareness  -  𝐋𝐄𝐕𝐀 𝐂𝐨𝐥𝐥𝐞𝐜𝐭𝐢𝐨𝐧 เพชรแท้ พร้อมใบเซอร์ | 7 - 30 Sep 26","2200 | DIA | Awareness   𝐋𝐄𝐕𝐀 𝐂𝐨𝐥𝐥𝐞𝐜𝐭𝐢𝐨𝐧 เพชรแท้ พร้อมใบเซอร์ | 7 - 30 Sep 26 [Other-Province]",65+,male,7655,8705,18,,24,THB,3.83139014,,0.27570362,68.96502243,2026-09-01,2026-09-18
"2200 | DIA | Message  | 𝑷𝒆𝒂𝒓𝒍 𝑮𝒓𝒂𝒏𝒅 𝒔𝒂𝒍𝒆 ลดสูงสุด 𝟔𝟎% | 1 - 30 Sep 26","Message - 𝑷𝒆𝒂𝒓𝒍 𝑮𝒓𝒂𝒏𝒅 𝒔𝒂𝒍𝒆 ลดสูงสุด 𝟔𝟎% | 1 - 30 Sep 26","2200 | DIA | Message | 𝑷𝒆𝒂𝒓𝒍 𝑮𝒓𝒂𝒏𝒅 𝒔𝒂𝒍𝒆 ลดสูงสุด 𝟔𝟎% | 1 - 30 Sep 26 [Other-Province]",55-64,female,228,420,21,,27,THB,3.21467091,,6.42857143,67.50808916,2026-09-01,2026-09-18
"2200 | DIA | Awareness | 𝟗.𝟗 𝑫𝒐𝒖𝒃𝒍𝒆 𝑫𝒂𝒚 𝑺𝒂𝒍𝒆 | 7 - 9 Sep 26","Awareness  - 𝟗.𝟗 𝑫𝒐𝒖𝒃𝒍𝒆 𝑫𝒂𝒚 𝑺𝒂𝒍𝒆 | 7 - 9 Sep 26","2200 | DIA | Awareness  | 𝟗.𝟗 𝑫𝒐𝒖𝒃𝒍𝒆 𝑫𝒂𝒚 𝑺𝒂𝒍𝒆 | 7 - 9 Sep 26 [Other-Province]",55-64,male,6866,7184,9,,15,THB,7.39869087,,0.20879733,66.5882178,2026-09-01,2026-09-18
"2200 | DIA | Message | Wedding Package | 1 - 30 Sep 26","Message - Wedding Package - 1 - 30 Sep 26","2200 | DIA | Message | Wedding Package | 1 - 30 Sep 26 [Other-Province]",25-34,male,139,680,33,,34,THB,1.95113545,,5,64.38746985,2026-09-01,2026-09-18
"2200 | DIA | Awareness | 𝐎𝐧𝐞 𝐏𝐫𝐢𝐜𝐞 เพชรแท้ ราคาเดียว 𝟏𝟓,𝟗𝟎𝟎.- | 1 - 30 Sep 26","Awareness  - 𝐎𝐧𝐞 𝐏𝐫𝐢𝐜𝐞 เพชรแท้ ราคาเดียว 𝟏𝟓,𝟗𝟎𝟎.- | 1 - 30 Sep 26","2200 | DIA | Awareness  |𝐎𝐧𝐞 𝐏𝐫𝐢𝐜𝐞 เพชรแท้ ราคาเดียว 𝟏𝟓,𝟗𝟎𝟎.- | 1 - 30 Sep 26 [Other-Province]",65+,female,4595,7624,7,,10,THB,9.17601125,,0.13116474,64.23207875,2026-09-01,2026-09-18
"2200 | DIA | Awareness | 𝑮𝒓𝒂𝒏𝒅 𝑺𝒂𝒍𝒆 ลดครั้งยิ่งใหญ่ที่สุดในรอบปี สูงสุด 𝟕𝟎% | 1 - 30 Sep 26","Awareness   - 𝑮𝒓𝒂𝒏𝒅 𝑺𝒂𝒍𝒆 ลดครั้งยิ่งใหญ่ที่สุดในรอบปี สูงสุด 𝟕𝟎% | 1 - 30 Sep 26","2200 | DIA | Awareness | 𝑮𝒓𝒂𝒏𝒅 𝑺𝒂𝒍𝒆 ลดครั้งยิ่งใหญ่ที่สุดในรอบปี สูงสุด 𝟕𝟎% | 1 - 30 Sep 26 [BKK]",25-34,female,7665,8257,19,,30,THB,3.36789474,,0.36332809,63.99,2026-09-01,2026-09-18
"2200 | Pearl | Page Follower |  𝑷𝒆𝒂𝒓𝒍 𝑮𝒓𝒂𝒏𝒅 𝒔𝒂𝒍𝒆 ลดสูงสุด 𝟔𝟎% | 1 - 30 Sep 26","Page Follower |  𝑷𝒆𝒂𝒓𝒍 𝑮𝒓𝒂𝒏𝒅 𝒔𝒂𝒍𝒆 ลดสูงสุด 𝟔𝟎% | 1 - 30 Sep 26","2200 | Pearl | Page Follower |  𝑷𝒆𝒂𝒓𝒍 𝑮𝒓𝒂𝒏𝒅 𝒔𝒂𝒍𝒆 ลดสูงสุด 𝟔𝟎% | 1 - 30 Sep 26 [Other-Province]",55-64,female,1014,1433,56,,87,THB,1.12240812,,6.07117934,62.85485466,2026-09-01,2026-09-18
"2200 | DIA | Message | Wedding Package | 1 - 30 Sep 26","Message - Wedding Package -1 - 30 Sep 26","2200 | DIA | Message | Wedding Package | 1 - 30 Sep 26  [BKK]",25-34,male,152,496,34,1,46,THB,1.77769029,60.44146976,9.27419355,60.44146976,2026-09-01,2026-09-18
"2200 | DIA | Awareness | 𝑷𝒆𝒂𝒓𝒍 𝑮𝒓𝒂𝒏𝒅 𝒔𝒂𝒍𝒆 ลดสูงสุด 𝟔𝟎% | 1 - 30 Sep 26","Awareness   - 𝑷𝒆𝒂𝒓𝒍 𝑮𝒓𝒂𝒏𝒅 𝒔𝒂𝒍𝒆 ลดสูงสุด 𝟔𝟎% | 1 - 30 Sep 26","2200 | DIA |  Awareness | 𝑷𝒆𝒂𝒓𝒍 𝑮𝒓𝒂𝒏𝒅 𝒔𝒂𝒍𝒆 ลดสูงสุด 𝟔𝟎% | 1 - 30 Sep 26  [BKK]",18-24,male,5821,7246,5,,5,THB,12.08342307,,0.06900359,60.41711533,2026-09-01,2026-09-18
"2200 | DIA | Awareness | 𝟗.𝟗 𝑫𝒐𝒖𝒃𝒍𝒆 𝑫𝒂𝒚 𝑺𝒂𝒍𝒆 | 7 - 9 Sep 26","Awareness  - 𝟗.𝟗 𝑫𝒐𝒖𝒃𝒍𝒆 𝑫𝒂𝒚 𝑺𝒂𝒍𝒆 | 7 - 9 Sep 26","2200 | DIA | Awareness  | 𝟗.𝟗 𝑫𝒐𝒖𝒃𝒍𝒆 𝑫𝒂𝒚 𝑺𝒂𝒍𝒆 | 7 - 9 Sep 26 [Other-Province]",65+,male,5810,6305,9,,13,THB,6.52538091,,0.20618557,58.72842817,2026-09-01,2026-09-18
"2200 | DIA | Awareness | Wedding Package | 1 - 30 Sep 26","Awareness   - Wedding Package -1 - 30 Sep 26","2200 | DIA | Message | Wedding Package | 1 - 30 Sep 26  [BKK]",35-44,male,7020,7536,22,,29,THB,2.62909091,,0.38481953,57.84,2026-09-01,2026-09-18
"2200 | DIA | Awareness | 𝐎𝐧𝐞 𝐏𝐫𝐢𝐜𝐞 เพชรแท้ ราคาเดียว 𝟏𝟓,𝟗𝟎𝟎.- | 1 - 30 Sep 26","Awareness  - 𝐎𝐧𝐞 𝐏𝐫𝐢𝐜𝐞 เพชรแท้ ราคาเดียว 𝟏𝟓,𝟗𝟎𝟎.- | 1 - 30 Sep 26","2200 | DIA | Awareness  |𝐎𝐧𝐞 𝐏𝐫𝐢𝐜𝐞 เพชรแท้ ราคาเดียว 𝟏𝟓,𝟗𝟎𝟎.- | 1 - 30 Sep 26 [Other-Province]",35-44,female,4723,6986,6,,7,THB,9.50864106,,0.1002004,57.05184637,2026-09-01,2026-09-18
"2200 | Pearl | Page Follower |  𝑷𝒆𝒂𝒓𝒍 𝑮𝒓𝒂𝒏𝒅 𝒔𝒂𝒍𝒆 ลดสูงสุด 𝟔𝟎% | 1 - 30 Sep 26","Page Follower |  𝑷𝒆𝒂𝒓𝒍 𝑮𝒓𝒂𝒏𝒅 𝒔𝒂𝒍𝒆 ลดสูงสุด 𝟔𝟎% | 1 - 30 Sep 26","2200 | Pearl | Page Follower |  𝑷𝒆𝒂𝒓𝒍 𝑮𝒓𝒂𝒏𝒅 𝒔𝒂𝒍𝒆 ลดสูงสุด 𝟔𝟎% | 1 - 30 Sep 26 [BKK]",25-34,male,1001,1462,47,,60,THB,1.16781038,,4.10396717,54.88708802,2026-09-01,2026-09-18
"2200 | DIA | Awareness | Wedding Package | 1 - 30 Sep 26","Awareness  - Wedding Package -1 - 30 Sep 26","2200 | DIA | Awareness  | Wedding Package | 1 - 30 Sep 26 [Other-Province]",45-54,male,5949,6602,14,,21,THB,3.91517464,,0.31808543,54.81244491,2026-09-01,2026-09-18
"2200 | DIA | Message  |  𝑮𝒓𝒂𝒏𝒅 𝑺𝒂𝒍𝒆 ลดครั้งยิ่งใหญ่ที่สุดในรอบปี สูงสุด 𝟕𝟎% | 1 - 30 Sep 26","Message -  𝑮𝒓𝒂𝒏𝒅 𝑺𝒂𝒍𝒆 ลดครั้งยิ่งใหญ่ที่สุดในรอบปี สูงสุด 𝟕𝟎% | 1 - 30 Sep 26","2200 | DIA | Message | 𝑮𝒓𝒂𝒏𝒅 𝑺𝒂𝒍𝒆 ลดครั้งยิ่งใหญ่ที่สุดในรอบปี สูงสุด 𝟕𝟎% | 1 - 30 Sep 26 [Other-Province]",25-34,male,168,514,16,,29,THB,3.31548658,,5.64202335,53.04778529,2026-09-01,2026-09-18
"2200 | DIA | Message  |  𝟗.𝟗 𝑫𝒐𝒖𝒃𝒍𝒆 𝑫𝒂𝒚 𝑺𝒂𝒍𝒆 | 7 - 9 Sep 26","Message -  𝟗.𝟗 𝑫𝒐𝒖𝒃𝒍𝒆 𝑫𝒂𝒚 𝑺𝒂𝒍𝒆 | 7 - 9 Sep 26","2200 | DIA | Message | 𝟗.𝟗 𝑫𝒐𝒖𝒃𝒍𝒆 𝑫𝒂𝒚 𝑺𝒂𝒍𝒆 | 7 - 9 Sep 26  [BKK]",25-34,male,192,402,6,,11,THB,8.73333333,,2.73631841,52.4,2026-09-01,2026-09-18
"2200 | DIA | Awareness | 𝐎𝐧𝐞 𝐏𝐫𝐢𝐜𝐞 เพชรแท้ ราคาเดียว 𝟏𝟓,𝟗𝟎𝟎.- | 1 - 30 Sep 26","Awareness  - 𝐎𝐧𝐞 𝐏𝐫𝐢𝐜𝐞 เพชรแท้ ราคาเดียว 𝟏𝟓,𝟗𝟎𝟎.- | 1 - 30 Sep 26","2200 | DIA | Awareness  |𝐎𝐧𝐞 𝐏𝐫𝐢𝐜𝐞 เพชรแท้ ราคาเดียว 𝟏𝟓,𝟗𝟎𝟎.- | 1 - 30 Sep 26 [Other-Province]",55-64,male,3740,6108,4,1,5,THB,12.88291693,51.53166772,0.08185986,51.53166772,2026-09-01,2026-09-18
"2200 | DIA | Message  |  𝐎𝐧𝐞 𝐏𝐫𝐢𝐜𝐞 เพชรแท้ ราคาเดียว 𝟏𝟓,𝟗𝟎𝟎.- | 1 - 30 Sep 26","Message -  𝐎𝐧𝐞 𝐏𝐫𝐢𝐜𝐞 เพชรแท้ ราคาเดียว 𝟏𝟓,𝟗𝟎𝟎.- | 1 - 30 Sep 26","2200 | DIA | Message |𝐎𝐧𝐞 𝐏𝐫𝐢𝐜𝐞 เพชรแท้ ราคาเดียว 𝟏𝟓,𝟗𝟎𝟎.- | 1 - 30 Sep 26  [BKK]",25-34,male,184,404,9,,21,THB,5.66598337,,5.1980198,50.99385029,2026-09-01,2026-09-18
"2200 | DIA | Awareness | 𝑷𝒆𝒂𝒓𝒍 𝑮𝒓𝒂𝒏𝒅 𝒔𝒂𝒍𝒆 ลดสูงสุด 𝟔𝟎% | 1 - 30 Sep 26","Awareness  - 𝑷𝒆𝒂𝒓𝒍 𝑮𝒓𝒂𝒏𝒅 𝒔𝒂𝒍𝒆 ลดสูงสุด 𝟔𝟎% | 1 - 30 Sep 26","2200 | DIA | Awareness  | 𝑷𝒆𝒂𝒓𝒍 𝑮𝒓𝒂𝒏𝒅 𝒔𝒂𝒍𝒆 ลดสูงสุด 𝟔𝟎% | 1 - 30 Sep 26 [Other-Province]",25-34,female,4991,5967,11,,14,THB,4.53269451,,0.23462376,49.85963958,2026-09-01,2026-09-18
"2200 | DIA | Message  |  𝐎𝐧𝐞 𝐏𝐫𝐢𝐜𝐞 เพชรแท้ ราคาเดียว 𝟏𝟓,𝟗𝟎𝟎.- | 1 - 30 Sep 26","Message -  𝐎𝐧𝐞 𝐏𝐫𝐢𝐜𝐞 เพชรแท้ ราคาเดียว 𝟏𝟓,𝟗𝟎𝟎.- | 1 - 30 Sep 26","2200 | DIA | Message |𝐎𝐧𝐞 𝐏𝐫𝐢𝐜𝐞 เพชรแท้ ราคาเดียว 𝟏𝟓,𝟗𝟎𝟎.- | 1 - 30 Sep 26  [BKK]",65+,female,128,223,11,1,13,THB,4.48418307,49.32601382,5.82959641,49.32601382,2026-09-01,2026-09-18
"2200 | DIA | Message  |  𝐎𝐧𝐞 𝐏𝐫𝐢𝐜𝐞 เพชรแท้ ราคาเดียว 𝟏𝟓,𝟗𝟎𝟎.- | 1 - 30 Sep 26","Message -  𝐎𝐧𝐞 𝐏𝐫𝐢𝐜𝐞 เพชรแท้ ราคาเดียว 𝟏𝟓,𝟗𝟎𝟎.- | 1 - 30 Sep 26","2200 | DIA | Message | 𝐎𝐧𝐞 𝐏𝐫𝐢𝐜𝐞 เพชรแท้ ราคาเดียว 𝟏𝟓,𝟗𝟎𝟎.- | 1 - 30 Sep 26 [Other-Province]",25-34,male,338,580,4,,7,THB,12.31528548,,1.20689655,49.26114193,2026-09-01,2026-09-18
"2200 | DIA | Message  |  𝑮𝒓𝒂𝒏𝒅 𝑺𝒂𝒍𝒆 เครื่องประดับเพชรแท้ ลดแรงสูงสุดในรอบปี | 𝐀𝐮𝐫𝐨𝐫𝐚 𝐃𝐢𝐚𝐦𝐨𝐧𝐝 | 1 - 14 Sep 26","Message -  𝑮𝒓𝒂𝒏𝒅 𝑺𝒂𝒍𝒆 เครื่องประดับเพชรแท้ ลดแรงสูงสุดในรอบปี | 𝐀𝐮𝐫𝐨𝐫𝐚 𝐃𝐢𝐚𝐦𝐨𝐧𝐝 | 1 - 14 Sep 26","2200 | DIA | Message |  𝑮𝒓𝒂𝒏𝒅 𝑺𝒂𝒍𝒆 เครื่องประดับเพชรแท้ ลดแรงสูงสุดในรอบปี | 𝐀𝐮𝐫𝐨𝐫𝐚 𝐃𝐢𝐚𝐦𝐨𝐧𝐝 | 1 - 14 Sep 26 [Other-Province]",55-64,male,322,504,9,2,18,THB,5.44767988,24.51455948,3.57142857,49.02911895,2026-09-01,2026-09-18
"2200 | DIA | Awareness | 𝑷𝒆𝒂𝒓𝒍 𝑮𝒓𝒂𝒏𝒅 𝒔𝒂𝒍𝒆 ลดสูงสุด 𝟔𝟎% | 1 - 30 Sep 26","Awareness   - 𝑷𝒆𝒂𝒓𝒍 𝑮𝒓𝒂𝒏𝒅 𝒔𝒂𝒍𝒆 ลดสูงสุด 𝟔𝟎% | 1 - 30 Sep 26","2200 | DIA |  Awareness | 𝑷𝒆𝒂𝒓𝒍 𝑮𝒓𝒂𝒏𝒅 𝒔𝒂𝒍𝒆 ลดสูงสุด 𝟔𝟎% | 1 - 30 Sep 26  [BKK]",18-24,female,5182,5945,4,1,9,THB,12.19345424,48.77381695,0.15138772,48.77381695,2026-09-01,2026-09-18
"2200 | DIA | Awareness | Wedding Package | 1 - 30 Sep 26","Awareness  - Wedding Package -1 - 30 Sep 26","2200 | DIA | Awareness  | Wedding Package | 1 - 30 Sep 26 [Other-Province]",55-64,female,5380,5894,9,,16,THB,5.30468106,,0.2714625,47.74212954,2026-09-01,2026-09-18
"2200 | DIA | Message  |  𝑮𝒓𝒂𝒏𝒅 𝑺𝒂𝒍𝒆 ลดครั้งยิ่งใหญ่ที่สุดในรอบปี สูงสุด 𝟕𝟎% | 1 - 30 Sep 26","Message -  𝑮𝒓𝒂𝒏𝒅 𝑺𝒂𝒍𝒆 ลดครั้งยิ่งใหญ่ที่สุดในรอบปี สูงสุด 𝟕𝟎% | 1 - 30 Sep 26","2200 | DIA | Message |𝑮𝒓𝒂𝒏𝒅 𝑺𝒂𝒍𝒆 ลดครั้งยิ่งใหญ่ที่สุดในรอบปี สูงสุด 𝟕𝟎% | 1 - 30 Sep 26  [BKK]",35-44,male,231,566,31,2,47,THB,1.51829661,23.53359742,8.30388693,47.06719483,2026-09-01,2026-09-18
"2200 | DIA | Awareness | Wedding Package | 1 - 30 Sep 26","Awareness  - Wedding Package -1 - 30 Sep 26","2200 | DIA | Awareness  | Wedding Package | 1 - 30 Sep 26 [Other-Province]",45-54,female,5071,5669,6,,14,THB,7.83368275,,0.24695714,47.00209653,2026-09-01,2026-09-18
"2200 | Pearl | Awareness |  𝑷𝒆𝒂𝒓𝒍 𝑮𝒓𝒂𝒏𝒅 𝒔𝒂𝒍𝒆 ลดสูงสุด 𝟔𝟎% | 1 - 30 Sep 26","Awareness  - Pearl -  𝑷𝒆𝒂𝒓𝒍 𝑮𝒓𝒂𝒏𝒅 𝒔𝒂𝒍𝒆 ลดสูงสุด 𝟔𝟎% | 1 - 30 Sep 26","2200 | Pearl |  Awareness |  𝑷𝒆𝒂𝒓𝒍 𝑮𝒓𝒂𝒏𝒅 𝒔𝒂𝒍𝒆 ลดสูงสุด 𝟔𝟎% | 1 - 30 Sep 26  [BKK]",18-24,male,4472,5471,8,,9,THB,5.82178958,,0.16450375,46.57431661,2026-09-01,2026-09-18
"2200 | DIA | Awareness | Wedding Package | 1 - 30 Sep 26","Awareness  - Wedding Package -1 - 30 Sep 26","2200 | DIA | Awareness  | Wedding Package | 1 - 30 Sep 26 [Other-Province]",55-64,male,5004,5599,15,,19,THB,3.07413712,,0.33934631,46.11205683,2026-09-01,2026-09-18
"2200 | Pearl | Page Follower |  𝑷𝒆𝒂𝒓𝒍 𝑮𝒓𝒂𝒏𝒅 𝒔𝒂𝒍𝒆 ลดสูงสุด 𝟔𝟎% | 1 - 30 Sep 26","Page Follower |  𝑷𝒆𝒂𝒓𝒍 𝑮𝒓𝒂𝒏𝒅 𝒔𝒂𝒍𝒆 ลดสูงสุด 𝟔𝟎% | 1 - 30 Sep 26","2200 | Pearl | Page Follower |  𝑷𝒆𝒂𝒓𝒍 𝑮𝒓𝒂𝒏𝒅 𝒔𝒂𝒍𝒆 ลดสูงสุด 𝟔𝟎% | 1 - 30 Sep 26 [BKK]",35-44,male,689,1190,49,,60,THB,0.9303588,,5.04201681,45.58758139,2026-09-01,2026-09-18
"2200 | DIA | Message  |  𝐎𝐧𝐞 𝐏𝐫𝐢𝐜𝐞 เพชรแท้ ราคาเดียว 𝟏𝟓,𝟗𝟎𝟎.- | 1 - 30 Sep 26","Message -  𝐎𝐧𝐞 𝐏𝐫𝐢𝐜𝐞 เพชรแท้ ราคาเดียว 𝟏𝟓,𝟗𝟎𝟎.- | 1 - 30 Sep 26","2200 | DIA | Message |𝐎𝐧𝐞 𝐏𝐫𝐢𝐜𝐞 เพชรแท้ ราคาเดียว 𝟏𝟓,𝟗𝟎𝟎.- | 1 - 30 Sep 26  [BKK]",45-54,male,95,195,5,1,8,THB,9.11018218,45.55091092,4.1025641,45.55091092,2026-09-01,2026-09-18
"2200 | DIA | Awareness | 𝟗.𝟗 𝑫𝒐𝒖𝒃𝒍𝒆 𝑫𝒂𝒚 𝑺𝒂𝒍𝒆 | 7 - 9 Sep 26","Awareness   - 𝟗.𝟗 𝑫𝒐𝒖𝒃𝒍𝒆 𝑫𝒂𝒚 𝑺𝒂𝒍𝒆 | 7 - 9 Sep 26","2200 | DIA | Awareness | 𝟗.𝟗 𝑫𝒐𝒖𝒃𝒍𝒆 𝑫𝒂𝒚 𝑺𝒂𝒍𝒆 | 7 - 9 Sep 26 [BKK]",25-34,male,5076,5213,6,,8,THB,7.46666667,,0.1534625,44.8,2026-09-01,2026-09-18
"2200 | DIA | Message  |  𝑮𝒓𝒂𝒏𝒅 𝑺𝒂𝒍𝒆 ลดครั้งยิ่งใหญ่ที่สุดในรอบปี สูงสุด 𝟕𝟎% | 1 - 30 Sep 26","Message -  𝑮𝒓𝒂𝒏𝒅 𝑺𝒂𝒍𝒆 ลดครั้งยิ่งใหญ่ที่สุดในรอบปี สูงสุด 𝟕𝟎% | 1 - 30 Sep 26","2200 | DIA | Message | 𝑮𝒓𝒂𝒏𝒅 𝑺𝒂𝒍𝒆 ลดครั้งยิ่งใหญ่ที่สุดในรอบปี สูงสุด 𝟕𝟎% | 1 - 30 Sep 26 [Other-Province]",45-54,male,127,341,12,3,16,THB,3.56436694,14.25746776,4.69208211,42.77240327,2026-09-01,2026-09-18
"2200 | DIA | Message  |  𝑮𝒓𝒂𝒏𝒅 𝑺𝒂𝒍𝒆 ลดครั้งยิ่งใหญ่ที่สุดในรอบปี สูงสุด 𝟕𝟎% | 1 - 30 Sep 26","Message -  𝑮𝒓𝒂𝒏𝒅 𝑺𝒂𝒍𝒆 ลดครั้งยิ่งใหญ่ที่สุดในรอบปี สูงสุด 𝟕𝟎% | 1 - 30 Sep 26","2200 | DIA | Message |𝑮𝒓𝒂𝒏𝒅 𝑺𝒂𝒍𝒆 ลดครั้งยิ่งใหญ่ที่สุดในรอบปี สูงสุด 𝟕𝟎% | 1 - 30 Sep 26  [BKK]",65+,female,140,388,30,6,37,THB,1.41454957,7.07274783,9.53608247,42.43648697,2026-09-01,2026-09-18
"2200 | DIA | Awareness | 𝐎𝐧𝐞 𝐏𝐫𝐢𝐜𝐞 เพชรแท้ ราคาเดียว 𝟏𝟓,𝟗𝟎𝟎.- | 1 - 30 Sep 26","Awareness  - 𝐎𝐧𝐞 𝐏𝐫𝐢𝐜𝐞 เพชรแท้ ราคาเดียว 𝟏𝟓,𝟗𝟎𝟎.- | 1 - 30 Sep 26","2200 | DIA | Awareness  |𝐎𝐧𝐞 𝐏𝐫𝐢𝐜𝐞 เพชรแท้ ราคาเดียว 𝟏𝟓,𝟗𝟎𝟎.- | 1 - 30 Sep 26 [Other-Province]",45-54,female,3248,4870,3,,4,THB,13.48710315,,0.08213552,40.46130945,2026-09-01,2026-09-18
"2200 | DIA | Awareness | 𝑮𝒓𝒂𝒏𝒅 𝑺𝒂𝒍𝒆 ลดครั้งยิ่งใหญ่ที่สุดในรอบปี สูงสุด 𝟕𝟎% | 1 - 30 Sep 26","Awareness   - 𝑮𝒓𝒂𝒏𝒅 𝑺𝒂𝒍𝒆 ลดครั้งยิ่งใหญ่ที่สุดในรอบปี สูงสุด 𝟕𝟎% | 1 - 30 Sep 26","2200 | DIA | Awareness | 𝑮𝒓𝒂𝒏𝒅 𝑺𝒂𝒍𝒆 ลดครั้งยิ่งใหญ่ที่สุดในรอบปี สูงสุด 𝟕𝟎% | 1 - 30 Sep 26 [BKK]",35-44,male,4531,4829,14,,17,THB,2.73857143,,0.35203976,38.34,2026-09-01,2026-09-18
"2200 | DIA | Message  |  𝐎𝐧𝐞 𝐏𝐫𝐢𝐜𝐞 เพชรแท้ ราคาเดียว 𝟏𝟓,𝟗𝟎𝟎.- | 1 - 30 Sep 26","Message -  𝐎𝐧𝐞 𝐏𝐫𝐢𝐜𝐞 เพชรแท้ ราคาเดียว 𝟏𝟓,𝟗𝟎𝟎.- | 1 - 30 Sep 26","2200 | DIA | Message | 𝐎𝐧𝐞 𝐏𝐫𝐢𝐜𝐞 เพชรแท้ ราคาเดียว 𝟏𝟓,𝟗𝟎𝟎.- | 1 - 30 Sep 26 [Other-Province]",35-44,male,198,392,17,,24,THB,2.23711068,,6.12244898,38.0308816,2026-09-01,2026-09-18
"2200 | Pearl | Page Follower |  𝑷𝒆𝒂𝒓𝒍 𝑮𝒓𝒂𝒏𝒅 𝒔𝒂𝒍𝒆 ลดสูงสุด 𝟔𝟎% | 1 - 30 Sep 26","Page Follower |  𝑷𝒆𝒂𝒓𝒍 𝑮𝒓𝒂𝒏𝒅 𝒔𝒂𝒍𝒆 ลดสูงสุด 𝟔𝟎% | 1 - 30 Sep 26","2200 | Pearl | Page Follower |  𝑷𝒆𝒂𝒓𝒍 𝑮𝒓𝒂𝒏𝒅 𝒔𝒂𝒍𝒆 ลดสูงสุด 𝟔𝟎% | 1 - 30 Sep 26 [BKK]",65+,female,547,872,41,,50,THB,0.92653621,,5.73394495,37.98798458,2026-09-01,2026-09-18
"2200 | Pearl | Message  |  𝑷𝒆𝒂𝒓𝒍 𝑮𝒓𝒂𝒏𝒅 𝒔𝒂𝒍𝒆 ลดสูงสุด 𝟔𝟎% | 1 - 30 Sep 26","Message - Pearl -  𝑷𝒆𝒂𝒓𝒍 𝑮𝒓𝒂𝒏𝒅 𝒔𝒂𝒍𝒆 ลดสูงสุด 𝟔𝟎% | 1 - 30 Sep 26","2200 | Pearl | Message |  𝑷𝒆𝒂𝒓𝒍 𝑮𝒓𝒂𝒏𝒅 𝒔𝒂𝒍𝒆 ลดสูงสุด 𝟔𝟎% | 1 - 30 Sep 26 [Other-Province]",55-64,female,236,457,14,4,28,THB,2.70084479,9.45295676,6.12691466,37.81182705,2026-09-01,2026-09-18
"2200 | DIA | Awareness | Wedding Package | 1 - 30 Sep 26","Awareness  - Wedding Package -1 - 30 Sep 26","2200 | DIA | Awareness  | Wedding Package | 1 - 30 Sep 26 [Other-Province]",65+,male,3752,4413,12,,20,THB,3.0318019,,0.45320644,36.3816228,2026-09-01,2026-09-18
"2200 | DIA | Message  |  𝑮𝒓𝒂𝒏𝒅 𝑺𝒂𝒍𝒆 ลดครั้งยิ่งใหญ่ที่สุดในรอบปี สูงสุด 𝟕𝟎% | 1 - 30 Sep 26","Message -  𝑮𝒓𝒂𝒏𝒅 𝑺𝒂𝒍𝒆 ลดครั้งยิ่งใหญ่ที่สุดในรอบปี สูงสุด 𝟕𝟎% | 1 - 30 Sep 26","2200 | DIA | Message |𝑮𝒓𝒂𝒏𝒅 𝑺𝒂𝒍𝒆 ลดครั้งยิ่งใหญ่ที่สุดในรอบปี สูงสุด 𝟕𝟎% | 1 - 30 Sep 26  [BKK]",25-34,male,183,445,17,1,24,THB,2.10032106,35.70545804,5.39325843,35.70545804,2026-09-01,2026-09-18
"2200 | DIA | Awareness | 𝐎𝐧𝐞 𝐏𝐫𝐢𝐜𝐞 เพชรแท้ ราคาเดียว 𝟏𝟓,𝟗𝟎𝟎.- | 1 - 30 Sep 26","Awareness  - 𝐎𝐧𝐞 𝐏𝐫𝐢𝐜𝐞 เพชรแท้ ราคาเดียว 𝟏𝟓,𝟗𝟎𝟎.- | 1 - 30 Sep 26","2200 | DIA | Awareness  |𝐎𝐧𝐞 𝐏𝐫𝐢𝐜𝐞 เพชรแท้ ราคาเดียว 𝟏𝟓,𝟗𝟎𝟎.- | 1 - 30 Sep 26 [Other-Province]",55-64,female,2648,4236,7,,6,THB,5.08445026,,0.14164306,35.59115184,2026-09-01,2026-09-18
"2200 | Pearl | Awareness |  𝑷𝒆𝒂𝒓𝒍 𝑮𝒓𝒂𝒏𝒅 𝒔𝒂𝒍𝒆 ลดสูงสุด 𝟔𝟎% | 1 - 30 Sep 26","Awareness  - Pearl -  𝑷𝒆𝒂𝒓𝒍 𝑮𝒓𝒂𝒏𝒅 𝒔𝒂𝒍𝒆 ลดสูงสุด 𝟔𝟎% | 1 - 30 Sep 26","2200 | Pearl |  Awareness |  𝑷𝒆𝒂𝒓𝒍 𝑮𝒓𝒂𝒏𝒅 𝒔𝒂𝒍𝒆 ลดสูงสุด 𝟔𝟎% | 1 - 30 Sep 26  [BKK]",18-24,female,3639,4251,3,,7,THB,11.66025094,,0.16466714,34.98075283,2026-09-01,2026-09-18
"2200 | DIA | Awareness | 𝟗.𝟗 𝑫𝒐𝒖𝒃𝒍𝒆 𝑫𝒂𝒚 𝑺𝒂𝒍𝒆 | 7 - 9 Sep 26","Awareness   - 𝟗.𝟗 𝑫𝒐𝒖𝒃𝒍𝒆 𝑫𝒂𝒚 𝑺𝒂𝒍𝒆 | 7 - 9 Sep 26","2200 | DIA | Awareness | 𝟗.𝟗 𝑫𝒐𝒖𝒃𝒍𝒆 𝑫𝒂𝒚 𝑺𝒂𝒍𝒆 | 7 - 9 Sep 26 [BKK]",25-34,female,4006,4026,3,,5,THB,11.65666667,,0.12419275,34.97,2026-09-01,2026-09-18
"2200 | DIA | Message | Wedding Package | 1 - 30 Sep 26","Message - Wedding Package -1 - 30 Sep 26","2200 | DIA | Message | Wedding Package | 1 - 30 Sep 26  [BKK]",35-44,male,62,212,23,,31,THB,1.50394962,,14.62264151,34.59084115,2026-09-01,2026-09-18
"2200 | DIA | Awareness | Wedding Package | 1 - 30 Sep 26","Awareness  - Wedding Package -1 - 30 Sep 26","2200 | DIA | Awareness  | Wedding Package | 1 - 30 Sep 26 [Other-Province]",65+,female,3579,4176,6,,8,THB,5.74525627,,0.19157088,34.4715376,2026-09-01,2026-09-18
"2200 | DIA | Message  |  𝑮𝒓𝒂𝒏𝒅 𝑺𝒂𝒍𝒆 ลดครั้งยิ่งใหญ่ที่สุดในรอบปี สูงสุด 𝟕𝟎% | 1 - 30 Sep 26","Message -  𝑮𝒓𝒂𝒏𝒅 𝑺𝒂𝒍𝒆 ลดครั้งยิ่งใหญ่ที่สุดในรอบปี สูงสุด 𝟕𝟎% | 1 - 30 Sep 26","2200 | DIA | Message | 𝑮𝒓𝒂𝒏𝒅 𝑺𝒂𝒍𝒆 ลดครั้งยิ่งใหญ่ที่สุดในรอบปี สูงสุด 𝟕𝟎% | 1 - 30 Sep 26 [Other-Province]",65+,female,152,365,26,2,35,THB,1.32530955,17.22902419,9.5890411,34.45804839,2026-09-01,2026-09-18
"2200 | DIA | Message  |  𝑮𝒓𝒂𝒏𝒅 𝑺𝒂𝒍𝒆 ลดครั้งยิ่งใหญ่ที่สุดในรอบปี สูงสุด 𝟕𝟎% | 1 - 30 Sep 26","Message -  𝑮𝒓𝒂𝒏𝒅 𝑺𝒂𝒍𝒆 ลดครั้งยิ่งใหญ่ที่สุดในรอบปี สูงสุด 𝟕𝟎% | 1 - 30 Sep 26","2200 | DIA | Message | 𝑮𝒓𝒂𝒏𝒅 𝑺𝒂𝒍𝒆 ลดครั้งยิ่งใหญ่ที่สุดในรอบปี สูงสุด 𝟕𝟎% | 1 - 30 Sep 26 [Other-Province]",35-44,male,219,497,16,1,27,THB,2.11986034,33.9177654,5.43259557,33.9177654,2026-09-01,2026-09-18
"2200 | Pearl | Awareness |  𝑷𝒆𝒂𝒓𝒍 𝑮𝒓𝒂𝒏𝒅 𝒔𝒂𝒍𝒆 ลดสูงสุด 𝟔𝟎% | 1 - 30 Sep 26","Awareness - Pearl - 𝑷𝒆𝒂𝒓𝒍 𝑮𝒓𝒂𝒏𝒅 𝒔𝒂𝒍𝒆 ลดสูงสุด 𝟔𝟎% | 1 - 30 Sep 26","2200 | Pearl | Awareness  |  𝑷𝒆𝒂𝒓𝒍 𝑮𝒓𝒂𝒏𝒅 𝒔𝒂𝒍𝒆 ลดสูงสุด 𝟔𝟎% | 1 - 30 Sep 26 [Other-Province]",35-44,male,2808,3859,1,,3,THB,33.7350485,,0.07774035,33.7350485,2026-09-01,2026-09-18
"2200 | DIA | Message  |  𝐋𝐄𝐕𝐀 𝐂𝐨𝐥𝐥𝐞𝐜𝐭𝐢𝐨𝐧 เพชรแท้ พร้อมใบเซอร์ | 7 - 30 Sep 26","Message - 𝐋𝐄𝐕𝐀 𝐂𝐨𝐥𝐥𝐞𝐜𝐭𝐢𝐨𝐧 เพชรแท้ พร้อมใบเซอร์ | 7 - 30 Sep 26","2200 | DIA | Message | 𝐋𝐄𝐕𝐀 𝐂𝐨𝐥𝐥𝐞𝐜𝐭𝐢𝐨𝐧 เพชรแท้ พร้อมใบเซอร์ | 7 - 30 Sep 26 [Other-Province]",25-34,male,188,571,6,2,12,THB,5.58833853,16.76501558,2.10157618,33.53003116,2026-09-01,2026-09-18
"2200 | Pearl | Page Follower |  𝑷𝒆𝒂𝒓𝒍 𝑮𝒓𝒂𝒏𝒅 𝒔𝒂𝒍𝒆 ลดสูงสุด 𝟔𝟎% | 1 - 30 Sep 26","Page Follower |  𝑷𝒆𝒂𝒓𝒍 𝑮𝒓𝒂𝒏𝒅 𝒔𝒂𝒍𝒆 ลดสูงสุด 𝟔𝟎% | 1 - 30 Sep 26","2200 | Pearl | Page Follower |  𝑷𝒆𝒂𝒓𝒍 𝑮𝒓𝒂𝒏𝒅 𝒔𝒂𝒍𝒆 ลดสูงสุด 𝟔𝟎% | 1 - 30 Sep 26 [BKK]",18-24,female,801,1207,33,,48,THB,1.01570369,,3.97680199,33.51822172,2026-09-01,2026-09-18
"2200 | DIA | Awareness | 𝑮𝒓𝒂𝒏𝒅 𝑺𝒂𝒍𝒆 ลดครั้งยิ่งใหญ่ที่สุดในรอบปี สูงสุด 𝟕𝟎% | 1 - 30 Sep 26","Awareness   - 𝑮𝒓𝒂𝒏𝒅 𝑺𝒂𝒍𝒆 ลดครั้งยิ่งใหญ่ที่สุดในรอบปี สูงสุด 𝟕𝟎% | 1 - 30 Sep 26","2200 | DIA | Awareness | 𝑮𝒓𝒂𝒏𝒅 𝑺𝒂𝒍𝒆 ลดครั้งยิ่งใหญ่ที่สุดในรอบปี สูงสุด 𝟕𝟎% | 1 - 30 Sep 26 [BKK]",35-44,female,4031,4323,14,,26,THB,2.39,,0.60143419,33.46,2026-09-01,2026-09-18
"2200 | DIA | Awareness | 𝑮𝒓𝒂𝒏𝒅 𝑺𝒂𝒍𝒆 เครื่องประดับเพชรแท้ ลดแรงสูงสุดในรอบปี | 𝐀𝐮𝐫𝐨𝐫𝐚 𝐃𝐢𝐚𝐦𝐨𝐧𝐝 | 1 - 14 Sep 26","Awareness   - 𝑮𝒓𝒂𝒏𝒅 𝑺𝒂𝒍𝒆 เครื่องประดับเพชรแท้ ลดแรงสูงสุดในรอบปี | 𝐀𝐮𝐫𝐨𝐫𝐚 𝐃𝐢𝐚𝐦𝐨𝐧𝐝 | 1 - 14 Sep 26","2200 | DIA | Awareness | 𝑮𝒓𝒂𝒏𝒅 𝑺𝒂𝒍𝒆 เครื่องประดับเพชรแท้ ลดแรงสูงสุดในรอบปี | 𝐀𝐮𝐫𝐨𝐫𝐚 𝐃𝐢𝐚𝐦𝐨𝐧𝐝 | 1 - 14 Sep 26 [BKK]",55-64,female,4094,4230,8,,15,THB,4.09211,,0.35460993,32.73687997,2026-09-01,2026-09-18
"2200 | DIA | Message  |  𝐎𝐧𝐞 𝐏𝐫𝐢𝐜𝐞 เพชรแท้ ราคาเดียว 𝟏𝟓,𝟗𝟎𝟎.- | 1 - 30 Sep 26","Message -  𝐎𝐧𝐞 𝐏𝐫𝐢𝐜𝐞 เพชรแท้ ราคาเดียว 𝟏𝟓,𝟗𝟎𝟎.- | 1 - 30 Sep 26","2200 | DIA | Message |𝐎𝐧𝐞 𝐏𝐫𝐢𝐜𝐞 เพชรแท้ ราคาเดียว 𝟏𝟓,𝟗𝟎𝟎.- | 1 - 30 Sep 26  [BKK]",35-44,male,146,251,6,,9,THB,5.31810131,,3.58565737,31.90860785,2026-09-01,2026-09-18
"2200 | DIA | Awareness | 𝑷𝒆𝒂𝒓𝒍 𝑮𝒓𝒂𝒏𝒅 𝒔𝒂𝒍𝒆 ลดสูงสุด 𝟔𝟎% | 1 - 30 Sep 26","Awareness   - 𝑷𝒆𝒂𝒓𝒍 𝑮𝒓𝒂𝒏𝒅 𝒔𝒂𝒍𝒆 ลดสูงสุด 𝟔𝟎% | 1 - 30 Sep 26","2200 | DIA |  Awareness | 𝑷𝒆𝒂𝒓𝒍 𝑮𝒓𝒂𝒏𝒅 𝒔𝒂𝒍𝒆 ลดสูงสุด 𝟔𝟎% | 1 - 30 Sep 26  [BKK]",25-34,female,3402,3864,12,,17,THB,2.61240673,,0.43995859,31.3488807,2026-09-01,2026-09-18
"2200 | DIA | Message  |  𝐋𝐄𝐕𝐀 𝐂𝐨𝐥𝐥𝐞𝐜𝐭𝐢𝐨𝐧 เพชรแท้ พร้อมใบเซอร์ | 7 - 30 Sep 26","Message -  𝐋𝐄𝐕𝐀 𝐂𝐨𝐥𝐥𝐞𝐜𝐭𝐢𝐨𝐧 เพชรแท้ พร้อมใบเซอร์ | 7 - 30 Sep 26","2200 | DIA | Message | 𝐋𝐄𝐕𝐀 𝐂𝐨𝐥𝐥𝐞𝐜𝐭𝐢𝐨𝐧 เพชรแท้ พร้อมใบเซอร์ | 7 - 30 Sep 26  [BKK]",55-64,female,109,211,4,,9,THB,7.80362058,,4.26540284,31.21448232,2026-09-01,2026-09-18
"2200 | DIA | Message  |  𝐋𝐄𝐕𝐀 𝐂𝐨𝐥𝐥𝐞𝐜𝐭𝐢𝐨𝐧 เพชรแท้ พร้อมใบเซอร์ | 7 - 30 Sep 26","Message -  𝐋𝐄𝐕𝐀 𝐂𝐨𝐥𝐥𝐞𝐜𝐭𝐢𝐨𝐧 เพชรแท้ พร้อมใบเซอร์ | 7 - 30 Sep 26","2200 | DIA | Message | 𝐋𝐄𝐕𝐀 𝐂𝐨𝐥𝐥𝐞𝐜𝐭𝐢𝐨𝐧 เพชรแท้ พร้อมใบเซอร์ | 7 - 30 Sep 26  [BKK]",25-34,male,114,252,5,1,13,THB,6.11479599,30.57397996,5.15873016,30.57397996,2026-09-01,2026-09-18
"2200 | Pearl | Page Follower |  𝑷𝒆𝒂𝒓𝒍 𝑮𝒓𝒂𝒏𝒅 𝒔𝒂𝒍𝒆 ลดสูงสุด 𝟔𝟎% | 1 - 30 Sep 26","Page Follower |  𝑷𝒆𝒂𝒓𝒍 𝑮𝒓𝒂𝒏𝒅 𝒔𝒂𝒍𝒆 ลดสูงสุด 𝟔𝟎% | 1 - 30 Sep 26","2200 | Pearl | Page Follower |  𝑷𝒆𝒂𝒓𝒍 𝑮𝒓𝒂𝒏𝒅 𝒔𝒂𝒍𝒆 ลดสูงสุด 𝟔𝟎% | 1 - 30 Sep 26 [Other-Province]",25-34,male,468,726,25,,38,THB,1.19628272,,5.23415978,29.90706802,2026-09-01,2026-09-18
"2200 | DIA | Message  |  𝟗.𝟗 𝑫𝒐𝒖𝒃𝒍𝒆 𝑫𝒂𝒚 𝑺𝒂𝒍𝒆 | 7 - 9 Sep 26","Message -  𝟗.𝟗 𝑫𝒐𝒖𝒃𝒍𝒆 𝑫𝒂𝒚 𝑺𝒂𝒍𝒆 | 7 - 9 Sep 26","2200 | DIA | Message | 𝟗.𝟗 𝑫𝒐𝒖𝒃𝒍𝒆 𝑫𝒂𝒚 𝑺𝒂𝒍𝒆 | 7 - 9 Sep 26  [BKK]",35-44,male,210,383,14,,24,THB,2.12857143,,6.26631854,29.8,2026-09-01,2026-09-18
"2200 | DIA | Message | Wedding Package | 1 - 30 Sep 26","Message - Wedding Package - 1 - 30 Sep 26","2200 | DIA | Message | Wedding Package | 1 - 30 Sep 26 [Other-Province]",55-64,female,23,74,5,,6,THB,5.95746691,,8.10810811,29.78733453,2026-09-01,2026-09-18
"2200 | DIA | Message  |  𝟗.𝟗 𝑫𝒐𝒖𝒃𝒍𝒆 𝑫𝒂𝒚 𝑺𝒂𝒍𝒆 | 7 - 9 Sep 26","Message -  𝟗.𝟗 𝑫𝒐𝒖𝒃𝒍𝒆 𝑫𝒂𝒚 𝑺𝒂𝒍𝒆 | 7 - 9 Sep 26","2200 | DIA | Message | 𝟗.𝟗 𝑫𝒐𝒖𝒃𝒍𝒆 𝑫𝒂𝒚 𝑺𝒂𝒍𝒆 | 7 - 9 Sep 26 [Other-Province]",25-34,male,113,257,3,,7,THB,9.78,,2.72373541,29.34,2026-09-01,2026-09-18
"2200 | Pearl | Awareness |  𝑷𝒆𝒂𝒓𝒍 𝑮𝒓𝒂𝒏𝒅 𝒔𝒂𝒍𝒆 ลดสูงสุด 𝟔𝟎% | 1 - 30 Sep 26","Awareness - Pearl - 𝑷𝒆𝒂𝒓𝒍 𝑮𝒓𝒂𝒏𝒅 𝒔𝒂𝒍𝒆 ลดสูงสุด 𝟔𝟎% | 1 - 30 Sep 26","2200 | Pearl | Awareness  |  𝑷𝒆𝒂𝒓𝒍 𝑮𝒓𝒂𝒏𝒅 𝒔𝒂𝒍𝒆 ลดสูงสุด 𝟔𝟎% | 1 - 30 Sep 26 [Other-Province]",65+,female,2254,3272,5,,4,THB,5.82259734,,0.12224939,29.11298669,2026-09-01,2026-09-18
"2200 | DIA | Message  |  𝑮𝒓𝒂𝒏𝒅 𝑺𝒂𝒍𝒆 เครื่องประดับเพชรแท้ ลดแรงสูงสุดในรอบปี | 𝐀𝐮𝐫𝐨𝐫𝐚 𝐃𝐢𝐚𝐦𝐨𝐧𝐝 | 1 - 14 Sep 26","Message -  𝑮𝒓𝒂𝒏𝒅 𝑺𝒂𝒍𝒆 เครื่องประดับเพชรแท้ ลดแรงสูงสุดในรอบปี | 𝐀𝐮𝐫𝐨𝐫𝐚 𝐃𝐢𝐚𝐦𝐨𝐧𝐝 | 1 - 14 Sep 26","2200 | DIA | Message | 𝑮𝒓𝒂𝒏𝒅 𝑺𝒂𝒍𝒆 เครื่องประดับเพชรแท้ ลดแรงสูงสุดในรอบปี | 𝐀𝐮𝐫𝐨𝐫𝐚 𝐃𝐢𝐚𝐦𝐨𝐧𝐝 | 1 - 14 Sep 26  [BKK]",55-64,male,121,234,14,1,19,THB,2.02347143,28.32860007,8.11965812,28.32860007,2026-09-01,2026-09-18
"2200 | DIA | Message  |  𝑮𝒓𝒂𝒏𝒅 𝑺𝒂𝒍𝒆 ลดครั้งยิ่งใหญ่ที่สุดในรอบปี สูงสุด 𝟕𝟎% | 1 - 30 Sep 26","Message -  𝑮𝒓𝒂𝒏𝒅 𝑺𝒂𝒍𝒆 ลดครั้งยิ่งใหญ่ที่สุดในรอบปี สูงสุด 𝟕𝟎% | 1 - 30 Sep 26","2200 | DIA | Message |𝑮𝒓𝒂𝒏𝒅 𝑺𝒂𝒍𝒆 ลดครั้งยิ่งใหญ่ที่สุดในรอบปี สูงสุด 𝟕𝟎% | 1 - 30 Sep 26  [BKK]",45-54,male,134,306,11,1,22,THB,2.53766064,27.91426706,7.18954248,27.91426706,2026-09-01,2026-09-18
"2200 | DIA | Awareness | 𝑮𝒓𝒂𝒏𝒅 𝑺𝒂𝒍𝒆 เครื่องประดับเพชรแท้ ลดแรงสูงสุดในรอบปี | 𝐀𝐮𝐫𝐨𝐫𝐚 𝐃𝐢𝐚𝐦𝐨𝐧𝐝 | 1 - 14 Sep 26","Awareness   - 𝑮𝒓𝒂𝒏𝒅 𝑺𝒂𝒍𝒆 เครื่องประดับเพชรแท้ ลดแรงสูงสุดในรอบปี | 𝐀𝐮𝐫𝐨𝐫𝐚 𝐃𝐢𝐚𝐦𝐨𝐧𝐝 | 1 - 14 Sep 26","2200 | DIA | Awareness | 𝑮𝒓𝒂𝒏𝒅 𝑺𝒂𝒍𝒆 เครื่องประดับเพชรแท้ ลดแรงสูงสุดในรอบปี | 𝐀𝐮𝐫𝐨𝐫𝐚 𝐃𝐢𝐚𝐦𝐨𝐧𝐝 | 1 - 14 Sep 26 [BKK]",45-54,male,3445,3607,1,,5,THB,27.427386,,0.13861935,27.427386,2026-09-01,2026-09-18
"2200 | DIA | Awareness | 𝑮𝒓𝒂𝒏𝒅 𝑺𝒂𝒍𝒆 เครื่องประดับเพชรแท้ ลดแรงสูงสุดในรอบปี | 𝐀𝐮𝐫𝐨𝐫𝐚 𝐃𝐢𝐚𝐦𝐨𝐧𝐝 | 1 - 14 Sep 26","Awareness   - 𝑮𝒓𝒂𝒏𝒅 𝑺𝒂𝒍𝒆 เครื่องประดับเพชรแท้ ลดแรงสูงสุดในรอบปี | 𝐀𝐮𝐫𝐨𝐫𝐚 𝐃𝐢𝐚𝐦𝐨𝐧𝐝 | 1 - 14 Sep 26","2200 | DIA | Awareness | 𝑮𝒓𝒂𝒏𝒅 𝑺𝒂𝒍𝒆 เครื่องประดับเพชรแท้ ลดแรงสูงสุดในรอบปี | 𝐀𝐮𝐫𝐨𝐫𝐚 𝐃𝐢𝐚𝐦𝐨𝐧𝐝 | 1 - 14 Sep 26 [BKK]",45-54,female,3499,3588,5,,16,THB,5.45947968,,0.44593088,27.29739839,2026-09-01,2026-09-18
"2200 | Pearl | Awareness |  𝑷𝒆𝒂𝒓𝒍 𝑮𝒓𝒂𝒏𝒅 𝒔𝒂𝒍𝒆 ลดสูงสุด 𝟔𝟎% | 1 - 30 Sep 26","Awareness - Pearl - 𝑷𝒆𝒂𝒓𝒍 𝑮𝒓𝒂𝒏𝒅 𝒔𝒂𝒍𝒆 ลดสูงสุด 𝟔𝟎% | 1 - 30 Sep 26","2200 | Pearl | Awareness  |  𝑷𝒆𝒂𝒓𝒍 𝑮𝒓𝒂𝒏𝒅 𝒔𝒂𝒍𝒆 ลดสูงสุด 𝟔𝟎% | 1 - 30 Sep 26 [Other-Province]",65+,male,2015,3024,2,,1,THB,13.53603814,,0.03306878,27.07207628,2026-09-01,2026-09-18
"2200 | DIA | Message  |  𝐋𝐄𝐕𝐀 𝐂𝐨𝐥𝐥𝐞𝐜𝐭𝐢𝐨𝐧 เพชรแท้ พร้อมใบเซอร์ | 7 - 30 Sep 26","Message - 𝐋𝐄𝐕𝐀 𝐂𝐨𝐥𝐥𝐞𝐜𝐭𝐢𝐨𝐧 เพชรแท้ พร้อมใบเซอร์ | 7 - 30 Sep 26","2200 | DIA | Message | 𝐋𝐄𝐕𝐀 𝐂𝐨𝐥𝐥𝐞𝐜𝐭𝐢𝐨𝐧 เพชรแท้ พร้อมใบเซอร์ | 7 - 30 Sep 26 [Other-Province]",35-44,male,170,429,7,,15,THB,3.8523014,,3.4965035,26.96610981,2026-09-01,2026-09-18
"2200 | Pearl | Message  |  𝑷𝒆𝒂𝒓𝒍 𝑮𝒓𝒂𝒏𝒅 𝒔𝒂𝒍𝒆 ลดสูงสุด 𝟔𝟎% | 1 - 30 Sep 26","Message - Pearl -  𝑷𝒆𝒂𝒓𝒍 𝑮𝒓𝒂𝒏𝒅 𝒔𝒂𝒍𝒆 ลดสูงสุด 𝟔𝟎% | 1 - 30 Sep 26","2200 | Pearl | Message |  𝑷𝒆𝒂𝒓𝒍 𝑮𝒓𝒂𝒏𝒅 𝒔𝒂𝒍𝒆 ลดสูงสุด 𝟔𝟎% | 1 - 30 Sep 26 [BKK]",35-44,male,180,431,22,4,34,THB,1.22111267,6.7161197,7.88863109,26.86447881,2026-09-01,2026-09-18
"2200 | Pearl | Message  |  𝑷𝒆𝒂𝒓𝒍 𝑮𝒓𝒂𝒏𝒅 𝒔𝒂𝒍𝒆 ลดสูงสุด 𝟔𝟎% | 1 - 30 Sep 26","Message - Pearl -  𝑷𝒆𝒂𝒓𝒍 𝑮𝒓𝒂𝒏𝒅 𝒔𝒂𝒍𝒆 ลดสูงสุด 𝟔𝟎% | 1 - 30 Sep 26","2200 | Pearl | Message |  𝑷𝒆𝒂𝒓𝒍 𝑮𝒓𝒂𝒏𝒅 𝒔𝒂𝒍𝒆 ลดสูงสุด 𝟔𝟎% | 1 - 30 Sep 26 [BKK]",65+,female,109,232,14,1,13,THB,1.90674194,26.69438713,5.60344828,26.69438713,2026-09-01,2026-09-18
"2200 | DIA | Message  |  𝑮𝒓𝒂𝒏𝒅 𝑺𝒂𝒍𝒆 เครื่องประดับเพชรแท้ ลดแรงสูงสุดในรอบปี | 𝐀𝐮𝐫𝐨𝐫𝐚 𝐃𝐢𝐚𝐦𝐨𝐧𝐝 | 1 - 14 Sep 26","Message -  𝑮𝒓𝒂𝒏𝒅 𝑺𝒂𝒍𝒆 เครื่องประดับเพชรแท้ ลดแรงสูงสุดในรอบปี | 𝐀𝐮𝐫𝐨𝐫𝐚 𝐃𝐢𝐚𝐦𝐨𝐧𝐝 | 1 - 14 Sep 26","2200 | DIA | Message |  𝑮𝒓𝒂𝒏𝒅 𝑺𝒂𝒍𝒆 เครื่องประดับเพชรแท้ ลดแรงสูงสุดในรอบปี | 𝐀𝐮𝐫𝐨𝐫𝐚 𝐃𝐢𝐚𝐦𝐨𝐧𝐝 | 1 - 14 Sep 26 [Other-Province]",65+,male,246,353,9,,12,THB,2.89217025,,3.39943343,26.02953225,2026-09-01,2026-09-18
"2200 | DIA | Awareness | 𝐎𝐧𝐞 𝐏𝐫𝐢𝐜𝐞 เพชรแท้ ราคาเดียว 𝟏𝟓,𝟗𝟎𝟎.- | 1 - 30 Sep 26","Awareness   - 𝐎𝐧𝐞 𝐏𝐫𝐢𝐜𝐞 เพชรแท้ ราคาเดียว 𝟏𝟓,𝟗𝟎𝟎.- | 1 - 30 Sep 26","2200 | DIA | Awareness | 𝐎𝐧𝐞 𝐏𝐫𝐢𝐜𝐞 เพชรแท้ ราคาเดียว 𝟏𝟓,𝟗𝟎𝟎.- | 1 - 30 Sep 26 [BKK]",25-34,female,2691,3324,5,,2,THB,5.18911678,,0.06016847,25.9455839,2026-09-01,2026-09-18
"2200 | Pearl | Page Follower |  𝑷𝒆𝒂𝒓𝒍 𝑮𝒓𝒂𝒏𝒅 𝒔𝒂𝒍𝒆 ลดสูงสุด 𝟔𝟎% | 1 - 30 Sep 26","Page Follower |  𝑷𝒆𝒂𝒓𝒍 𝑮𝒓𝒂𝒏𝒅 𝒔𝒂𝒍𝒆 ลดสูงสุด 𝟔𝟎% | 1 - 30 Sep 26","2200 | Pearl | Page Follower |  𝑷𝒆𝒂𝒓𝒍 𝑮𝒓𝒂𝒏𝒅 𝒔𝒂𝒍𝒆 ลดสูงสุด 𝟔𝟎% | 1 - 30 Sep 26 [Other-Province]",35-44,male,412,642,25,,29,THB,0.99503516,,4.51713396,24.87587899,2026-09-01,2026-09-18
"2200 | DIA | Awareness | 𝑮𝒓𝒂𝒏𝒅 𝑺𝒂𝒍𝒆 เครื่องประดับเพชรแท้ ลดแรงสูงสุดในรอบปี | 𝐀𝐮𝐫𝐨𝐫𝐚 𝐃𝐢𝐚𝐦𝐨𝐧𝐝 | 1 - 14 Sep 26","Awareness   - 𝑮𝒓𝒂𝒏𝒅 𝑺𝒂𝒍𝒆 เครื่องประดับเพชรแท้ ลดแรงสูงสุดในรอบปี | 𝐀𝐮𝐫𝐨𝐫𝐚 𝐃𝐢𝐚𝐦𝐨𝐧𝐝 | 1 - 14 Sep 26","2200 | DIA | Awareness | 𝑮𝒓𝒂𝒏𝒅 𝑺𝒂𝒍𝒆 เครื่องประดับเพชรแท้ ลดแรงสูงสุดในรอบปี | 𝐀𝐮𝐫𝐨𝐫𝐚 𝐃𝐢𝐚𝐦𝐨𝐧𝐝 | 1 - 14 Sep 26 [BKK]",55-64,male,3139,3249,3,,7,THB,8.22254967,,0.21545091,24.66764902,2026-09-01,2026-09-18
"2200 | DIA | Message  |  𝐋𝐄𝐕𝐀 𝐂𝐨𝐥𝐥𝐞𝐜𝐭𝐢𝐨𝐧 เพชรแท้ พร้อมใบเซอร์ | 7 - 30 Sep 26","Message - 𝐋𝐄𝐕𝐀 𝐂𝐨𝐥𝐥𝐞𝐜𝐭𝐢𝐨𝐧 เพชรแท้ พร้อมใบเซอร์ | 7 - 30 Sep 26","2200 | DIA | Message | 𝐋𝐄𝐕𝐀 𝐂𝐨𝐥𝐥𝐞𝐜𝐭𝐢𝐨𝐧 เพชรแท้ พร้อมใบเซอร์ | 7 - 30 Sep 26 [Other-Province]",55-64,male,28,86,,,3,THB,,,3.48837209,23.97432249,2026-09-01,2026-09-18
"2200 | DIA | Message  |  𝟗.𝟗 𝑫𝒐𝒖𝒃𝒍𝒆 𝑫𝒂𝒚 𝑺𝒂𝒍𝒆 | 7 - 9 Sep 26","Message -  𝟗.𝟗 𝑫𝒐𝒖𝒃𝒍𝒆 𝑫𝒂𝒚 𝑺𝒂𝒍𝒆 | 7 - 9 Sep 26","2200 | DIA | Message | 𝟗.𝟗 𝑫𝒐𝒖𝒃𝒍𝒆 𝑫𝒂𝒚 𝑺𝒂𝒍𝒆 | 7 - 9 Sep 26  [BKK]",65+,female,106,185,10,3,13,THB,2.332,7.77333333,7.02702703,23.32,2026-09-01,2026-09-18
"2200 | DIA | Message  |  𝐎𝐧𝐞 𝐏𝐫𝐢𝐜𝐞 เพชรแท้ ราคาเดียว 𝟏𝟓,𝟗𝟎𝟎.- | 1 - 30 Sep 26","Message -  𝐎𝐧𝐞 𝐏𝐫𝐢𝐜𝐞 เพชรแท้ ราคาเดียว 𝟏𝟓,𝟗𝟎𝟎.- | 1 - 30 Sep 26","2200 | DIA | Message | 𝐎𝐧𝐞 𝐏𝐫𝐢𝐜𝐞 เพชรแท้ ราคาเดียว 𝟏𝟓,𝟗𝟎𝟎.- | 1 - 30 Sep 26 [Other-Province]",45-54,male,93,181,10,3,12,THB,2.31005355,7.7001785,6.62983425,23.1005355,2026-09-01,2026-09-18
"2200 | Pearl | Awareness |  𝑷𝒆𝒂𝒓𝒍 𝑮𝒓𝒂𝒏𝒅 𝒔𝒂𝒍𝒆 ลดสูงสุด 𝟔𝟎% | 1 - 30 Sep 26","Awareness  - Pearl -  𝑷𝒆𝒂𝒓𝒍 𝑮𝒓𝒂𝒏𝒅 𝒔𝒂𝒍𝒆 ลดสูงสุด 𝟔𝟎% | 1 - 30 Sep 26","2200 | Pearl |  Awareness |  𝑷𝒆𝒂𝒓𝒍 𝑮𝒓𝒂𝒏𝒅 𝒔𝒂𝒍𝒆 ลดสูงสุด 𝟔𝟎% | 1 - 30 Sep 26  [BKK]",25-34,male,2324,2739,5,,5,THB,4.54539722,,0.18254838,22.72698611,2026-09-01,2026-09-18
"2200 | Pearl | Page Follower |  𝑷𝒆𝒂𝒓𝒍 𝑮𝒓𝒂𝒏𝒅 𝒔𝒂𝒍𝒆 ลดสูงสุด 𝟔𝟎% | 1 - 30 Sep 26","Page Follower |  𝑷𝒆𝒂𝒓𝒍 𝑮𝒓𝒂𝒏𝒅 𝒔𝒂𝒍𝒆 ลดสูงสุด 𝟔𝟎% | 1 - 30 Sep 26","2200 | Pearl | Page Follower |  𝑷𝒆𝒂𝒓𝒍 𝑮𝒓𝒂𝒏𝒅 𝒔𝒂𝒍𝒆 ลดสูงสุด 𝟔𝟎% | 1 - 30 Sep 26 [BKK]",45-54,male,308,486,31,,37,THB,0.73157409,,7.61316872,22.6787968,2026-09-01,2026-09-18
"2200 | Pearl | Awareness |  𝑷𝒆𝒂𝒓𝒍 𝑮𝒓𝒂𝒏𝒅 𝒔𝒂𝒍𝒆 ลดสูงสุด 𝟔𝟎% | 1 - 30 Sep 26","Awareness - Pearl - 𝑷𝒆𝒂𝒓𝒍 𝑮𝒓𝒂𝒏𝒅 𝒔𝒂𝒍𝒆 ลดสูงสุด 𝟔𝟎% | 1 - 30 Sep 26","2200 | Pearl | Awareness  |  𝑷𝒆𝒂𝒓𝒍 𝑮𝒓𝒂𝒏𝒅 𝒔𝒂𝒍𝒆 ลดสูงสุด 𝟔𝟎% | 1 - 30 Sep 26 [Other-Province]",55-64,female,1865,2595,3,,3,THB,7.51001673,,0.11560694,22.53005018,2026-09-01,2026-09-18
"2200 | Pearl | Awareness |  𝑷𝒆𝒂𝒓𝒍 𝑮𝒓𝒂𝒏𝒅 𝒔𝒂𝒍𝒆 ลดสูงสุด 𝟔𝟎% | 1 - 30 Sep 26","Awareness - Pearl - 𝑷𝒆𝒂𝒓𝒍 𝑮𝒓𝒂𝒏𝒅 𝒔𝒂𝒍𝒆 ลดสูงสุด 𝟔𝟎% | 1 - 30 Sep 26","2200 | Pearl | Awareness  |  𝑷𝒆𝒂𝒓𝒍 𝑮𝒓𝒂𝒏𝒅 𝒔𝒂𝒍𝒆 ลดสูงสุด 𝟔𝟎% | 1 - 30 Sep 26 [Other-Province]",35-44,female,2002,2576,2,,3,THB,11.19999608,,0.11645963,22.39999217,2026-09-01,2026-09-18
"2200 | DIA | Message  |  𝐎𝐧𝐞 𝐏𝐫𝐢𝐜𝐞 เพชรแท้ ราคาเดียว 𝟏𝟓,𝟗𝟎𝟎.- | 1 - 30 Sep 26","Message -  𝐎𝐧𝐞 𝐏𝐫𝐢𝐜𝐞 เพชรแท้ ราคาเดียว 𝟏𝟓,𝟗𝟎𝟎.- | 1 - 30 Sep 26","2200 | DIA | Message | 𝐎𝐧𝐞 𝐏𝐫𝐢𝐜𝐞 เพชรแท้ ราคาเดียว 𝟏𝟓,𝟗𝟎𝟎.- | 1 - 30 Sep 26 [Other-Province]",65+,female,114,191,9,1,11,THB,2.44005656,21.96050907,5.7591623,21.96050907,2026-09-01,2026-09-18
"2200 | DIA | Awareness | 𝐎𝐧𝐞 𝐏𝐫𝐢𝐜𝐞 เพชรแท้ ราคาเดียว 𝟏𝟓,𝟗𝟎𝟎.- | 1 - 30 Sep 26","Awareness   - 𝐎𝐧𝐞 𝐏𝐫𝐢𝐜𝐞 เพชรแท้ ราคาเดียว 𝟏𝟓,𝟗𝟎𝟎.- | 1 - 30 Sep 26","2200 | DIA | Awareness | 𝐎𝐧𝐞 𝐏𝐫𝐢𝐜𝐞 เพชรแท้ ราคาเดียว 𝟏𝟓,𝟗𝟎𝟎.- | 1 - 30 Sep 26 [BKK]",35-44,male,2037,2668,1,,1,THB,21.88470993,,0.03748126,21.88470993,2026-09-01,2026-09-18
"2200 | Pearl | Awareness |  𝑷𝒆𝒂𝒓𝒍 𝑮𝒓𝒂𝒏𝒅 𝒔𝒂𝒍𝒆 ลดสูงสุด 𝟔𝟎% | 1 - 30 Sep 26","Awareness - Pearl - 𝑷𝒆𝒂𝒓𝒍 𝑮𝒓𝒂𝒏𝒅 𝒔𝒂𝒍𝒆 ลดสูงสุด 𝟔𝟎% | 1 - 30 Sep 26","2200 | Pearl | Awareness  |  𝑷𝒆𝒂𝒓𝒍 𝑮𝒓𝒂𝒏𝒅 𝒔𝒂𝒍𝒆 ลดสูงสุด 𝟔𝟎% | 1 - 30 Sep 26 [Other-Province]",45-54,male,1806,2474,3,,3,THB,7.27991408,,0.12126112,21.83974225,2026-09-01,2026-09-18
"2200 | Pearl | Awareness |  𝑷𝒆𝒂𝒓𝒍 𝑮𝒓𝒂𝒏𝒅 𝒔𝒂𝒍𝒆 ลดสูงสุด 𝟔𝟎% | 1 - 30 Sep 26","Awareness  - Pearl -  𝑷𝒆𝒂𝒓𝒍 𝑮𝒓𝒂𝒏𝒅 𝒔𝒂𝒍𝒆 ลดสูงสุด 𝟔𝟎% | 1 - 30 Sep 26","2200 | Pearl |  Awareness |  𝑷𝒆𝒂𝒓𝒍 𝑮𝒓𝒂𝒏𝒅 𝒔𝒂𝒍𝒆 ลดสูงสุด 𝟔𝟎% | 1 - 30 Sep 26  [BKK]",25-34,female,2329,2700,5,,7,THB,4.36734249,,0.25925926,21.83671245,2026-09-01,2026-09-18
"2200 | DIA | Message  |  𝐎𝐧𝐞 𝐏𝐫𝐢𝐜𝐞 เพชรแท้ ราคาเดียว 𝟏𝟓,𝟗𝟎𝟎.- | 1 - 30 Sep 26","Message -  𝐎𝐧𝐞 𝐏𝐫𝐢𝐜𝐞 เพชรแท้ ราคาเดียว 𝟏𝟓,𝟗𝟎𝟎.- | 1 - 30 Sep 26","2200 | DIA | Message | 𝐎𝐧𝐞 𝐏𝐫𝐢𝐜𝐞 เพชรแท้ ราคาเดียว 𝟏𝟓,𝟗𝟎𝟎.- | 1 - 30 Sep 26 [Other-Province]",55-64,male,47,79,2,,4,THB,10.89525257,,5.06329114,21.79050513,2026-09-01,2026-09-18
"2200 | DIA | Awareness | Wedding Package | 1 - 30 Sep 26","Awareness   - Wedding Package -1 - 30 Sep 26","2200 | DIA | Message | Wedding Package | 1 - 30 Sep 26  [BKK]",25-34,female,2551,2779,12,,18,THB,1.81583333,,0.64771501,21.79,2026-09-01,2026-09-18
"2200 | DIA | Message  | 𝑷𝒆𝒂𝒓𝒍 𝑮𝒓𝒂𝒏𝒅 𝒔𝒂𝒍𝒆 ลดสูงสุด 𝟔𝟎% | 1 - 30 Sep 26","Message -𝑷𝒆𝒂𝒓𝒍 𝑮𝒓𝒂𝒏𝒅 𝒔𝒂𝒍𝒆 ลดสูงสุด 𝟔𝟎% | 1 - 30 Sep 26","2200 | DIA | Message | 𝑷𝒆𝒂𝒓𝒍 𝑮𝒓𝒂𝒏𝒅 𝒔𝒂𝒍𝒆 ลดสูงสุด 𝟔𝟎% | 1 - 30 Sep 26  [BKK]",65+,female,79,139,8,1,13,THB,2.71540241,21.72321928,9.35251799,21.72321928,2026-09-01,2026-09-18
"2200 | DIA | Awareness | 𝑷𝒆𝒂𝒓𝒍 𝑮𝒓𝒂𝒏𝒅 𝒔𝒂𝒍𝒆 ลดสูงสุด 𝟔𝟎% | 1 - 30 Sep 26","Awareness   - 𝑷𝒆𝒂𝒓𝒍 𝑮𝒓𝒂𝒏𝒅 𝒔𝒂𝒍𝒆 ลดสูงสุด 𝟔𝟎% | 1 - 30 Sep 26","2200 | DIA |  Awareness | 𝑷𝒆𝒂𝒓𝒍 𝑮𝒓𝒂𝒏𝒅 𝒔𝒂𝒍𝒆 ลดสูงสุด 𝟔𝟎% | 1 - 30 Sep 26  [BKK]",25-34,male,2269,2525,6,,10,THB,3.52599887,,0.3960396,21.1559932,2026-09-01,2026-09-18
"2200 | DIA | Message  | 𝑷𝒆𝒂𝒓𝒍 𝑮𝒓𝒂𝒏𝒅 𝒔𝒂𝒍𝒆 ลดสูงสุด 𝟔𝟎% | 1 - 30 Sep 26","Message -𝑷𝒆𝒂𝒓𝒍 𝑮𝒓𝒂𝒏𝒅 𝒔𝒂𝒍𝒆 ลดสูงสุด 𝟔𝟎% | 1 - 30 Sep 26","2200 | DIA | Message | 𝑷𝒆𝒂𝒓𝒍 𝑮𝒓𝒂𝒏𝒅 𝒔𝒂𝒍𝒆 ลดสูงสุด 𝟔𝟎% | 1 - 30 Sep 26  [BKK]",18-24,female,117,295,5,2,8,THB,4.15444055,10.38610139,2.71186441,20.77220277,2026-09-01,2026-09-18
"2200 | DIA | Awareness | 𝑮𝒓𝒂𝒏𝒅 𝑺𝒂𝒍𝒆 เครื่องประดับเพชรแท้ ลดแรงสูงสุดในรอบปี | 𝐀𝐮𝐫𝐨𝐫𝐚 𝐃𝐢𝐚𝐦𝐨𝐧𝐝 | 1 - 14 Sep 26","Awareness   - 𝑮𝒓𝒂𝒏𝒅 𝑺𝒂𝒍𝒆 เครื่องประดับเพชรแท้ ลดแรงสูงสุดในรอบปี | 𝐀𝐮𝐫𝐨𝐫𝐚 𝐃𝐢𝐚𝐦𝐨𝐧𝐝 | 1 - 14 Sep 26","2200 | DIA | Awareness | 𝑮𝒓𝒂𝒏𝒅 𝑺𝒂𝒍𝒆 เครื่องประดับเพชรแท้ ลดแรงสูงสุดในรอบปี | 𝐀𝐮𝐫𝐨𝐫𝐚 𝐃𝐢𝐚𝐦𝐨𝐧𝐝 | 1 - 14 Sep 26 [BKK]",65+,female,2522,2730,1,,5,THB,20.73802354,,0.18315018,20.73802354,2026-09-01,2026-09-18
"2200 | DIA | Awareness | Wedding Package | 1 - 30 Sep 26","Awareness   - Wedding Package -1 - 30 Sep 26","2200 | DIA | Message | Wedding Package | 1 - 30 Sep 26  [BKK]",45-54,male,2305,2555,3,,4,THB,6.86666667,,0.15655577,20.6,2026-09-01,2026-09-18
"2200 | Pearl | Awareness |  𝑷𝒆𝒂𝒓𝒍 𝑮𝒓𝒂𝒏𝒅 𝒔𝒂𝒍𝒆 ลดสูงสุด 𝟔𝟎% | 1 - 30 Sep 26","Awareness - Pearl - 𝑷𝒆𝒂𝒓𝒍 𝑮𝒓𝒂𝒏𝒅 𝒔𝒂𝒍𝒆 ลดสูงสุด 𝟔𝟎% | 1 - 30 Sep 26","2200 | Pearl | Awareness  |  𝑷𝒆𝒂𝒓𝒍 𝑮𝒓𝒂𝒏𝒅 𝒔𝒂𝒍𝒆 ลดสูงสุด 𝟔𝟎% | 1 - 30 Sep 26 [Other-Province]",45-54,female,1670,2286,1,,1,THB,20.40910407,,0.04374453,20.40910407,2026-09-01,2026-09-18
"2200 | DIA | Awareness | 𝑮𝒓𝒂𝒏𝒅 𝑺𝒂𝒍𝒆 ลดครั้งยิ่งใหญ่ที่สุดในรอบปี สูงสุด 𝟕𝟎% | 1 - 30 Sep 26","Awareness   - 𝑮𝒓𝒂𝒏𝒅 𝑺𝒂𝒍𝒆 ลดครั้งยิ่งใหญ่ที่สุดในรอบปี สูงสุด 𝟕𝟎% | 1 - 30 Sep 26","2200 | DIA | Awareness | 𝑮𝒓𝒂𝒏𝒅 𝑺𝒂𝒍𝒆 ลดครั้งยิ่งใหญ่ที่สุดในรอบปี สูงสุด 𝟕𝟎% | 1 - 30 Sep 26 [BKK]",55-64,female,2182,2449,4,,12,THB,5.0725,,0.48999592,20.29,2026-09-01,2026-09-18
"2200 | DIA | Message  |  𝟗.𝟗 𝑫𝒐𝒖𝒃𝒍𝒆 𝑫𝒂𝒚 𝑺𝒂𝒍𝒆 | 7 - 9 Sep 26","Message -  𝟗.𝟗 𝑫𝒐𝒖𝒃𝒍𝒆 𝑫𝒂𝒚 𝑺𝒂𝒍𝒆 | 7 - 9 Sep 26","2200 | DIA | Message | 𝟗.𝟗 𝑫𝒐𝒖𝒃𝒍𝒆 𝑫𝒂𝒚 𝑺𝒂𝒍𝒆 | 7 - 9 Sep 26 [Other-Province]",35-44,male,142,240,2,1,7,THB,9.965,19.93,2.91666667,19.93,2026-09-01,2026-09-18
"2200 | DIA | Message | Wedding Package | 1 - 30 Sep 26","Message - Wedding Package - 1 - 30 Sep 26","2200 | DIA | Message | Wedding Package | 1 - 30 Sep 26 [Other-Province]",55-64,male,5,38,2,,2,THB,9.8207151,,5.26315789,19.6414302,2026-09-01,2026-09-18
"2200 | DIA | Message  |  𝑮𝒓𝒂𝒏𝒅 𝑺𝒂𝒍𝒆 ลดครั้งยิ่งใหญ่ที่สุดในรอบปี สูงสุด 𝟕𝟎% | 1 - 30 Sep 26","Message -  𝑮𝒓𝒂𝒏𝒅 𝑺𝒂𝒍𝒆 ลดครั้งยิ่งใหญ่ที่สุดในรอบปี สูงสุด 𝟕𝟎% | 1 - 30 Sep 26","2200 | DIA | Message |𝑮𝒓𝒂𝒏𝒅 𝑺𝒂𝒍𝒆 ลดครั้งยิ่งใหญ่ที่สุดในรอบปี สูงสุด 𝟕𝟎% | 1 - 30 Sep 26  [BKK]",55-64,male,44,135,8,1,12,THB,2.37786349,19.0229079,8.88888889,19.0229079,2026-09-01,2026-09-18
"2200 | DIA | Message  |  𝑮𝒓𝒂𝒏𝒅 𝑺𝒂𝒍𝒆 ลดครั้งยิ่งใหญ่ที่สุดในรอบปี สูงสุด 𝟕𝟎% | 1 - 30 Sep 26","Message -  𝑮𝒓𝒂𝒏𝒅 𝑺𝒂𝒍𝒆 ลดครั้งยิ่งใหญ่ที่สุดในรอบปี สูงสุด 𝟕𝟎% | 1 - 30 Sep 26","2200 | DIA | Message | 𝑮𝒓𝒂𝒏𝒅 𝑺𝒂𝒍𝒆 ลดครั้งยิ่งใหญ่ที่สุดในรอบปี สูงสุด 𝟕𝟎% | 1 - 30 Sep 26 [Other-Province]",55-64,male,39,95,4,,5,THB,4.74498532,,5.26315789,18.97994129,2026-09-01,2026-09-18
"2200 | DIA | Message | Wedding Package | 1 - 30 Sep 26","Message - Wedding Package -1 - 30 Sep 26","2200 | DIA | Message | Wedding Package | 1 - 30 Sep 26  [BKK]",55-64,female,23,57,2,,3,THB,9.38522822,,5.26315789,18.77045644,2026-09-01,2026-09-18
"2200 | DIA | Awareness | 𝑷𝒆𝒂𝒓𝒍 𝑮𝒓𝒂𝒏𝒅 𝒔𝒂𝒍𝒆 ลดสูงสุด 𝟔𝟎% | 1 - 30 Sep 26","Awareness  - 𝑷𝒆𝒂𝒓𝒍 𝑮𝒓𝒂𝒏𝒅 𝒔𝒂𝒍𝒆 ลดสูงสุด 𝟔𝟎% | 1 - 30 Sep 26","2200 | DIA | Awareness  | 𝑷𝒆𝒂𝒓𝒍 𝑮𝒓𝒂𝒏𝒅 𝒔𝒂𝒍𝒆 ลดสูงสุด 𝟔𝟎% | 1 - 30 Sep 26 [Other-Province]",35-44,male,1845,2198,1,,3,THB,18.70361605,,0.13648772,18.70361605,2026-09-01,2026-09-18
"2200 | DIA | Message | Wedding Package | 1 - 30 Sep 26","Message - Wedding Package - 1 - 30 Sep 26","2200 | DIA | Message | Wedding Package | 1 - 30 Sep 26 [Other-Province]",35-44,male,60,163,12,1,17,THB,1.53255853,18.39070234,10.42944785,18.39070234,2026-09-01,2026-09-18
"2200 | Pearl | Message  |  𝑷𝒆𝒂𝒓𝒍 𝑮𝒓𝒂𝒏𝒅 𝒔𝒂𝒍𝒆 ลดสูงสุด 𝟔𝟎% | 1 - 30 Sep 26","Message - Pearl -  𝑷𝒆𝒂𝒓𝒍 𝑮𝒓𝒂𝒏𝒅 𝒔𝒂𝒍𝒆 ลดสูงสุด 𝟔𝟎% | 1 - 30 Sep 26","2200 | Pearl | Message |  𝑷𝒆𝒂𝒓𝒍 𝑮𝒓𝒂𝒏𝒅 𝒔𝒂𝒍𝒆 ลดสูงสุด 𝟔𝟎% | 1 - 30 Sep 26 [BKK]",25-34,male,158,262,17,2,28,THB,1.07881673,9.16994221,10.6870229,18.33988441,2026-09-01,2026-09-18
"2200 | DIA | Awareness | 𝑮𝒓𝒂𝒏𝒅 𝑺𝒂𝒍𝒆 ลดครั้งยิ่งใหญ่ที่สุดในรอบปี สูงสุด 𝟕𝟎% | 1 - 30 Sep 26","Awareness   - 𝑮𝒓𝒂𝒏𝒅 𝑺𝒂𝒍𝒆 ลดครั้งยิ่งใหญ่ที่สุดในรอบปี สูงสุด 𝟕𝟎% | 1 - 30 Sep 26","2200 | DIA | Awareness | 𝑮𝒓𝒂𝒏𝒅 𝑺𝒂𝒍𝒆 ลดครั้งยิ่งใหญ่ที่สุดในรอบปี สูงสุด 𝟕𝟎% | 1 - 30 Sep 26 [BKK]",45-54,female,2007,2269,5,1,9,THB,3.662,18.31,0.39665051,18.31,2026-09-01,2026-09-18
"2200 | Pearl | Awareness |  𝑷𝒆𝒂𝒓𝒍 𝑮𝒓𝒂𝒏𝒅 𝒔𝒂𝒍𝒆 ลดสูงสุด 𝟔𝟎% | 1 - 30 Sep 26","Awareness - Pearl - 𝑷𝒆𝒂𝒓𝒍 𝑮𝒓𝒂𝒏𝒅 𝒔𝒂𝒍𝒆 ลดสูงสุด 𝟔𝟎% | 1 - 30 Sep 26","2200 | Pearl | Awareness  |  𝑷𝒆𝒂𝒓𝒍 𝑮𝒓𝒂𝒏𝒅 𝒔𝒂𝒍𝒆 ลดสูงสุด 𝟔𝟎% | 1 - 30 Sep 26 [Other-Province]",55-64,male,1478,2089,1,,1,THB,18.04805086,,0.04786979,18.04805086,2026-09-01,2026-09-18
"2200 | DIA | Awareness | 𝑮𝒓𝒂𝒏𝒅 𝑺𝒂𝒍𝒆 เครื่องประดับเพชรแท้ ลดแรงสูงสุดในรอบปี | 𝐀𝐮𝐫𝐨𝐫𝐚 𝐃𝐢𝐚𝐦𝐨𝐧𝐝 | 1 - 14 Sep 26","Awareness   - 𝑮𝒓𝒂𝒏𝒅 𝑺𝒂𝒍𝒆 เครื่องประดับเพชรแท้ ลดแรงสูงสุดในรอบปี | 𝐀𝐮𝐫𝐨𝐫𝐚 𝐃𝐢𝐚𝐦𝐨𝐧𝐝 | 1 - 14 Sep 26","2200 | DIA | Awareness | 𝑮𝒓𝒂𝒏𝒅 𝑺𝒂𝒍𝒆 เครื่องประดับเพชรแท้ ลดแรงสูงสุดในรอบปี | 𝐀𝐮𝐫𝐨𝐫𝐚 𝐃𝐢𝐚𝐦𝐨𝐧𝐝 | 1 - 14 Sep 26 [BKK]",65+,male,2034,2231,3,,7,THB,5.99276219,,0.31376065,17.97828656,2026-09-01,2026-09-18
"2200 | DIA | Awareness | 𝟗.𝟗 𝑫𝒐𝒖𝒃𝒍𝒆 𝑫𝒂𝒚 𝑺𝒂𝒍𝒆 | 7 - 9 Sep 26","Awareness   - 𝟗.𝟗 𝑫𝒐𝒖𝒃𝒍𝒆 𝑫𝒂𝒚 𝑺𝒂𝒍𝒆 | 7 - 9 Sep 26","2200 | DIA | Awareness | 𝟗.𝟗 𝑫𝒐𝒖𝒃𝒍𝒆 𝑫𝒂𝒚 𝑺𝒂𝒍𝒆 | 7 - 9 Sep 26 [BKK]",35-44,male,2062,2079,1,,1,THB,17.85,,0.04810005,17.85,2026-09-01,2026-09-18
"2200 | DIA | Awareness | 𝑷𝒆𝒂𝒓𝒍 𝑮𝒓𝒂𝒏𝒅 𝒔𝒂𝒍𝒆 ลดสูงสุด 𝟔𝟎% | 1 - 30 Sep 26","Awareness  - 𝑷𝒆𝒂𝒓𝒍 𝑮𝒓𝒂𝒏𝒅 𝒔𝒂𝒍𝒆 ลดสูงสุด 𝟔𝟎% | 1 - 30 Sep 26","2200 | DIA | Awareness  | 𝑷𝒆𝒂𝒓𝒍 𝑮𝒓𝒂𝒏𝒅 𝒔𝒂𝒍𝒆 ลดสูงสุด 𝟔𝟎% | 1 - 30 Sep 26 [Other-Province]",35-44,female,1801,2132,4,,6,THB,4.4358576,,0.28142589,17.74343041,2026-09-01,2026-09-18
"2200 | DIA | Awareness | 𝑮𝒓𝒂𝒏𝒅 𝑺𝒂𝒍𝒆 ลดครั้งยิ่งใหญ่ที่สุดในรอบปี สูงสุด 𝟕𝟎% | 1 - 30 Sep 26","Awareness   - 𝑮𝒓𝒂𝒏𝒅 𝑺𝒂𝒍𝒆 ลดครั้งยิ่งใหญ่ที่สุดในรอบปี สูงสุด 𝟕𝟎% | 1 - 30 Sep 26","2200 | DIA | Awareness | 𝑮𝒓𝒂𝒏𝒅 𝑺𝒂𝒍𝒆 ลดครั้งยิ่งใหญ่ที่สุดในรอบปี สูงสุด 𝟕𝟎% | 1 - 30 Sep 26 [BKK]",45-54,male,1934,2118,1,,2,THB,17.7,,0.09442871,17.7,2026-09-01,2026-09-18
"2200 | DIA | Message  |  𝐋𝐄𝐕𝐀 𝐂𝐨𝐥𝐥𝐞𝐜𝐭𝐢𝐨𝐧 เพชรแท้ พร้อมใบเซอร์ | 7 - 30 Sep 26","Message -  𝐋𝐄𝐕𝐀 𝐂𝐨𝐥𝐥𝐞𝐜𝐭𝐢𝐨𝐧 เพชรแท้ พร้อมใบเซอร์ | 7 - 30 Sep 26","2200 | DIA | Message | 𝐋𝐄𝐕𝐀 𝐂𝐨𝐥𝐥𝐞𝐜𝐭𝐢𝐨𝐧 เพชรแท้ พร้อมใบเซอร์ | 7 - 30 Sep 26  [BKK]",35-44,male,69,166,6,,13,THB,2.9172881,,7.8313253,17.50372863,2026-09-01,2026-09-18
"2200 | Pearl | Page Follower |  𝑷𝒆𝒂𝒓𝒍 𝑮𝒓𝒂𝒏𝒅 𝒔𝒂𝒍𝒆 ลดสูงสุด 𝟔𝟎% | 1 - 30 Sep 26","Page Follower |  𝑷𝒆𝒂𝒓𝒍 𝑮𝒓𝒂𝒏𝒅 𝒔𝒂𝒍𝒆 ลดสูงสุด 𝟔𝟎% | 1 - 30 Sep 26","2200 | Pearl | Page Follower |  𝑷𝒆𝒂𝒓𝒍 𝑮𝒓𝒂𝒏𝒅 𝒔𝒂𝒍𝒆 ลดสูงสุด 𝟔𝟎% | 1 - 30 Sep 26 [Other-Province]",45-54,male,169,248,14,,12,THB,1.24886658,,4.83870968,17.48413207,2026-09-01,2026-09-18
"2200 | DIA | Message  |  𝑮𝒓𝒂𝒏𝒅 𝑺𝒂𝒍𝒆 เครื่องประดับเพชรแท้ ลดแรงสูงสุดในรอบปี | 𝐀𝐮𝐫𝐨𝐫𝐚 𝐃𝐢𝐚𝐦𝐨𝐧𝐝 | 1 - 14 Sep 26","Message -  𝑮𝒓𝒂𝒏𝒅 𝑺𝒂𝒍𝒆 เครื่องประดับเพชรแท้ ลดแรงสูงสุดในรอบปี | 𝐀𝐮𝐫𝐨𝐫𝐚 𝐃𝐢𝐚𝐦𝐨𝐧𝐝 | 1 - 14 Sep 26","2200 | DIA | Message | 𝑮𝒓𝒂𝒏𝒅 𝑺𝒂𝒍𝒆 เครื่องประดับเพชรแท้ ลดแรงสูงสุดในรอบปี | 𝐀𝐮𝐫𝐨𝐫𝐚 𝐃𝐢𝐚𝐦𝐨𝐧𝐝 | 1 - 14 Sep 26  [BKK]",65+,male,84,185,9,,19,THB,1.90323928,,10.27027027,17.12915352,2026-09-01,2026-09-18
"2200 | DIA | Awareness | 𝑮𝒓𝒂𝒏𝒅 𝑺𝒂𝒍𝒆 ลดครั้งยิ่งใหญ่ที่สุดในรอบปี สูงสุด 𝟕𝟎% | 1 - 30 Sep 26","Awareness   - 𝑮𝒓𝒂𝒏𝒅 𝑺𝒂𝒍𝒆 ลดครั้งยิ่งใหญ่ที่สุดในรอบปี สูงสุด 𝟕𝟎% | 1 - 30 Sep 26","2200 | DIA | Awareness | 𝑮𝒓𝒂𝒏𝒅 𝑺𝒂𝒍𝒆 ลดครั้งยิ่งใหญ่ที่สุดในรอบปี สูงสุด 𝟕𝟎% | 1 - 30 Sep 26 [BKK]",55-64,male,1899,2040,5,,5,THB,3.39,,0.24509804,16.95,2026-09-01,2026-09-18
"2200 | Pearl | Page Follower |  𝑷𝒆𝒂𝒓𝒍 𝑮𝒓𝒂𝒏𝒅 𝒔𝒂𝒍𝒆 ลดสูงสุด 𝟔𝟎% | 1 - 30 Sep 26","Page Follower |  𝑷𝒆𝒂𝒓𝒍 𝑮𝒓𝒂𝒏𝒅 𝒔𝒂𝒍𝒆 ลดสูงสุด 𝟔𝟎% | 1 - 30 Sep 26","2200 | Pearl | Page Follower |  𝑷𝒆𝒂𝒓𝒍 𝑮𝒓𝒂𝒏𝒅 𝒔𝒂𝒍𝒆 ลดสูงสุด 𝟔𝟎% | 1 - 30 Sep 26 [Other-Province]",18-24,female,381,581,19,,24,THB,0.8838931,,4.13080895,16.79396897,2026-09-01,2026-09-18
"2200 | DIA | Message  |  𝐋𝐄𝐕𝐀 𝐂𝐨𝐥𝐥𝐞𝐜𝐭𝐢𝐨𝐧 เพชรแท้ พร้อมใบเซอร์ | 7 - 30 Sep 26","Message - 𝐋𝐄𝐕𝐀 𝐂𝐨𝐥𝐥𝐞𝐜𝐭𝐢𝐨𝐧 เพชรแท้ พร้อมใบเซอร์ | 7 - 30 Sep 26","2200 | DIA | Message | 𝐋𝐄𝐕𝐀 𝐂𝐨𝐥𝐥𝐞𝐜𝐭𝐢𝐨𝐧 เพชรแท้ พร้อมใบเซอร์ | 7 - 30 Sep 26 [Other-Province]",45-54,male,81,200,7,1,20,THB,2.39714636,16.78002455,10,16.78002455,2026-09-01,2026-09-18
"2200 | DIA | Message  |  𝟗.𝟗 𝑫𝒐𝒖𝒃𝒍𝒆 𝑫𝒂𝒚 𝑺𝒂𝒍𝒆 | 7 - 9 Sep 26","Message -  𝟗.𝟗 𝑫𝒐𝒖𝒃𝒍𝒆 𝑫𝒂𝒚 𝑺𝒂𝒍𝒆 | 7 - 9 Sep 26","2200 | DIA | Message | 𝟗.𝟗 𝑫𝒐𝒖𝒃𝒍𝒆 𝑫𝒂𝒚 𝑺𝒂𝒍𝒆 | 7 - 9 Sep 26 [Other-Province]",45-54,male,65,107,3,,3,THB,5.55666667,,2.80373832,16.67,2026-09-01,2026-09-18
"2200 | DIA | Awareness | 𝑷𝒆𝒂𝒓𝒍 𝑮𝒓𝒂𝒏𝒅 𝒔𝒂𝒍𝒆 ลดสูงสุด 𝟔𝟎% | 1 - 30 Sep 26","Awareness   - 𝑷𝒆𝒂𝒓𝒍 𝑮𝒓𝒂𝒏𝒅 𝒔𝒂𝒍𝒆 ลดสูงสุด 𝟔𝟎% | 1 - 30 Sep 26","2200 | DIA |  Awareness | 𝑷𝒆𝒂𝒓𝒍 𝑮𝒓𝒂𝒏𝒅 𝒔𝒂𝒍𝒆 ลดสูงสุด 𝟔𝟎% | 1 - 30 Sep 26  [BKK]",35-44,female,1870,2009,1,,5,THB,16.30461887,,0.24888004,16.30461887,2026-09-01,2026-09-18
"2200 | DIA | Message  |  𝟗.𝟗 𝑫𝒐𝒖𝒃𝒍𝒆 𝑫𝒂𝒚 𝑺𝒂𝒍𝒆 | 7 - 9 Sep 26","Message -  𝟗.𝟗 𝑫𝒐𝒖𝒃𝒍𝒆 𝑫𝒂𝒚 𝑺𝒂𝒍𝒆 | 7 - 9 Sep 26","2200 | DIA | Message | 𝟗.𝟗 𝑫𝒐𝒖𝒃𝒍𝒆 𝑫𝒂𝒚 𝑺𝒂𝒍𝒆 | 7 - 9 Sep 26  [BKK]",55-64,male,33,62,7,1,12,THB,2.25,15.75,19.35483871,15.75,2026-09-01,2026-09-18
"2200 | DIA | Message  | 𝑷𝒆𝒂𝒓𝒍 𝑮𝒓𝒂𝒏𝒅 𝒔𝒂𝒍𝒆 ลดสูงสุด 𝟔𝟎% | 1 - 30 Sep 26","Message - 𝑷𝒆𝒂𝒓𝒍 𝑮𝒓𝒂𝒏𝒅 𝒔𝒂𝒍𝒆 ลดสูงสุด 𝟔𝟎% | 1 - 30 Sep 26","2200 | DIA | Message | 𝑷𝒆𝒂𝒓𝒍 𝑮𝒓𝒂𝒏𝒅 𝒔𝒂𝒍𝒆 ลดสูงสุด 𝟔𝟎% | 1 - 30 Sep 26 [Other-Province]",18-24,female,69,232,,,7,THB,,,3.01724138,15.70188148,2026-09-01,2026-09-18
"2200 | DIA | Awareness | 𝑷𝒆𝒂𝒓𝒍 𝑮𝒓𝒂𝒏𝒅 𝒔𝒂𝒍𝒆 ลดสูงสุด 𝟔𝟎% | 1 - 30 Sep 26","Awareness  - 𝑷𝒆𝒂𝒓𝒍 𝑮𝒓𝒂𝒏𝒅 𝒔𝒂𝒍𝒆 ลดสูงสุด 𝟔𝟎% | 1 - 30 Sep 26","2200 | DIA | Awareness  | 𝑷𝒆𝒂𝒓𝒍 𝑮𝒓𝒂𝒏𝒅 𝒔𝒂𝒍𝒆 ลดสูงสุด 𝟔𝟎% | 1 - 30 Sep 26 [Other-Province]",65+,female,1460,1883,3,,4,THB,5.1910036,,0.21242698,15.5730108,2026-09-01,2026-09-18
"2200 | DIA | Awareness | 𝑮𝒓𝒂𝒏𝒅 𝑺𝒂𝒍𝒆 ลดครั้งยิ่งใหญ่ที่สุดในรอบปี สูงสุด 𝟕𝟎% | 1 - 30 Sep 26","Awareness   - 𝑮𝒓𝒂𝒏𝒅 𝑺𝒂𝒍𝒆 ลดครั้งยิ่งใหญ่ที่สุดในรอบปี สูงสุด 𝟕𝟎% | 1 - 30 Sep 26","2200 | DIA | Awareness | 𝑮𝒓𝒂𝒏𝒅 𝑺𝒂𝒍𝒆 ลดครั้งยิ่งใหญ่ที่สุดในรอบปี สูงสุด 𝟕𝟎% | 1 - 30 Sep 26 [BKK]",65+,female,1623,1882,7,,9,THB,2.22142857,,0.47821467,15.55,2026-09-01,2026-09-18
"2200 | Pearl | Page Follower |  𝑷𝒆𝒂𝒓𝒍 𝑮𝒓𝒂𝒏𝒅 𝒔𝒂𝒍𝒆 ลดสูงสุด 𝟔𝟎% | 1 - 30 Sep 26","Page Follower |  𝑷𝒆𝒂𝒓𝒍 𝑮𝒓𝒂𝒏𝒅 𝒔𝒂𝒍𝒆 ลดสูงสุด 𝟔𝟎% | 1 - 30 Sep 26","2200 | Pearl | Page Follower |  𝑷𝒆𝒂𝒓𝒍 𝑮𝒓𝒂𝒏𝒅 𝒔𝒂𝒍𝒆 ลดสูงสุด 𝟔𝟎% | 1 - 30 Sep 26 [Other-Province]",65+,female,283,401,19,,27,THB,0.8170352,,6.73316708,15.52366875,2026-09-01,2026-09-18
"2200 | DIA | Awareness | Wedding Package | 1 - 30 Sep 26","Awareness   - Wedding Package -1 - 30 Sep 26","2200 | DIA | Message | Wedding Package | 1 - 30 Sep 26  [BKK]",55-64,male,1777,1926,2,,2,THB,7.73,,0.10384216,15.46,2026-09-01,2026-09-18
"2200 | DIA | Message  |  𝟗.𝟗 𝑫𝒐𝒖𝒃𝒍𝒆 𝑫𝒂𝒚 𝑺𝒂𝒍𝒆 | 7 - 9 Sep 26","Message -  𝟗.𝟗 𝑫𝒐𝒖𝒃𝒍𝒆 𝑫𝒂𝒚 𝑺𝒂𝒍𝒆 | 7 - 9 Sep 26","2200 | DIA | Message | 𝟗.𝟗 𝑫𝒐𝒖𝒃𝒍𝒆 𝑫𝒂𝒚 𝑺𝒂𝒍𝒆 | 7 - 9 Sep 26 [Other-Province]",55-64,male,32,50,2,,3,THB,7.725,,6,15.45,2026-09-01,2026-09-18
"2200 | DIA | Awareness | 𝑮𝒓𝒂𝒏𝒅 𝑺𝒂𝒍𝒆 ลดครั้งยิ่งใหญ่ที่สุดในรอบปี สูงสุด 𝟕𝟎% | 1 - 30 Sep 26","Awareness   - 𝑮𝒓𝒂𝒏𝒅 𝑺𝒂𝒍𝒆 ลดครั้งยิ่งใหญ่ที่สุดในรอบปี สูงสุด 𝟕𝟎% | 1 - 30 Sep 26","2200 | DIA | Awareness | 𝑮𝒓𝒂𝒏𝒅 𝑺𝒂𝒍𝒆 ลดครั้งยิ่งใหญ่ที่สุดในรอบปี สูงสุด 𝟕𝟎% | 1 - 30 Sep 26 [BKK]",65+,male,1628,1868,4,,6,THB,3.8525,,0.32119914,15.41,2026-09-01,2026-09-18
"2200 | DIA | Awareness | 𝟗.𝟗 𝑫𝒐𝒖𝒃𝒍𝒆 𝑫𝒂𝒚 𝑺𝒂𝒍𝒆 | 7 - 9 Sep 26","Awareness   - 𝟗.𝟗 𝑫𝒐𝒖𝒃𝒍𝒆 𝑫𝒂𝒚 𝑺𝒂𝒍𝒆 | 7 - 9 Sep 26","2200 | DIA | Awareness | 𝟗.𝟗 𝑫𝒐𝒖𝒃𝒍𝒆 𝑫𝒂𝒚 𝑺𝒂𝒍𝒆 | 7 - 9 Sep 26 [BKK]",35-44,female,1730,1779,2,,4,THB,7.615,,0.22484542,15.23,2026-09-01,2026-09-18
"2200 | DIA | Message  | 𝑷𝒆𝒂𝒓𝒍 𝑮𝒓𝒂𝒏𝒅 𝒔𝒂𝒍𝒆 ลดสูงสุด 𝟔𝟎% | 1 - 30 Sep 26","Message -𝑷𝒆𝒂𝒓𝒍 𝑮𝒓𝒂𝒏𝒅 𝒔𝒂𝒍𝒆 ลดสูงสุด 𝟔𝟎% | 1 - 30 Sep 26","2200 | DIA | Message | 𝑷𝒆𝒂𝒓𝒍 𝑮𝒓𝒂𝒏𝒅 𝒔𝒂𝒍𝒆 ลดสูงสุด 𝟔𝟎% | 1 - 30 Sep 26  [BKK]",25-34,male,81,144,10,1,12,THB,1.46957078,14.69570779,8.33333333,14.69570779,2026-09-01,2026-09-18
"2200 | DIA | Awareness | 𝑷𝒆𝒂𝒓𝒍 𝑮𝒓𝒂𝒏𝒅 𝒔𝒂𝒍𝒆 ลดสูงสุด 𝟔𝟎% | 1 - 30 Sep 26","Awareness   - 𝑷𝒆𝒂𝒓𝒍 𝑮𝒓𝒂𝒏𝒅 𝒔𝒂𝒍𝒆 ลดสูงสุด 𝟔𝟎% | 1 - 30 Sep 26","2200 | DIA |  Awareness | 𝑷𝒆𝒂𝒓𝒍 𝑮𝒓𝒂𝒏𝒅 𝒔𝒂𝒍𝒆 ลดสูงสุด 𝟔𝟎% | 1 - 30 Sep 26  [BKK]",55-64,female,1606,1802,1,,3,THB,14.69416265,,0.16648169,14.69416265,2026-09-01,2026-09-18
"2200 | DIA | Awareness | 𝐋𝐄𝐕𝐀 𝐂𝐨𝐥𝐥𝐞𝐜𝐭𝐢𝐨𝐧 เพชรแท้ พร้อมใบเซอร์ | 7 - 30 Sep 26","Awareness   -  𝐋𝐄𝐕𝐀 𝐂𝐨𝐥𝐥𝐞𝐜𝐭𝐢𝐨𝐧 เพชรแท้ พร้อมใบเซอร์ | 7 - 30 Sep 26","2200 | DIA | Awareness |  𝐋𝐄𝐕𝐀 𝐂𝐨𝐥𝐥𝐞𝐜𝐭𝐢𝐨𝐧 เพชรแท้ พร้อมใบเซอร์ | 7 - 30 Sep 26 [BKK]",25-34,male,1702,1732,6,,8,THB,2.42869577,,0.46189376,14.57217463,2026-09-01,2026-09-18
"2200 | DIA | Message  |  𝑮𝒓𝒂𝒏𝒅 𝑺𝒂𝒍𝒆 เครื่องประดับเพชรแท้ ลดแรงสูงสุดในรอบปี | 𝐀𝐮𝐫𝐨𝐫𝐚 𝐃𝐢𝐚𝐦𝐨𝐧𝐝 | 1 - 14 Sep 26","Message -  𝑮𝒓𝒂𝒏𝒅 𝑺𝒂𝒍𝒆 เครื่องประดับเพชรแท้ ลดแรงสูงสุดในรอบปี | 𝐀𝐮𝐫𝐨𝐫𝐚 𝐃𝐢𝐚𝐦𝐨𝐧𝐝 | 1 - 14 Sep 26","2200 | DIA | Message | 𝑮𝒓𝒂𝒏𝒅 𝑺𝒂𝒍𝒆 เครื่องประดับเพชรแท้ ลดแรงสูงสุดในรอบปี | 𝐀𝐮𝐫𝐨𝐫𝐚 𝐃𝐢𝐚𝐦𝐨𝐧𝐝 | 1 - 14 Sep 26  [BKK]",35-44,unknown,43,142,10,,11,THB,1.4489284,,7.74647887,14.48928397,2026-09-01,2026-09-18
"2200 | DIA | Message  |  𝟗.𝟗 𝑫𝒐𝒖𝒃𝒍𝒆 𝑫𝒂𝒚 𝑺𝒂𝒍𝒆 | 7 - 9 Sep 26","Message -  𝟗.𝟗 𝑫𝒐𝒖𝒃𝒍𝒆 𝑫𝒂𝒚 𝑺𝒂𝒍𝒆 | 7 - 9 Sep 26","2200 | DIA | Message | 𝟗.𝟗 𝑫𝒐𝒖𝒃𝒍𝒆 𝑫𝒂𝒚 𝑺𝒂𝒍𝒆 | 7 - 9 Sep 26 [Other-Province]",65+,female,76,132,1,,3,THB,14.23,,2.27272727,14.23,2026-09-01,2026-09-18
"2200 | DIA | Awareness | Wedding Package | 1 - 30 Sep 26","Awareness   - Wedding Package -1 - 30 Sep 26","2200 | DIA | Message | Wedding Package | 1 - 30 Sep 26  [BKK]",35-44,female,1749,1833,9,,12,THB,1.54555556,,0.65466448,13.91,2026-09-01,2026-09-18
"2200 | Pearl | Page Follower |  𝑷𝒆𝒂𝒓𝒍 𝑮𝒓𝒂𝒏𝒅 𝒔𝒂𝒍𝒆 ลดสูงสุด 𝟔𝟎% | 1 - 30 Sep 26","Page Follower |  𝑷𝒆𝒂𝒓𝒍 𝑮𝒓𝒂𝒏𝒅 𝒔𝒂𝒍𝒆 ลดสูงสุด 𝟔𝟎% | 1 - 30 Sep 26","2200 | Pearl | Page Follower |  𝑷𝒆𝒂𝒓𝒍 𝑮𝒓𝒂𝒏𝒅 𝒔𝒂𝒍𝒆 ลดสูงสุด 𝟔𝟎% | 1 - 30 Sep 26 [BKK]",55-64,male,158,261,22,,20,THB,0.63133014,,7.66283525,13.88926312,2026-09-01,2026-09-18
"2200 | DIA | Awareness | 𝑷𝒆𝒂𝒓𝒍 𝑮𝒓𝒂𝒏𝒅 𝒔𝒂𝒍𝒆 ลดสูงสุด 𝟔𝟎% | 1 - 30 Sep 26","Awareness   - 𝑷𝒆𝒂𝒓𝒍 𝑮𝒓𝒂𝒏𝒅 𝒔𝒂𝒍𝒆 ลดสูงสุด 𝟔𝟎% | 1 - 30 Sep 26","2200 | DIA |  Awareness | 𝑷𝒆𝒂𝒓𝒍 𝑮𝒓𝒂𝒏𝒅 𝒔𝒂𝒍𝒆 ลดสูงสุด 𝟔𝟎% | 1 - 30 Sep 26  [BKK]",45-54,female,1468,1688,4,,7,THB,3.45597903,,0.41469194,13.82391612,2026-09-01,2026-09-18
"2200 | DIA | Message  |  𝟗.𝟗 𝑫𝒐𝒖𝒃𝒍𝒆 𝑫𝒂𝒚 𝑺𝒂𝒍𝒆 | 7 - 9 Sep 26","Message -  𝟗.𝟗 𝑫𝒐𝒖𝒃𝒍𝒆 𝑫𝒂𝒚 𝑺𝒂𝒍𝒆 | 7 - 9 Sep 26","2200 | DIA | Message | 𝟗.𝟗 𝑫𝒐𝒖𝒃𝒍𝒆 𝑫𝒂𝒚 𝑺𝒂𝒍𝒆 | 7 - 9 Sep 26  [BKK]",45-54,male,70,96,2,,5,THB,6.775,,5.20833333,13.55,2026-09-01,2026-09-18
"2200 | DIA | Awareness | 𝑷𝒆𝒂𝒓𝒍 𝑮𝒓𝒂𝒏𝒅 𝒔𝒂𝒍𝒆 ลดสูงสุด 𝟔𝟎% | 1 - 30 Sep 26","Awareness  - 𝑷𝒆𝒂𝒓𝒍 𝑮𝒓𝒂𝒏𝒅 𝒔𝒂𝒍𝒆 ลดสูงสุด 𝟔𝟎% | 1 - 30 Sep 26","2200 | DIA | Awareness  | 𝑷𝒆𝒂𝒓𝒍 𝑮𝒓𝒂𝒏𝒅 𝒔𝒂𝒍𝒆 ลดสูงสุด 𝟔𝟎% | 1 - 30 Sep 26 [Other-Province]",45-54,female,1297,1606,2,,3,THB,6.76130719,,0.1867995,13.52261438,2026-09-01,2026-09-18
"2200 | DIA | Message  |  𝐋𝐄𝐕𝐀 𝐂𝐨𝐥𝐥𝐞𝐜𝐭𝐢𝐨𝐧 เพชรแท้ พร้อมใบเซอร์ | 7 - 30 Sep 26","Message -  𝐋𝐄𝐕𝐀 𝐂𝐨𝐥𝐥𝐞𝐜𝐭𝐢𝐨𝐧 เพชรแท้ พร้อมใบเซอร์ | 7 - 30 Sep 26","2200 | DIA | Message | 𝐋𝐄𝐕𝐀 𝐂𝐨𝐥𝐥𝐞𝐜𝐭𝐢𝐨𝐧 เพชรแท้ พร้อมใบเซอร์ | 7 - 30 Sep 26  [BKK]",65+,female,36,120,3,,3,THB,4.46683679,,2.5,13.40051037,2026-09-01,2026-09-18
"2200 | DIA | Message  | 𝑷𝒆𝒂𝒓𝒍 𝑮𝒓𝒂𝒏𝒅 𝒔𝒂𝒍𝒆 ลดสูงสุด 𝟔𝟎% | 1 - 30 Sep 26","Message - 𝑷𝒆𝒂𝒓𝒍 𝑮𝒓𝒂𝒏𝒅 𝒔𝒂𝒍𝒆 ลดสูงสุด 𝟔𝟎% | 1 - 30 Sep 26","2200 | DIA | Message | 𝑷𝒆𝒂𝒓𝒍 𝑮𝒓𝒂𝒏𝒅 𝒔𝒂𝒍𝒆 ลดสูงสุด 𝟔𝟎% | 1 - 30 Sep 26 [Other-Province]",55-64,male,9,25,,,0,THB,,,0,13.24158667,2026-09-01,2026-09-18
"2200 | DIA | Awareness | 𝑷𝒆𝒂𝒓𝒍 𝑮𝒓𝒂𝒏𝒅 𝒔𝒂𝒍𝒆 ลดสูงสุด 𝟔𝟎% | 1 - 30 Sep 26","Awareness  - 𝑷𝒆𝒂𝒓𝒍 𝑮𝒓𝒂𝒏𝒅 𝒔𝒂𝒍𝒆 ลดสูงสุด 𝟔𝟎% | 1 - 30 Sep 26","2200 | DIA | Awareness  | 𝑷𝒆𝒂𝒓𝒍 𝑮𝒓𝒂𝒏𝒅 𝒔𝒂𝒍𝒆 ลดสูงสุด 𝟔𝟎% | 1 - 30 Sep 26 [Other-Province]",55-64,female,1264,1557,3,,4,THB,4.39751686,,0.2569043,13.19255057,2026-09-01,2026-09-18
"2200 | DIA | Message  |  𝐋𝐄𝐕𝐀 𝐂𝐨𝐥𝐥𝐞𝐜𝐭𝐢𝐨𝐧 เพชรแท้ พร้อมใบเซอร์ | 7 - 30 Sep 26","Message - 𝐋𝐄𝐕𝐀 𝐂𝐨𝐥𝐥𝐞𝐜𝐭𝐢𝐨𝐧 เพชรแท้ พร้อมใบเซอร์ | 7 - 30 Sep 26","2200 | DIA | Message | 𝐋𝐄𝐕𝐀 𝐂𝐨𝐥𝐥𝐞𝐜𝐭𝐢𝐨𝐧 เพชรแท้ พร้อมใบเซอร์ | 7 - 30 Sep 26 [Other-Province]",65+,female,53,137,1,,9,THB,13.11783672,,6.56934307,13.11783672,2026-09-01,2026-09-18
"2200 | DIA | Awareness | 𝑷𝒆𝒂𝒓𝒍 𝑮𝒓𝒂𝒏𝒅 𝒔𝒂𝒍𝒆 ลดสูงสุด 𝟔𝟎% | 1 - 30 Sep 26","Awareness  - 𝑷𝒆𝒂𝒓𝒍 𝑮𝒓𝒂𝒏𝒅 𝒔𝒂𝒍𝒆 ลดสูงสุด 𝟔𝟎% | 1 - 30 Sep 26","2200 | DIA | Awareness  | 𝑷𝒆𝒂𝒓𝒍 𝑮𝒓𝒂𝒏𝒅 𝒔𝒂𝒍𝒆 ลดสูงสุด 𝟔𝟎% | 1 - 30 Sep 26 [Other-Province]",65+,male,1214,1530,1,,3,THB,12.71245775,,0.19607843,12.71245775,2026-09-01,2026-09-18
"2200 | Pearl | Message  |  𝑷𝒆𝒂𝒓𝒍 𝑮𝒓𝒂𝒏𝒅 𝒔𝒂𝒍𝒆 ลดสูงสุด 𝟔𝟎% | 1 - 30 Sep 26","Message - Pearl -  𝑷𝒆𝒂𝒓𝒍 𝑮𝒓𝒂𝒏𝒅 𝒔𝒂𝒍𝒆 ลดสูงสุด 𝟔𝟎% | 1 - 30 Sep 26","2200 | Pearl | Message |  𝑷𝒆𝒂𝒓𝒍 𝑮𝒓𝒂𝒏𝒅 𝒔𝒂𝒍𝒆 ลดสูงสุด 𝟔𝟎% | 1 - 30 Sep 26 [BKK]",45-54,male,98,178,9,4,17,THB,1.3740739,3.09166628,9.5505618,12.3666651,2026-09-01,2026-09-18
"2200 | DIA | Awareness | 𝐋𝐄𝐕𝐀 𝐂𝐨𝐥𝐥𝐞𝐜𝐭𝐢𝐨𝐧 เพชรแท้ พร้อมใบเซอร์ | 7 - 30 Sep 26","Awareness   -  𝐋𝐄𝐕𝐀 𝐂𝐨𝐥𝐥𝐞𝐜𝐭𝐢𝐨𝐧 เพชรแท้ พร้อมใบเซอร์ | 7 - 30 Sep 26","2200 | DIA | Awareness |  𝐋𝐄𝐕𝐀 𝐂𝐨𝐥𝐥𝐞𝐜𝐭𝐢𝐨𝐧 เพชรแท้ พร้อมใบเซอร์ | 7 - 30 Sep 26 [BKK]",25-34,female,1266,1356,1,,3,THB,11.81176269,,0.22123894,11.81176269,2026-09-01,2026-09-18
"2200 | Pearl | Message  |  𝑷𝒆𝒂𝒓𝒍 𝑮𝒓𝒂𝒏𝒅 𝒔𝒂𝒍𝒆 ลดสูงสุด 𝟔𝟎% | 1 - 30 Sep 26","Message - Pearl -  𝑷𝒆𝒂𝒓𝒍 𝑮𝒓𝒂𝒏𝒅 𝒔𝒂𝒍𝒆 ลดสูงสุด 𝟔𝟎% | 1 - 30 Sep 26","2200 | Pearl | Message |  𝑷𝒆𝒂𝒓𝒍 𝑮𝒓𝒂𝒏𝒅 𝒔𝒂𝒍𝒆 ลดสูงสุด 𝟔𝟎% | 1 - 30 Sep 26 [BKK]",18-24,female,157,288,7,,19,THB,1.6866233,,6.59722222,11.80636312,2026-09-01,2026-09-18
"2200 | DIA | Awareness | Wedding Package | 1 - 30 Sep 26","Awareness   - Wedding Package -1 - 30 Sep 26","2200 | DIA | Message | Wedding Package | 1 - 30 Sep 26  [BKK]",65+,male,1312,1440,2,,3,THB,5.795,,0.20833333,11.59,2026-09-01,2026-09-18
"2200 | DIA | Awareness | 𝑷𝒆𝒂𝒓𝒍 𝑮𝒓𝒂𝒏𝒅 𝒔𝒂𝒍𝒆 ลดสูงสุด 𝟔𝟎% | 1 - 30 Sep 26","Awareness  - 𝑷𝒆𝒂𝒓𝒍 𝑮𝒓𝒂𝒏𝒅 𝒔𝒂𝒍𝒆 ลดสูงสุด 𝟔𝟎% | 1 - 30 Sep 26","2200 | DIA | Awareness  | 𝑷𝒆𝒂𝒓𝒍 𝑮𝒓𝒂𝒏𝒅 𝒔𝒂𝒍𝒆 ลดสูงสุด 𝟔𝟎% | 1 - 30 Sep 26 [Other-Province]",45-54,male,1140,1380,1,,1,THB,11.48221991,,0.07246377,11.48221991,2026-09-01,2026-09-18
"2200 | DIA | Awareness | 𝐎𝐧𝐞 𝐏𝐫𝐢𝐜𝐞 เพชรแท้ ราคาเดียว 𝟏𝟓,𝟗𝟎𝟎.- | 1 - 30 Sep 26","Awareness   - 𝐎𝐧𝐞 𝐏𝐫𝐢𝐜𝐞 เพชรแท้ ราคาเดียว 𝟏𝟓,𝟗𝟎𝟎.- | 1 - 30 Sep 26","2200 | DIA | Awareness | 𝐎𝐧𝐞 𝐏𝐫𝐢𝐜𝐞 เพชรแท้ ราคาเดียว 𝟏𝟓,𝟗𝟎𝟎.- | 1 - 30 Sep 26 [BKK]",45-54,male,1008,1376,1,,1,THB,11.4424626,,0.07267442,11.4424626,2026-09-01,2026-09-18
"2200 | Pearl | Page Follower |  𝑷𝒆𝒂𝒓𝒍 𝑮𝒓𝒂𝒏𝒅 𝒔𝒂𝒍𝒆 ลดสูงสุด 𝟔𝟎% | 1 - 30 Sep 26","Page Follower |  𝑷𝒆𝒂𝒓𝒍 𝑮𝒓𝒂𝒏𝒅 𝒔𝒂𝒍𝒆 ลดสูงสุด 𝟔𝟎% | 1 - 30 Sep 26","2200 | Pearl | Page Follower |  𝑷𝒆𝒂𝒓𝒍 𝑮𝒓𝒂𝒏𝒅 𝒔𝒂𝒍𝒆 ลดสูงสุด 𝟔𝟎% | 1 - 30 Sep 26 [BKK]",18-24,male,253,337,11,,18,THB,1.0181278,,5.34124629,11.19940583,2026-09-01,2026-09-18
"2200 | DIA | Message  | 𝑷𝒆𝒂𝒓𝒍 𝑮𝒓𝒂𝒏𝒅 𝒔𝒂𝒍𝒆 ลดสูงสุด 𝟔𝟎% | 1 - 30 Sep 26","Message -𝑷𝒆𝒂𝒓𝒍 𝑮𝒓𝒂𝒏𝒅 𝒔𝒂𝒍𝒆 ลดสูงสุด 𝟔𝟎% | 1 - 30 Sep 26","2200 | DIA | Message | 𝑷𝒆𝒂𝒓𝒍 𝑮𝒓𝒂𝒏𝒅 𝒔𝒂𝒍𝒆 ลดสูงสุด 𝟔𝟎% | 1 - 30 Sep 26  [BKK]",35-44,male,73,141,9,1,12,THB,1.24243912,11.18195205,8.5106383,11.18195205,2026-09-01,2026-09-18
"2200 | Pearl | Awareness |  𝑷𝒆𝒂𝒓𝒍 𝑮𝒓𝒂𝒏𝒅 𝒔𝒂𝒍𝒆 ลดสูงสุด 𝟔𝟎% | 1 - 30 Sep 26","Awareness  - Pearl -  𝑷𝒆𝒂𝒓𝒍 𝑮𝒓𝒂𝒏𝒅 𝒔𝒂𝒍𝒆 ลดสูงสุด 𝟔𝟎% | 1 - 30 Sep 26","2200 | Pearl |  Awareness |  𝑷𝒆𝒂𝒓𝒍 𝑮𝒓𝒂𝒏𝒅 𝒔𝒂𝒍𝒆 ลดสูงสุด 𝟔𝟎% | 1 - 30 Sep 26  [BKK]",55-64,female,1093,1305,6,,7,THB,1.8388986,,0.53639847,11.03339159,2026-09-01,2026-09-18
"2200 | DIA | Awareness | 𝐎𝐧𝐞 𝐏𝐫𝐢𝐜𝐞 เพชรแท้ ราคาเดียว 𝟏𝟓,𝟗𝟎𝟎.- | 1 - 30 Sep 26","Awareness   - 𝐎𝐧𝐞 𝐏𝐫𝐢𝐜𝐞 เพชรแท้ ราคาเดียว 𝟏𝟓,𝟗𝟎𝟎.- | 1 - 30 Sep 26","2200 | DIA | Awareness | 𝐎𝐧𝐞 𝐏𝐫𝐢𝐜𝐞 เพชรแท้ ราคาเดียว 𝟏𝟓,𝟗𝟎𝟎.- | 1 - 30 Sep 26 [BKK]",65+,male,838,1305,,,0,THB,,,0,10.92235066,2026-09-01,2026-09-18
"2200 | DIA | Message | Wedding Package | 1 - 30 Sep 26","Message - Wedding Package -1 - 30 Sep 26","2200 | DIA | Message | Wedding Package | 1 - 30 Sep 26  [BKK]",45-54,male,11,26,6,,6,THB,1.79337694,,23.07692308,10.76026166,2026-09-01,2026-09-18
"2200 | DIA | Awareness | 𝐋𝐄𝐕𝐀 𝐂𝐨𝐥𝐥𝐞𝐜𝐭𝐢𝐨𝐧 เพชรแท้ พร้อมใบเซอร์ | 7 - 30 Sep 26","Awareness   -  𝐋𝐄𝐕𝐀 𝐂𝐨𝐥𝐥𝐞𝐜𝐭𝐢𝐨𝐧 เพชรแท้ พร้อมใบเซอร์ | 7 - 30 Sep 26","2200 | DIA | Awareness |  𝐋𝐄𝐕𝐀 𝐂𝐨𝐥𝐥𝐞𝐜𝐭𝐢𝐨𝐧 เพชรแท้ พร้อมใบเซอร์ | 7 - 30 Sep 26 [BKK]",35-44,female,1277,1277,1,,1,THB,10.50156716,,0.07830854,10.50156716,2026-09-01,2026-09-18
"2200 | DIA | Message  | 𝑷𝒆𝒂𝒓𝒍 𝑮𝒓𝒂𝒏𝒅 𝒔𝒂𝒍𝒆 ลดสูงสุด 𝟔𝟎% | 1 - 30 Sep 26","Message -𝑷𝒆𝒂𝒓𝒍 𝑮𝒓𝒂𝒏𝒅 𝒔𝒂𝒍𝒆 ลดสูงสุด 𝟔𝟎% | 1 - 30 Sep 26","2200 | DIA | Message | 𝑷𝒆𝒂𝒓𝒍 𝑮𝒓𝒂𝒏𝒅 𝒔𝒂𝒍𝒆 ลดสูงสุด 𝟔𝟎% | 1 - 30 Sep 26  [BKK]",45-54,male,52,82,2,,7,THB,5.11546777,,8.53658537,10.23093553,2026-09-01,2026-09-18
"2200 | DIA | Awareness | 𝑷𝒆𝒂𝒓𝒍 𝑮𝒓𝒂𝒏𝒅 𝒔𝒂𝒍𝒆 ลดสูงสุด 𝟔𝟎% | 1 - 30 Sep 26","Awareness   - 𝑷𝒆𝒂𝒓𝒍 𝑮𝒓𝒂𝒏𝒅 𝒔𝒂𝒍𝒆 ลดสูงสุด 𝟔𝟎% | 1 - 30 Sep 26","2200 | DIA |  Awareness | 𝑷𝒆𝒂𝒓𝒍 𝑮𝒓𝒂𝒏𝒅 𝒔𝒂𝒍𝒆 ลดสูงสุด 𝟔𝟎% | 1 - 30 Sep 26  [BKK]",65+,female,1108,1254,2,,2,THB,5.10644659,,0.15948963,10.21289317,2026-09-01,2026-09-18
"2200 | DIA | Message  |  𝑮𝒓𝒂𝒏𝒅 𝑺𝒂𝒍𝒆 ลดครั้งยิ่งใหญ่ที่สุดในรอบปี สูงสุด 𝟕𝟎% | 1 - 30 Sep 26","Message -  𝑮𝒓𝒂𝒏𝒅 𝑺𝒂𝒍𝒆 ลดครั้งยิ่งใหญ่ที่สุดในรอบปี สูงสุด 𝟕𝟎% | 1 - 30 Sep 26","2200 | DIA | Message | 𝑮𝒓𝒂𝒏𝒅 𝑺𝒂𝒍𝒆 ลดครั้งยิ่งใหญ่ที่สุดในรอบปี สูงสุด 𝟕𝟎% | 1 - 30 Sep 26 [Other-Province]",65+,male,17,87,3,1,4,THB,3.35842574,10.07527721,4.59770115,10.07527721,2026-09-01,2026-09-18
"2200 | DIA | Awareness | 𝐋𝐄𝐕𝐀 𝐂𝐨𝐥𝐥𝐞𝐜𝐭𝐢𝐨𝐧 เพชรแท้ พร้อมใบเซอร์ | 7 - 30 Sep 26","Awareness   -  𝐋𝐄𝐕𝐀 𝐂𝐨𝐥𝐥𝐞𝐜𝐭𝐢𝐨𝐧 เพชรแท้ พร้อมใบเซอร์ | 7 - 30 Sep 26","2200 | DIA | Awareness |  𝐋𝐄𝐕𝐀 𝐂𝐨𝐥𝐥𝐞𝐜𝐭𝐢𝐨𝐧 เพชรแท้ พร้อมใบเซอร์ | 7 - 30 Sep 26 [BKK]",35-44,male,1178,1190,3,,5,THB,3.29715871,,0.42016807,9.89147612,2026-09-01,2026-09-18
"2200 | DIA | Awareness | 𝑮𝒓𝒂𝒏𝒅 𝑺𝒂𝒍𝒆 เครื่องประดับเพชรแท้ ลดแรงสูงสุดในรอบปี | 𝐀𝐮𝐫𝐨𝐫𝐚 𝐃𝐢𝐚𝐦𝐨𝐧𝐝 | 1 - 14 Sep 26","Awareness  - 𝑮𝒓𝒂𝒏𝒅 𝑺𝒂𝒍𝒆 เครื่องประดับเพชรแท้ ลดแรงสูงสุดในรอบปี | 𝐀𝐮𝐫𝐨𝐫𝐚 𝐃𝐢𝐚𝐦𝐨𝐧𝐝 | 1 - 14 Sep 26","2200 | DIA | Awareness  | 𝑮𝒓𝒂𝒏𝒅 𝑺𝒂𝒍𝒆 เครื่องประดับเพชรแท้ ลดแรงสูงสุดในรอบปี | 𝐀𝐮𝐫𝐨𝐫𝐚 𝐃𝐢𝐚𝐦𝐨𝐧𝐝 | 1 - 14 Sep 26 [Other-Province]",25-34,unknown,875,1166,3,,5,THB,3.23315787,,0.42881647,9.6994736,2026-09-01,2026-09-18
"2200 | DIA | Awareness | 𝑷𝒆𝒂𝒓𝒍 𝑮𝒓𝒂𝒏𝒅 𝒔𝒂𝒍𝒆 ลดสูงสุด 𝟔𝟎% | 1 - 30 Sep 26","Awareness  - 𝑷𝒆𝒂𝒓𝒍 𝑮𝒓𝒂𝒏𝒅 𝒔𝒂𝒍𝒆 ลดสูงสุด 𝟔𝟎% | 1 - 30 Sep 26","2200 | DIA | Awareness  | 𝑷𝒆𝒂𝒓𝒍 𝑮𝒓𝒂𝒏𝒅 𝒔𝒂𝒍𝒆 ลดสูงสุด 𝟔𝟎% | 1 - 30 Sep 26 [Other-Province]",55-64,male,943,1127,1,,1,THB,9.54184477,,0.08873114,9.54184477,2026-09-01,2026-09-18
"2200 | DIA | Awareness | 𝑷𝒆𝒂𝒓𝒍 𝑮𝒓𝒂𝒏𝒅 𝒔𝒂𝒍𝒆 ลดสูงสุด 𝟔𝟎% | 1 - 30 Sep 26","Awareness   - 𝑷𝒆𝒂𝒓𝒍 𝑮𝒓𝒂𝒏𝒅 𝒔𝒂𝒍𝒆 ลดสูงสุด 𝟔𝟎% | 1 - 30 Sep 26","2200 | DIA |  Awareness | 𝑷𝒆𝒂𝒓𝒍 𝑮𝒓𝒂𝒏𝒅 𝒔𝒂𝒍𝒆 ลดสูงสุด 𝟔𝟎% | 1 - 30 Sep 26  [BKK]",35-44,male,1036,1160,5,,6,THB,1.90453953,,0.51724138,9.52269765,2026-09-01,2026-09-18
"2200 | DIA | Message  |  𝑮𝒓𝒂𝒏𝒅 𝑺𝒂𝒍𝒆 เครื่องประดับเพชรแท้ ลดแรงสูงสุดในรอบปี | 𝐀𝐮𝐫𝐨𝐫𝐚 𝐃𝐢𝐚𝐦𝐨𝐧𝐝 | 1 - 14 Sep 26","Message -  𝑮𝒓𝒂𝒏𝒅 𝑺𝒂𝒍𝒆 เครื่องประดับเพชรแท้ ลดแรงสูงสุดในรอบปี | 𝐀𝐮𝐫𝐨𝐫𝐚 𝐃𝐢𝐚𝐦𝐨𝐧𝐝 | 1 - 14 Sep 26","2200 | DIA | Message |  𝑮𝒓𝒂𝒏𝒅 𝑺𝒂𝒍𝒆 เครื่องประดับเพชรแท้ ลดแรงสูงสุดในรอบปี | 𝐀𝐮𝐫𝐨𝐫𝐚 𝐃𝐢𝐚𝐦𝐨𝐧𝐝 | 1 - 14 Sep 26 [Other-Province]",35-44,unknown,24,101,6,,9,THB,1.5116395,,8.91089109,9.06983702,2026-09-01,2026-09-18
"2200 | Pearl | Awareness |  𝑷𝒆𝒂𝒓𝒍 𝑮𝒓𝒂𝒏𝒅 𝒔𝒂𝒍𝒆 ลดสูงสุด 𝟔𝟎% | 1 - 30 Sep 26","Awareness  - Pearl -  𝑷𝒆𝒂𝒓𝒍 𝑮𝒓𝒂𝒏𝒅 𝒔𝒂𝒍𝒆 ลดสูงสุด 𝟔𝟎% | 1 - 30 Sep 26","2200 | Pearl |  Awareness |  𝑷𝒆𝒂𝒓𝒍 𝑮𝒓𝒂𝒏𝒅 𝒔𝒂𝒍𝒆 ลดสูงสุด 𝟔𝟎% | 1 - 30 Sep 26  [BKK]",45-54,female,840,1033,3,,4,THB,2.96757888,,0.38722168,8.90273664,2026-09-01,2026-09-18
"2200 | DIA | Message  |  𝐎𝐧𝐞 𝐏𝐫𝐢𝐜𝐞 เพชรแท้ ราคาเดียว 𝟏𝟓,𝟗𝟎𝟎.- | 1 - 30 Sep 26","Message -  𝐎𝐧𝐞 𝐏𝐫𝐢𝐜𝐞 เพชรแท้ ราคาเดียว 𝟏𝟓,𝟗𝟎𝟎.- | 1 - 30 Sep 26","2200 | DIA | Message | 𝐎𝐧𝐞 𝐏𝐫𝐢𝐜𝐞 เพชรแท้ ราคาเดียว 𝟏𝟓,𝟗𝟎𝟎.- | 1 - 30 Sep 26 [Other-Province]",65+,male,29,39,,,0,THB,,,0,8.89020609,2026-09-01,2026-09-18
"2200 | DIA | Message  |  𝐎𝐧𝐞 𝐏𝐫𝐢𝐜𝐞 เพชรแท้ ราคาเดียว 𝟏𝟓,𝟗𝟎𝟎.- | 1 - 30 Sep 26","Message -  𝐎𝐧𝐞 𝐏𝐫𝐢𝐜𝐞 เพชรแท้ ราคาเดียว 𝟏𝟓,𝟗𝟎𝟎.- | 1 - 30 Sep 26","2200 | DIA | Message |𝐎𝐧𝐞 𝐏𝐫𝐢𝐜𝐞 เพชรแท้ ราคาเดียว 𝟏𝟓,𝟗𝟎𝟎.- | 1 - 30 Sep 26  [BKK]",55-64,male,40,74,4,1,5,THB,2.22211745,8.88846979,6.75675676,8.88846979,2026-09-01,2026-09-18
"2200 | Pearl | Awareness |  𝑷𝒆𝒂𝒓𝒍 𝑮𝒓𝒂𝒏𝒅 𝒔𝒂𝒍𝒆 ลดสูงสุด 𝟔𝟎% | 1 - 30 Sep 26","Awareness  - Pearl -  𝑷𝒆𝒂𝒓𝒍 𝑮𝒓𝒂𝒏𝒅 𝒔𝒂𝒍𝒆 ลดสูงสุด 𝟔𝟎% | 1 - 30 Sep 26","2200 | Pearl |  Awareness |  𝑷𝒆𝒂𝒓𝒍 𝑮𝒓𝒂𝒏𝒅 𝒔𝒂𝒍𝒆 ลดสูงสุด 𝟔𝟎% | 1 - 30 Sep 26  [BKK]",35-44,male,900,1046,1,,1,THB,8.76269359,,0.09560229,8.76269359,2026-09-01,2026-09-18
"2200 | Pearl | Awareness |  𝑷𝒆𝒂𝒓𝒍 𝑮𝒓𝒂𝒏𝒅 𝒔𝒂𝒍𝒆 ลดสูงสุด 𝟔𝟎% | 1 - 30 Sep 26","Awareness  - Pearl -  𝑷𝒆𝒂𝒓𝒍 𝑮𝒓𝒂𝒏𝒅 𝒔𝒂𝒍𝒆 ลดสูงสุด 𝟔𝟎% | 1 - 30 Sep 26","2200 | Pearl |  Awareness |  𝑷𝒆𝒂𝒓𝒍 𝑮𝒓𝒂𝒏𝒅 𝒔𝒂𝒍𝒆 ลดสูงสุด 𝟔𝟎% | 1 - 30 Sep 26  [BKK]",55-64,male,820,990,2,,2,THB,4.35133757,,0.2020202,8.70267514,2026-09-01,2026-09-18
"2200 | Pearl | Awareness |  𝑷𝒆𝒂𝒓𝒍 𝑮𝒓𝒂𝒏𝒅 𝒔𝒂𝒍𝒆 ลดสูงสุด 𝟔𝟎% | 1 - 30 Sep 26","Awareness  - Pearl -  𝑷𝒆𝒂𝒓𝒍 𝑮𝒓𝒂𝒏𝒅 𝒔𝒂𝒍𝒆 ลดสูงสุด 𝟔𝟎% | 1 - 30 Sep 26","2200 | Pearl |  Awareness |  𝑷𝒆𝒂𝒓𝒍 𝑮𝒓𝒂𝒏𝒅 𝒔𝒂𝒍𝒆 ลดสูงสุด 𝟔𝟎% | 1 - 30 Sep 26  [BKK]",65+,female,875,1039,,,1,THB,,,0.09624639,8.61264747,2026-09-01,2026-09-18
"2200 | DIA | Message  |  𝑮𝒓𝒂𝒏𝒅 𝑺𝒂𝒍𝒆 เครื่องประดับเพชรแท้ ลดแรงสูงสุดในรอบปี | 𝐀𝐮𝐫𝐨𝐫𝐚 𝐃𝐢𝐚𝐦𝐨𝐧𝐝 | 1 - 14 Sep 26","Message -  𝑮𝒓𝒂𝒏𝒅 𝑺𝒂𝒍𝒆 เครื่องประดับเพชรแท้ ลดแรงสูงสุดในรอบปี | 𝐀𝐮𝐫𝐨𝐫𝐚 𝐃𝐢𝐚𝐦𝐨𝐧𝐝 | 1 - 14 Sep 26","2200 | DIA | Message |  𝑮𝒓𝒂𝒏𝒅 𝑺𝒂𝒍𝒆 เครื่องประดับเพชรแท้ ลดแรงสูงสุดในรอบปี | 𝐀𝐮𝐫𝐨𝐫𝐚 𝐃𝐢𝐚𝐦𝐨𝐧𝐝 | 1 - 14 Sep 26 [Other-Province]",25-34,unknown,28,99,2,1,3,THB,4.1849248,8.36984959,3.03030303,8.36984959,2026-09-01,2026-09-18
"2200 | Pearl | Message  |  𝑷𝒆𝒂𝒓𝒍 𝑮𝒓𝒂𝒏𝒅 𝒔𝒂𝒍𝒆 ลดสูงสุด 𝟔𝟎% | 1 - 30 Sep 26","Message - Pearl -  𝑷𝒆𝒂𝒓𝒍 𝑮𝒓𝒂𝒏𝒅 𝒔𝒂𝒍𝒆 ลดสูงสุด 𝟔𝟎% | 1 - 30 Sep 26","2200 | Pearl | Message |  𝑷𝒆𝒂𝒓𝒍 𝑮𝒓𝒂𝒏𝒅 𝒔𝒂𝒍𝒆 ลดสูงสุด 𝟔𝟎% | 1 - 30 Sep 26 [Other-Province]",35-44,male,64,140,5,,8,THB,1.63051,,5.71428571,8.15255001,2026-09-01,2026-09-18
"2200 | DIA | Message  | 𝑷𝒆𝒂𝒓𝒍 𝑮𝒓𝒂𝒏𝒅 𝒔𝒂𝒍𝒆 ลดสูงสุด 𝟔𝟎% | 1 - 30 Sep 26","Message - 𝑷𝒆𝒂𝒓𝒍 𝑮𝒓𝒂𝒏𝒅 𝒔𝒂𝒍𝒆 ลดสูงสุด 𝟔𝟎% | 1 - 30 Sep 26","2200 | DIA | Message | 𝑷𝒆𝒂𝒓𝒍 𝑮𝒓𝒂𝒏𝒅 𝒔𝒂𝒍𝒆 ลดสูงสุด 𝟔𝟎% | 1 - 30 Sep 26 [Other-Province]",35-44,male,42,91,4,1,5,THB,1.97773698,7.91094793,5.49450549,7.91094793,2026-09-01,2026-09-18
"2200 | DIA | Awareness | Wedding Package | 1 - 30 Sep 26","Awareness   - Wedding Package -1 - 30 Sep 26","2200 | DIA | Message | Wedding Package | 1 - 30 Sep 26  [BKK]",45-54,female,942,990,2,,2,THB,3.95,,0.2020202,7.9,2026-09-01,2026-09-18
"2200 | Pearl | Awareness |  𝑷𝒆𝒂𝒓𝒍 𝑮𝒓𝒂𝒏𝒅 𝒔𝒂𝒍𝒆 ลดสูงสุด 𝟔𝟎% | 1 - 30 Sep 26","Awareness  - Pearl -  𝑷𝒆𝒂𝒓𝒍 𝑮𝒓𝒂𝒏𝒅 𝒔𝒂𝒍𝒆 ลดสูงสุด 𝟔𝟎% | 1 - 30 Sep 26","2200 | Pearl |  Awareness |  𝑷𝒆𝒂𝒓𝒍 𝑮𝒓𝒂𝒏𝒅 𝒔𝒂𝒍𝒆 ลดสูงสุด 𝟔𝟎% | 1 - 30 Sep 26  [BKK]",35-44,female,825,966,2,,2,THB,3.92620689,,0.20703934,7.85241378,2026-09-01,2026-09-18
"2200 | DIA | Message | Wedding Package | 1 - 30 Sep 26","Message - Wedding Package - 1 - 30 Sep 26","2200 | DIA | Message | Wedding Package | 1 - 30 Sep 26 [Other-Province]",45-54,male,7,30,6,,6,THB,1.30409224,,20,7.82455345,2026-09-01,2026-09-18
"2200 | DIA | Awareness | 𝐎𝐧𝐞 𝐏𝐫𝐢𝐜𝐞 เพชรแท้ ราคาเดียว 𝟏𝟓,𝟗𝟎𝟎.- | 1 - 30 Sep 26","Awareness   - 𝐎𝐧𝐞 𝐏𝐫𝐢𝐜𝐞 เพชรแท้ ราคาเดียว 𝟏𝟓,𝟗𝟎𝟎.- | 1 - 30 Sep 26","2200 | DIA | Awareness | 𝐎𝐧𝐞 𝐏𝐫𝐢𝐜𝐞 เพชรแท้ ราคาเดียว 𝟏𝟓,𝟗𝟎𝟎.- | 1 - 30 Sep 26 [BKK]",35-44,female,803,993,2,,2,THB,3.85082876,,0.20140987,7.70165752,2026-09-01,2026-09-18
"2200 | DIA | Awareness | Wedding Package | 1 - 30 Sep 26","Awareness   - Wedding Package -1 - 30 Sep 26","2200 | DIA | Message | Wedding Package | 1 - 30 Sep 26  [BKK]",55-64,female,834,927,1,,3,THB,7.66,,0.3236246,7.66,2026-09-01,2026-09-18
"2200 | Pearl | Message  |  𝑷𝒆𝒂𝒓𝒍 𝑮𝒓𝒂𝒏𝒅 𝒔𝒂𝒍𝒆 ลดสูงสุด 𝟔𝟎% | 1 - 30 Sep 26","Message - Pearl -  𝑷𝒆𝒂𝒓𝒍 𝑮𝒓𝒂𝒏𝒅 𝒔𝒂𝒍𝒆 ลดสูงสุด 𝟔𝟎% | 1 - 30 Sep 26","2200 | Pearl | Message |  𝑷𝒆𝒂𝒓𝒍 𝑮𝒓𝒂𝒏𝒅 𝒔𝒂𝒍𝒆 ลดสูงสุด 𝟔𝟎% | 1 - 30 Sep 26 [Other-Province]",65+,female,37,77,5,1,6,THB,1.49446745,7.47233725,7.79220779,7.47233725,2026-09-01,2026-09-18
"2200 | DIA | Message  | 𝑷𝒆𝒂𝒓𝒍 𝑮𝒓𝒂𝒏𝒅 𝒔𝒂𝒍𝒆 ลดสูงสุด 𝟔𝟎% | 1 - 30 Sep 26","Message - 𝑷𝒆𝒂𝒓𝒍 𝑮𝒓𝒂𝒏𝒅 𝒔𝒂𝒍𝒆 ลดสูงสุด 𝟔𝟎% | 1 - 30 Sep 26","2200 | DIA | Message | 𝑷𝒆𝒂𝒓𝒍 𝑮𝒓𝒂𝒏𝒅 𝒔𝒂𝒍𝒆 ลดสูงสุด 𝟔𝟎% | 1 - 30 Sep 26 [Other-Province]",45-54,male,23,49,,,0,THB,,,0,7.40088681,2026-09-01,2026-09-18
"2200 | DIA | Awareness | 𝐎𝐧𝐞 𝐏𝐫𝐢𝐜𝐞 เพชรแท้ ราคาเดียว 𝟏𝟓,𝟗𝟎𝟎.- | 1 - 30 Sep 26","Awareness   - 𝐎𝐧𝐞 𝐏𝐫𝐢𝐜𝐞 เพชรแท้ ราคาเดียว 𝟏𝟓,𝟗𝟎𝟎.- | 1 - 30 Sep 26","2200 | DIA | Awareness | 𝐎𝐧𝐞 𝐏𝐫𝐢𝐜𝐞 เพชรแท้ ราคาเดียว 𝟏𝟓,𝟗𝟎𝟎.- | 1 - 30 Sep 26 [BKK]",55-64,male,573,857,1,,1,THB,7.19154773,,0.11668611,7.19154773,2026-09-01,2026-09-18
"2200 | Pearl | Awareness |  𝑷𝒆𝒂𝒓𝒍 𝑮𝒓𝒂𝒏𝒅 𝒔𝒂𝒍𝒆 ลดสูงสุด 𝟔𝟎% | 1 - 30 Sep 26","Awareness  - Pearl -  𝑷𝒆𝒂𝒓𝒍 𝑮𝒓𝒂𝒏𝒅 𝒔𝒂𝒍𝒆 ลดสูงสุด 𝟔𝟎% | 1 - 30 Sep 26","2200 | Pearl |  Awareness |  𝑷𝒆𝒂𝒓𝒍 𝑮𝒓𝒂𝒏𝒅 𝒔𝒂𝒍𝒆 ลดสูงสุด 𝟔𝟎% | 1 - 30 Sep 26  [BKK]",65+,male,661,796,1,,1,THB,6.94213396,,0.12562814,6.94213396,2026-09-01,2026-09-18
"2200 | Pearl | Awareness |  𝑷𝒆𝒂𝒓𝒍 𝑮𝒓𝒂𝒏𝒅 𝒔𝒂𝒍𝒆 ลดสูงสุด 𝟔𝟎% | 1 - 30 Sep 26","Awareness  - Pearl -  𝑷𝒆𝒂𝒓𝒍 𝑮𝒓𝒂𝒏𝒅 𝒔𝒂𝒍𝒆 ลดสูงสุด 𝟔𝟎% | 1 - 30 Sep 26","2200 | Pearl |  Awareness |  𝑷𝒆𝒂𝒓𝒍 𝑮𝒓𝒂𝒏𝒅 𝒔𝒂𝒍𝒆 ลดสูงสุด 𝟔𝟎% | 1 - 30 Sep 26  [BKK]",45-54,male,681,807,1,,1,THB,6.92212781,,0.12391574,6.92212781,2026-09-01,2026-09-18
"2200 | DIA | Message  |  𝑮𝒓𝒂𝒏𝒅 𝑺𝒂𝒍𝒆 เครื่องประดับเพชรแท้ ลดแรงสูงสุดในรอบปี | 𝐀𝐮𝐫𝐨𝐫𝐚 𝐃𝐢𝐚𝐦𝐨𝐧𝐝 | 1 - 14 Sep 26","Message -  𝑮𝒓𝒂𝒏𝒅 𝑺𝒂𝒍𝒆 เครื่องประดับเพชรแท้ ลดแรงสูงสุดในรอบปี | 𝐀𝐮𝐫𝐨𝐫𝐚 𝐃𝐢𝐚𝐦𝐨𝐧𝐝 | 1 - 14 Sep 26","2200 | DIA | Message |  𝑮𝒓𝒂𝒏𝒅 𝑺𝒂𝒍𝒆 เครื่องประดับเพชรแท้ ลดแรงสูงสุดในรอบปี | 𝐀𝐮𝐫𝐨𝐫𝐚 𝐃𝐢𝐚𝐦𝐨𝐧𝐝 | 1 - 14 Sep 26 [Other-Province]",45-54,unknown,16,40,,,0,THB,,,0,6.91987565,2026-09-01,2026-09-18
"2200 | DIA | Message  |  𝐋𝐄𝐕𝐀 𝐂𝐨𝐥𝐥𝐞𝐜𝐭𝐢𝐨𝐧 เพชรแท้ พร้อมใบเซอร์ | 7 - 30 Sep 26","Message -  𝐋𝐄𝐕𝐀 𝐂𝐨𝐥𝐥𝐞𝐜𝐭𝐢𝐨𝐧 เพชรแท้ พร้อมใบเซอร์ | 7 - 30 Sep 26","2200 | DIA | Message | 𝐋𝐄𝐕𝐀 𝐂𝐨𝐥𝐥𝐞𝐜𝐭𝐢𝐨𝐧 เพชรแท้ พร้อมใบเซอร์ | 7 - 30 Sep 26  [BKK]",55-64,male,15,54,2,,4,THB,3.45771197,,7.40740741,6.91542395,2026-09-01,2026-09-18
"2200 | Pearl | Page Follower |  𝑷𝒆𝒂𝒓𝒍 𝑮𝒓𝒂𝒏𝒅 𝒔𝒂𝒍𝒆 ลดสูงสุด 𝟔𝟎% | 1 - 30 Sep 26","Page Follower |  𝑷𝒆𝒂𝒓𝒍 𝑮𝒓𝒂𝒏𝒅 𝒔𝒂𝒍𝒆 ลดสูงสุด 𝟔𝟎% | 1 - 30 Sep 26","2200 | Pearl | Page Follower |  𝑷𝒆𝒂𝒓𝒍 𝑮𝒓𝒂𝒏𝒅 𝒔𝒂𝒍𝒆 ลดสูงสุด 𝟔𝟎% | 1 - 30 Sep 26 [Other-Province]",55-64,male,81,126,7,,7,THB,0.97880275,,5.55555556,6.85161926,2026-09-01,2026-09-18
"2200 | DIA | Awareness | 𝐎𝐧𝐞 𝐏𝐫𝐢𝐜𝐞 เพชรแท้ ราคาเดียว 𝟏𝟓,𝟗𝟎𝟎.- | 1 - 30 Sep 26","Awareness  - 𝐎𝐧𝐞 𝐏𝐫𝐢𝐜𝐞 เพชรแท้ ราคาเดียว 𝟏𝟓,𝟗𝟎𝟎.- | 1 - 30 Sep 26","2200 | DIA | Awareness  |𝐎𝐧𝐞 𝐏𝐫𝐢𝐜𝐞 เพชรแท้ ราคาเดียว 𝟏𝟓,𝟗𝟎𝟎.- | 1 - 30 Sep 26 [Other-Province]",25-34,unknown,530,840,4,,3,THB,1.71005534,,0.35714286,6.84022137,2026-09-01,2026-09-18
"2200 | DIA | Awareness | 𝑷𝒆𝒂𝒓𝒍 𝑮𝒓𝒂𝒏𝒅 𝒔𝒂𝒍𝒆 ลดสูงสุด 𝟔𝟎% | 1 - 30 Sep 26","Awareness   - 𝑷𝒆𝒂𝒓𝒍 𝑮𝒓𝒂𝒏𝒅 𝒔𝒂𝒍𝒆 ลดสูงสุด 𝟔𝟎% | 1 - 30 Sep 26","2200 | DIA |  Awareness | 𝑷𝒆𝒂𝒓𝒍 𝑮𝒓𝒂𝒏𝒅 𝒔𝒂𝒍𝒆 ลดสูงสุด 𝟔𝟎% | 1 - 30 Sep 26  [BKK]",55-64,male,724,810,2,,2,THB,3.39596203,,0.24691358,6.79192406,2026-09-01,2026-09-18
"2200 | DIA | Awareness | 𝑷𝒆𝒂𝒓𝒍 𝑮𝒓𝒂𝒏𝒅 𝒔𝒂𝒍𝒆 ลดสูงสุด 𝟔𝟎% | 1 - 30 Sep 26","Awareness   - 𝑷𝒆𝒂𝒓𝒍 𝑮𝒓𝒂𝒏𝒅 𝒔𝒂𝒍𝒆 ลดสูงสุด 𝟔𝟎% | 1 - 30 Sep 26","2200 | DIA |  Awareness | 𝑷𝒆𝒂𝒓𝒍 𝑮𝒓𝒂𝒏𝒅 𝒔𝒂𝒍𝒆 ลดสูงสุด 𝟔𝟎% | 1 - 30 Sep 26  [BKK]",45-54,male,672,794,3,,6,THB,2.21396052,,0.75566751,6.64188155,2026-09-01,2026-09-18
"2200 | DIA | Message  |  𝐎𝐧𝐞 𝐏𝐫𝐢𝐜𝐞 เพชรแท้ ราคาเดียว 𝟏𝟓,𝟗𝟎𝟎.- | 1 - 30 Sep 26","Message -  𝐎𝐧𝐞 𝐏𝐫𝐢𝐜𝐞 เพชรแท้ ราคาเดียว 𝟏𝟓,𝟗𝟎𝟎.- | 1 - 30 Sep 26","2200 | DIA | Message |𝐎𝐧𝐞 𝐏𝐫𝐢𝐜𝐞 เพชรแท้ ราคาเดียว 𝟏𝟓,𝟗𝟎𝟎.- | 1 - 30 Sep 26  [BKK]",65+,male,18,24,2,,4,THB,3.29073123,,16.66666667,6.58146246,2026-09-01,2026-09-18
"2200 | DIA | Message  | 𝑷𝒆𝒂𝒓𝒍 𝑮𝒓𝒂𝒏𝒅 𝒔𝒂𝒍𝒆 ลดสูงสุด 𝟔𝟎% | 1 - 30 Sep 26","Message - 𝑷𝒆𝒂𝒓𝒍 𝑮𝒓𝒂𝒏𝒅 𝒔𝒂𝒍𝒆 ลดสูงสุด 𝟔𝟎% | 1 - 30 Sep 26","2200 | DIA | Message | 𝑷𝒆𝒂𝒓𝒍 𝑮𝒓𝒂𝒏𝒅 𝒔𝒂𝒍𝒆 ลดสูงสุด 𝟔𝟎% | 1 - 30 Sep 26 [Other-Province]",25-34,male,38,76,2,,3,THB,3.25038948,,3.94736842,6.50077896,2026-09-01,2026-09-18
"2200 | DIA | Message  |  𝑮𝒓𝒂𝒏𝒅 𝑺𝒂𝒍𝒆 ลดครั้งยิ่งใหญ่ที่สุดในรอบปี สูงสุด 𝟕𝟎% | 1 - 30 Sep 26","Message -  𝑮𝒓𝒂𝒏𝒅 𝑺𝒂𝒍𝒆 ลดครั้งยิ่งใหญ่ที่สุดในรอบปี สูงสุด 𝟕𝟎% | 1 - 30 Sep 26","2200 | DIA | Message | 𝑮𝒓𝒂𝒏𝒅 𝑺𝒂𝒍𝒆 ลดครั้งยิ่งใหญ่ที่สุดในรอบปี สูงสุด 𝟕𝟎% | 1 - 30 Sep 26 [Other-Province]",45-54,unknown,11,27,,,0,THB,,,0,6.38334346,2026-09-01,2026-09-18
"2200 | Pearl | Message  |  𝑷𝒆𝒂𝒓𝒍 𝑮𝒓𝒂𝒏𝒅 𝒔𝒂𝒍𝒆 ลดสูงสุด 𝟔𝟎% | 1 - 30 Sep 26","Message - Pearl -  𝑷𝒆𝒂𝒓𝒍 𝑮𝒓𝒂𝒏𝒅 𝒔𝒂𝒍𝒆 ลดสูงสุด 𝟔𝟎% | 1 - 30 Sep 26","2200 | Pearl | Message |  𝑷𝒆𝒂𝒓𝒍 𝑮𝒓𝒂𝒏𝒅 𝒔𝒂𝒍𝒆 ลดสูงสุด 𝟔𝟎% | 1 - 30 Sep 26 [Other-Province]",45-54,male,38,67,2,,3,THB,3.17599341,,4.47761194,6.35198682,2026-09-01,2026-09-18
"2200 | DIA | Awareness | 𝑷𝒆𝒂𝒓𝒍 𝑮𝒓𝒂𝒏𝒅 𝒔𝒂𝒍𝒆 ลดสูงสุด 𝟔𝟎% | 1 - 30 Sep 26","Awareness  - 𝑷𝒆𝒂𝒓𝒍 𝑮𝒓𝒂𝒏𝒅 𝒔𝒂𝒍𝒆 ลดสูงสุด 𝟔𝟎% | 1 - 30 Sep 26","2200 | DIA | Awareness  | 𝑷𝒆𝒂𝒓𝒍 𝑮𝒓𝒂𝒏𝒅 𝒔𝒂𝒍𝒆 ลดสูงสุด 𝟔𝟎% | 1 - 30 Sep 26 [Other-Province]",18-24,unknown,476,778,,,0,THB,,,0,6.28121437,2026-09-01,2026-09-18
"2200 | DIA | Message  |  𝑮𝒓𝒂𝒏𝒅 𝑺𝒂𝒍𝒆 เครื่องประดับเพชรแท้ ลดแรงสูงสุดในรอบปี | 𝐀𝐮𝐫𝐨𝐫𝐚 𝐃𝐢𝐚𝐦𝐨𝐧𝐝 | 1 - 14 Sep 26","Message -  𝑮𝒓𝒂𝒏𝒅 𝑺𝒂𝒍𝒆 เครื่องประดับเพชรแท้ ลดแรงสูงสุดในรอบปี | 𝐀𝐮𝐫𝐨𝐫𝐚 𝐃𝐢𝐚𝐦𝐨𝐧𝐝 | 1 - 14 Sep 26","2200 | DIA | Message | 𝑮𝒓𝒂𝒏𝒅 𝑺𝒂𝒍𝒆 เครื่องประดับเพชรแท้ ลดแรงสูงสุดในรอบปี | 𝐀𝐮𝐫𝐨𝐫𝐚 𝐃𝐢𝐚𝐦𝐨𝐧𝐝 | 1 - 14 Sep 26  [BKK]",25-34,unknown,26,74,3,,4,THB,2.07989722,,5.40540541,6.23969165,2026-09-01,2026-09-18
"2200 | DIA | Message | Wedding Package | 1 - 30 Sep 26","Message - Wedding Package -1 - 30 Sep 26","2200 | DIA | Message | Wedding Package | 1 - 30 Sep 26  [BKK]",65+,female,7,49,1,,1,THB,6.14014931,,2.04081633,6.14014931,2026-09-01,2026-09-18
"2200 | Pearl | Message  |  𝑷𝒆𝒂𝒓𝒍 𝑮𝒓𝒂𝒏𝒅 𝒔𝒂𝒍𝒆 ลดสูงสุด 𝟔𝟎% | 1 - 30 Sep 26","Message - Pearl -  𝑷𝒆𝒂𝒓𝒍 𝑮𝒓𝒂𝒏𝒅 𝒔𝒂𝒍𝒆 ลดสูงสุด 𝟔𝟎% | 1 - 30 Sep 26","2200 | Pearl | Message |  𝑷𝒆𝒂𝒓𝒍 𝑮𝒓𝒂𝒏𝒅 𝒔𝒂𝒍𝒆 ลดสูงสุด 𝟔𝟎% | 1 - 30 Sep 26 [Other-Province]",25-34,male,44,85,1,1,2,THB,5.94185854,5.94185854,2.35294118,5.94185854,2026-09-01,2026-09-18
"2200 | DIA | Message  | 𝑷𝒆𝒂𝒓𝒍 𝑮𝒓𝒂𝒏𝒅 𝒔𝒂𝒍𝒆 ลดสูงสุด 𝟔𝟎% | 1 - 30 Sep 26","Message -𝑷𝒆𝒂𝒓𝒍 𝑮𝒓𝒂𝒏𝒅 𝒔𝒂𝒍𝒆 ลดสูงสุด 𝟔𝟎% | 1 - 30 Sep 26","2200 | DIA | Message | 𝑷𝒆𝒂𝒓𝒍 𝑮𝒓𝒂𝒏𝒅 𝒔𝒂𝒍𝒆 ลดสูงสุด 𝟔𝟎% | 1 - 30 Sep 26  [BKK]",55-64,male,20,64,2,,5,THB,2.95816189,,7.8125,5.91632378,2026-09-01,2026-09-18
"2200 | DIA | Awareness | 𝑮𝒓𝒂𝒏𝒅 𝑺𝒂𝒍𝒆 ลดครั้งยิ่งใหญ่ที่สุดในรอบปี สูงสุด 𝟕𝟎% | 1 - 30 Sep 26","Awareness  - 𝑮𝒓𝒂𝒏𝒅 𝑺𝒂𝒍𝒆 ลดครั้งยิ่งใหญ่ที่สุดในรอบปี สูงสุด 𝟕𝟎% | 1 - 30 Sep 26","2200 | DIA | Awareness  | 𝑮𝒓𝒂𝒏𝒅 𝑺𝒂𝒍𝒆 ลดครั้งยิ่งใหญ่ที่สุดในรอบปี สูงสุด 𝟕𝟎% | 1 - 30 Sep 26 [Other-Province]",25-34,unknown,535,710,1,,1,THB,5.84983384,,0.14084507,5.84983384,2026-09-01,2026-09-18
"2200 | DIA | Awareness | 𝑷𝒆𝒂𝒓𝒍 𝑮𝒓𝒂𝒏𝒅 𝒔𝒂𝒍𝒆 ลดสูงสุด 𝟔𝟎% | 1 - 30 Sep 26","Awareness   - 𝑷𝒆𝒂𝒓𝒍 𝑮𝒓𝒂𝒏𝒅 𝒔𝒂𝒍𝒆 ลดสูงสุด 𝟔𝟎% | 1 - 30 Sep 26","2200 | DIA |  Awareness | 𝑷𝒆𝒂𝒓𝒍 𝑮𝒓𝒂𝒏𝒅 𝒔𝒂𝒍𝒆 ลดสูงสุด 𝟔𝟎% | 1 - 30 Sep 26  [BKK]",65+,male,615,676,1,,2,THB,5.69161235,,0.29585799,5.69161235,2026-09-01,2026-09-18
"2200 | DIA | Message  |  𝑮𝒓𝒂𝒏𝒅 𝑺𝒂𝒍𝒆 ลดครั้งยิ่งใหญ่ที่สุดในรอบปี สูงสุด 𝟕𝟎% | 1 - 30 Sep 26","Message -  𝑮𝒓𝒂𝒏𝒅 𝑺𝒂𝒍𝒆 ลดครั้งยิ่งใหญ่ที่สุดในรอบปี สูงสุด 𝟕𝟎% | 1 - 30 Sep 26","2200 | DIA | Message |𝑮𝒓𝒂𝒏𝒅 𝑺𝒂𝒍𝒆 ลดครั้งยิ่งใหญ่ที่สุดในรอบปี สูงสุด 𝟕𝟎% | 1 - 30 Sep 26  [BKK]",45-54,unknown,17,61,,,1,THB,,,1.63934426,5.62085922,2026-09-01,2026-09-18
"2200 | DIA | Awareness | 𝐎𝐧𝐞 𝐏𝐫𝐢𝐜𝐞 เพชรแท้ ราคาเดียว 𝟏𝟓,𝟗𝟎𝟎.- | 1 - 30 Sep 26","Awareness   - 𝐎𝐧𝐞 𝐏𝐫𝐢𝐜𝐞 เพชรแท้ ราคาเดียว 𝟏𝟓,𝟗𝟎𝟎.- | 1 - 30 Sep 26","2200 | DIA | Awareness | 𝐎𝐧𝐞 𝐏𝐫𝐢𝐜𝐞 เพชรแท้ ราคาเดียว 𝟏𝟓,𝟗𝟎𝟎.- | 1 - 30 Sep 26 [BKK]",65+,female,428,610,1,,1,THB,5.07109138,,0.16393443,5.07109138,2026-09-01,2026-09-18
"2200 | DIA | Awareness | Wedding Package | 1 - 30 Sep 26","Awareness   - Wedding Package -1 - 30 Sep 26","2200 | DIA | Message | Wedding Package | 1 - 30 Sep 26  [BKK]",65+,female,561,611,,,1,THB,,,0.16366612,5.07,2026-09-01,2026-09-18
"2200 | DIA | Message  | 𝑷𝒆𝒂𝒓𝒍 𝑮𝒓𝒂𝒏𝒅 𝒔𝒂𝒍𝒆 ลดสูงสุด 𝟔𝟎% | 1 - 30 Sep 26","Message - 𝑷𝒆𝒂𝒓𝒍 𝑮𝒓𝒂𝒏𝒅 𝒔𝒂𝒍𝒆 ลดสูงสุด 𝟔𝟎% | 1 - 30 Sep 26","2200 | DIA | Message | 𝑷𝒆𝒂𝒓𝒍 𝑮𝒓𝒂𝒏𝒅 𝒔𝒂𝒍𝒆 ลดสูงสุด 𝟔𝟎% | 1 - 30 Sep 26 [Other-Province]",65+,female,34,58,4,,6,THB,1.2551504,,10.34482759,5.02060159,2026-09-01,2026-09-18
"2200 | DIA | Message  |  𝑮𝒓𝒂𝒏𝒅 𝑺𝒂𝒍𝒆 เครื่องประดับเพชรแท้ ลดแรงสูงสุดในรอบปี | 𝐀𝐮𝐫𝐨𝐫𝐚 𝐃𝐢𝐚𝐦𝐨𝐧𝐝 | 1 - 14 Sep 26","Message -  𝑮𝒓𝒂𝒏𝒅 𝑺𝒂𝒍𝒆 เครื่องประดับเพชรแท้ ลดแรงสูงสุดในรอบปี | 𝐀𝐮𝐫𝐨𝐫𝐚 𝐃𝐢𝐚𝐦𝐨𝐧𝐝 | 1 - 14 Sep 26","2200 | DIA | Message | 𝑮𝒓𝒂𝒏𝒅 𝑺𝒂𝒍𝒆 เครื่องประดับเพชรแท้ ลดแรงสูงสุดในรอบปี | 𝐀𝐮𝐫𝐨𝐫𝐚 𝐃𝐢𝐚𝐦𝐨𝐧𝐝 | 1 - 14 Sep 26  [BKK]",45-54,unknown,21,55,4,1,6,THB,1.24993823,4.99975292,10.90909091,4.99975292,2026-09-01,2026-09-18
"2200 | DIA | Awareness | 𝐎𝐧𝐞 𝐏𝐫𝐢𝐜𝐞 เพชรแท้ ราคาเดียว 𝟏𝟓,𝟗𝟎𝟎.- | 1 - 30 Sep 26","Awareness   - 𝐎𝐧𝐞 𝐏𝐫𝐢𝐜𝐞 เพชรแท้ ราคาเดียว 𝟏𝟓,𝟗𝟎𝟎.- | 1 - 30 Sep 26","2200 | DIA | Awareness | 𝐎𝐧𝐞 𝐏𝐫𝐢𝐜𝐞 เพชรแท้ ราคาเดียว 𝟏𝟓,𝟗𝟎𝟎.- | 1 - 30 Sep 26 [BKK]",45-54,female,420,586,,,0,THB,,,0,4.99107416,2026-09-01,2026-09-18
"2200 | DIA | Awareness | 𝟗.𝟗 𝑫𝒐𝒖𝒃𝒍𝒆 𝑫𝒂𝒚 𝑺𝒂𝒍𝒆 | 7 - 9 Sep 26","Awareness  - 𝟗.𝟗 𝑫𝒐𝒖𝒃𝒍𝒆 𝑫𝒂𝒚 𝑺𝒂𝒍𝒆 | 7 - 9 Sep 26","2200 | DIA | Awareness  | 𝟗.𝟗 𝑫𝒐𝒖𝒃𝒍𝒆 𝑫𝒂𝒚 𝑺𝒂𝒍𝒆 | 7 - 9 Sep 26 [Other-Province]",25-34,unknown,484,547,1,,1,THB,4.88986913,,0.18281536,4.88986913,2026-09-01,2026-09-18
"2200 | Pearl | Page Follower |  𝑷𝒆𝒂𝒓𝒍 𝑮𝒓𝒂𝒏𝒅 𝒔𝒂𝒍𝒆 ลดสูงสุด 𝟔𝟎% | 1 - 30 Sep 26","Page Follower |  𝑷𝒆𝒂𝒓𝒍 𝑮𝒓𝒂𝒏𝒅 𝒔𝒂𝒍𝒆 ลดสูงสุด 𝟔𝟎% | 1 - 30 Sep 26","2200 | Pearl | Page Follower |  𝑷𝒆𝒂𝒓𝒍 𝑮𝒓𝒂𝒏𝒅 𝒔𝒂𝒍𝒆 ลดสูงสุด 𝟔𝟎% | 1 - 30 Sep 26 [BKK]",65+,male,83,133,6,,6,THB,0.80162414,,4.5112782,4.80974482,2026-09-01,2026-09-18
"2200 | DIA | Awareness | 𝐋𝐄𝐕𝐀 𝐂𝐨𝐥𝐥𝐞𝐜𝐭𝐢𝐨𝐧 เพชรแท้ พร้อมใบเซอร์ | 7 - 30 Sep 26","Awareness   -  𝐋𝐄𝐕𝐀 𝐂𝐨𝐥𝐥𝐞𝐜𝐭𝐢𝐨𝐧 เพชรแท้ พร้อมใบเซอร์ | 7 - 30 Sep 26","2200 | DIA | Awareness |  𝐋𝐄𝐕𝐀 𝐂𝐨𝐥𝐥𝐞𝐜𝐭𝐢𝐨𝐧 เพชรแท้ พร้อมใบเซอร์ | 7 - 30 Sep 26 [BKK]",45-54,female,572,598,3,,3,THB,1.60023881,,0.50167224,4.80071642,2026-09-01,2026-09-18
"2200 | Pearl | Awareness |  𝑷𝒆𝒂𝒓𝒍 𝑮𝒓𝒂𝒏𝒅 𝒔𝒂𝒍𝒆 ลดสูงสุด 𝟔𝟎% | 1 - 30 Sep 26","Awareness - Pearl - 𝑷𝒆𝒂𝒓𝒍 𝑮𝒓𝒂𝒏𝒅 𝒔𝒂𝒍𝒆 ลดสูงสุด 𝟔𝟎% | 1 - 30 Sep 26","2200 | Pearl | Awareness  |  𝑷𝒆𝒂𝒓𝒍 𝑮𝒓𝒂𝒏𝒅 𝒔𝒂𝒍𝒆 ลดสูงสุด 𝟔𝟎% | 1 - 30 Sep 26 [Other-Province]",18-24,unknown,323,520,,,0,THB,,,0,4.6220618,2026-09-01,2026-09-18
"2200 | DIA | Awareness | 𝐋𝐄𝐕𝐀 𝐂𝐨𝐥𝐥𝐞𝐜𝐭𝐢𝐨𝐧 เพชรแท้ พร้อมใบเซอร์ | 7 - 30 Sep 26","Awareness   -  𝐋𝐄𝐕𝐀 𝐂𝐨𝐥𝐥𝐞𝐜𝐭𝐢𝐨𝐧 เพชรแท้ พร้อมใบเซอร์ | 7 - 30 Sep 26","2200 | DIA | Awareness |  𝐋𝐄𝐕𝐀 𝐂𝐨𝐥𝐥𝐞𝐜𝐭𝐢𝐨𝐧 เพชรแท้ พร้อมใบเซอร์ | 7 - 30 Sep 26 [BKK]",55-64,female,513,542,,,1,THB,,,0.18450185,4.62068955,2026-09-01,2026-09-18
"2200 | DIA | Message | Wedding Package | 1 - 30 Sep 26","Message - Wedding Package - 1 - 30 Sep 26","2200 | DIA | Message | Wedding Package | 1 - 30 Sep 26 [Other-Province]",65+,female,5,49,,,0,THB,,,0,4.55264938,2026-09-01,2026-09-18
"2200 | DIA | Awareness | 𝑮𝒓𝒂𝒏𝒅 𝑺𝒂𝒍𝒆 เครื่องประดับเพชรแท้ ลดแรงสูงสุดในรอบปี | 𝐀𝐮𝐫𝐨𝐫𝐚 𝐃𝐢𝐚𝐦𝐨𝐧𝐝 | 1 - 14 Sep 26","Awareness  - 𝑮𝒓𝒂𝒏𝒅 𝑺𝒂𝒍𝒆 เครื่องประดับเพชรแท้ ลดแรงสูงสุดในรอบปี | 𝐀𝐮𝐫𝐨𝐫𝐚 𝐃𝐢𝐚𝐦𝐨𝐧𝐝 | 1 - 14 Sep 26","2200 | DIA | Awareness  | 𝑮𝒓𝒂𝒏𝒅 𝑺𝒂𝒍𝒆 เครื่องประดับเพชรแท้ ลดแรงสูงสุดในรอบปี | 𝐀𝐮𝐫𝐨𝐫𝐚 𝐃𝐢𝐚𝐦𝐨𝐧𝐝 | 1 - 14 Sep 26 [Other-Province]",35-44,unknown,384,527,,,0,THB,,,0,4.49975579,2026-09-01,2026-09-18
"2200 | DIA | Message  | 𝑷𝒆𝒂𝒓𝒍 𝑮𝒓𝒂𝒏𝒅 𝒔𝒂𝒍𝒆 ลดสูงสุด 𝟔𝟎% | 1 - 30 Sep 26","Message -𝑷𝒆𝒂𝒓𝒍 𝑮𝒓𝒂𝒏𝒅 𝒔𝒂𝒍𝒆 ลดสูงสุด 𝟔𝟎% | 1 - 30 Sep 26","2200 | DIA | Message | 𝑷𝒆𝒂𝒓𝒍 𝑮𝒓𝒂𝒏𝒅 𝒔𝒂𝒍𝒆 ลดสูงสุด 𝟔𝟎% | 1 - 30 Sep 26  [BKK]",45-54,unknown,9,19,3,1,2,THB,1.44154082,4.32462246,10.52631579,4.32462246,2026-09-01,2026-09-18
"2200 | Pearl | Page Follower |  𝑷𝒆𝒂𝒓𝒍 𝑮𝒓𝒂𝒏𝒅 𝒔𝒂𝒍𝒆 ลดสูงสุด 𝟔𝟎% | 1 - 30 Sep 26","Page Follower |  𝑷𝒆𝒂𝒓𝒍 𝑮𝒓𝒂𝒏𝒅 𝒔𝒂𝒍𝒆 ลดสูงสุด 𝟔𝟎% | 1 - 30 Sep 26","2200 | Pearl | Page Follower |  𝑷𝒆𝒂𝒓𝒍 𝑮𝒓𝒂𝒏𝒅 𝒔𝒂𝒍𝒆 ลดสูงสุด 𝟔𝟎% | 1 - 30 Sep 26 [Other-Province]",18-24,male,87,118,4,,6,THB,1.07775471,,5.08474576,4.31101884,2026-09-01,2026-09-18
"2200 | Pearl | Message  |  𝑷𝒆𝒂𝒓𝒍 𝑮𝒓𝒂𝒏𝒅 𝒔𝒂𝒍𝒆 ลดสูงสุด 𝟔𝟎% | 1 - 30 Sep 26","Message - Pearl -  𝑷𝒆𝒂𝒓𝒍 𝑮𝒓𝒂𝒏𝒅 𝒔𝒂𝒍𝒆 ลดสูงสุด 𝟔𝟎% | 1 - 30 Sep 26","2200 | Pearl | Message |  𝑷𝒆𝒂𝒓𝒍 𝑮𝒓𝒂𝒏𝒅 𝒔𝒂𝒍𝒆 ลดสูงสุด 𝟔𝟎% | 1 - 30 Sep 26 [BKK]",55-64,male,24,60,1,,3,THB,4.24228641,,5,4.24228641,2026-09-01,2026-09-18
"2200 | DIA | Message | Wedding Package | 1 - 30 Sep 26","Message - Wedding Package -1 - 30 Sep 26","2200 | DIA | Message | Wedding Package | 1 - 30 Sep 26  [BKK]",55-64,male,3,18,,,0,THB,,,0,4.030098,2026-09-01,2026-09-18
"2200 | DIA | Awareness | 𝟗.𝟗 𝑫𝒐𝒖𝒃𝒍𝒆 𝑫𝒂𝒚 𝑺𝒂𝒍𝒆 | 7 - 9 Sep 26","Awareness   - 𝟗.𝟗 𝑫𝒐𝒖𝒃𝒍𝒆 𝑫𝒂𝒚 𝑺𝒂𝒍𝒆 | 7 - 9 Sep 26","2200 | DIA | Awareness | 𝟗.𝟗 𝑫𝒐𝒖𝒃𝒍𝒆 𝑫𝒂𝒚 𝑺𝒂𝒍𝒆 | 7 - 9 Sep 26 [BKK]",45-54,female,486,487,,,0,THB,,,0,3.98,2026-09-01,2026-09-18
"2200 | Pearl | Message  |  𝑷𝒆𝒂𝒓𝒍 𝑮𝒓𝒂𝒏𝒅 𝒔𝒂𝒍𝒆 ลดสูงสุด 𝟔𝟎% | 1 - 30 Sep 26","Message - Pearl -  𝑷𝒆𝒂𝒓𝒍 𝑮𝒓𝒂𝒏𝒅 𝒔𝒂𝒍𝒆 ลดสูงสุด 𝟔𝟎% | 1 - 30 Sep 26","2200 | Pearl | Message |  𝑷𝒆𝒂𝒓𝒍 𝑮𝒓𝒂𝒏𝒅 𝒔𝒂𝒍𝒆 ลดสูงสุด 𝟔𝟎% | 1 - 30 Sep 26 [Other-Province]",18-24,female,48,70,1,,1,THB,3.96123902,,1.42857143,3.96123902,2026-09-01,2026-09-18
"2200 | DIA | Message  |  𝐋𝐄𝐕𝐀 𝐂𝐨𝐥𝐥𝐞𝐜𝐭𝐢𝐨𝐧 เพชรแท้ พร้อมใบเซอร์ | 7 - 30 Sep 26","Message - 𝐋𝐄𝐕𝐀 𝐂𝐨𝐥𝐥𝐞𝐜𝐭𝐢𝐨𝐧 เพชรแท้ พร้อมใบเซอร์ | 7 - 30 Sep 26","2200 | DIA | Message | 𝐋𝐄𝐕𝐀 𝐂𝐨𝐥𝐥𝐞𝐜𝐭𝐢𝐨𝐧 เพชรแท้ พร้อมใบเซอร์ | 7 - 30 Sep 26 [Other-Province]",65+,male,14,47,,,3,THB,,,6.38297872,3.86230738,2026-09-01,2026-09-18
"2200 | DIA | Message  |  𝑮𝒓𝒂𝒏𝒅 𝑺𝒂𝒍𝒆 ลดครั้งยิ่งใหญ่ที่สุดในรอบปี สูงสุด 𝟕𝟎% | 1 - 30 Sep 26","Message -  𝑮𝒓𝒂𝒏𝒅 𝑺𝒂𝒍𝒆 ลดครั้งยิ่งใหญ่ที่สุดในรอบปี สูงสุด 𝟕𝟎% | 1 - 30 Sep 26","2200 | DIA | Message |𝑮𝒓𝒂𝒏𝒅 𝑺𝒂𝒍𝒆 ลดครั้งยิ่งใหญ่ที่สุดในรอบปี สูงสุด 𝟕𝟎% | 1 - 30 Sep 26  [BKK]",35-44,unknown,22,51,3,,10,THB,1.25352495,,19.60784314,3.76057485,2026-09-01,2026-09-18
"2200 | DIA | Awareness | 𝟗.𝟗 𝑫𝒐𝒖𝒃𝒍𝒆 𝑫𝒂𝒚 𝑺𝒂𝒍𝒆 | 7 - 9 Sep 26","Awareness   - 𝟗.𝟗 𝑫𝒐𝒖𝒃𝒍𝒆 𝑫𝒂𝒚 𝑺𝒂𝒍𝒆 | 7 - 9 Sep 26","2200 | DIA | Awareness | 𝟗.𝟗 𝑫𝒐𝒖𝒃𝒍𝒆 𝑫𝒂𝒚 𝑺𝒂𝒍𝒆 | 7 - 9 Sep 26 [BKK]",45-54,male,391,410,,,0,THB,,,0,3.55,2026-09-01,2026-09-18
"2200 | Pearl | Page Follower |  𝑷𝒆𝒂𝒓𝒍 𝑮𝒓𝒂𝒏𝒅 𝒔𝒂𝒍𝒆 ลดสูงสุด 𝟔𝟎% | 1 - 30 Sep 26","Page Follower |  𝑷𝒆𝒂𝒓𝒍 𝑮𝒓𝒂𝒏𝒅 𝒔𝒂𝒍𝒆 ลดสูงสุด 𝟔𝟎% | 1 - 30 Sep 26","2200 | Pearl | Page Follower |  𝑷𝒆𝒂𝒓𝒍 𝑮𝒓𝒂𝒏𝒅 𝒔𝒂𝒍𝒆 ลดสูงสุด 𝟔𝟎% | 1 - 30 Sep 26 [BKK]",35-44,unknown,55,106,4,,4,THB,0.85745451,,3.77358491,3.42981803,2026-09-01,2026-09-18
"2200 | DIA | Awareness | 𝟗.𝟗 𝑫𝒐𝒖𝒃𝒍𝒆 𝑫𝒂𝒚 𝑺𝒂𝒍𝒆 | 7 - 9 Sep 26","Awareness   - 𝟗.𝟗 𝑫𝒐𝒖𝒃𝒍𝒆 𝑫𝒂𝒚 𝑺𝒂𝒍𝒆 | 7 - 9 Sep 26","2200 | DIA | Awareness | 𝟗.𝟗 𝑫𝒐𝒖𝒃𝒍𝒆 𝑫𝒂𝒚 𝑺𝒂𝒍𝒆 | 7 - 9 Sep 26 [BKK]",55-64,female,368,371,,,1,THB,,,0.26954178,3.4,2026-09-01,2026-09-18
"2200 | DIA | Awareness | 𝐎𝐧𝐞 𝐏𝐫𝐢𝐜𝐞 เพชรแท้ ราคาเดียว 𝟏𝟓,𝟗𝟎𝟎.- | 1 - 30 Sep 26","Awareness   - 𝐎𝐧𝐞 𝐏𝐫𝐢𝐜𝐞 เพชรแท้ ราคาเดียว 𝟏𝟓,𝟗𝟎𝟎.- | 1 - 30 Sep 26","2200 | DIA | Awareness | 𝐎𝐧𝐞 𝐏𝐫𝐢𝐜𝐞 เพชรแท้ ราคาเดียว 𝟏𝟓,𝟗𝟎𝟎.- | 1 - 30 Sep 26 [BKK]",55-64,female,276,406,,,0,THB,,,0,3.39072974,2026-09-01,2026-09-18
"2200 | Pearl | Message  |  𝑷𝒆𝒂𝒓𝒍 𝑮𝒓𝒂𝒏𝒅 𝒔𝒂𝒍𝒆 ลดสูงสุด 𝟔𝟎% | 1 - 30 Sep 26","Message - Pearl -  𝑷𝒆𝒂𝒓𝒍 𝑮𝒓𝒂𝒏𝒅 𝒔𝒂𝒍𝒆 ลดสูงสุด 𝟔𝟎% | 1 - 30 Sep 26","2200 | Pearl | Message |  𝑷𝒆𝒂𝒓𝒍 𝑮𝒓𝒂𝒏𝒅 𝒔𝒂𝒍𝒆 ลดสูงสุด 𝟔𝟎% | 1 - 30 Sep 26 [BKK]",18-24,male,30,50,,,1,THB,,,2,3.3317957,2026-09-01,2026-09-18
"2200 | DIA | Awareness | 𝐋𝐄𝐕𝐀 𝐂𝐨𝐥𝐥𝐞𝐜𝐭𝐢𝐨𝐧 เพชรแท้ พร้อมใบเซอร์ | 7 - 30 Sep 26","Awareness   -  𝐋𝐄𝐕𝐀 𝐂𝐨𝐥𝐥𝐞𝐜𝐭𝐢𝐨𝐧 เพชรแท้ พร้อมใบเซอร์ | 7 - 30 Sep 26","2200 | DIA | Awareness |  𝐋𝐄𝐕𝐀 𝐂𝐨𝐥𝐥𝐞𝐜𝐭𝐢𝐨𝐧 เพชรแท้ พร้อมใบเซอร์ | 7 - 30 Sep 26 [BKK]",45-54,male,386,401,2,,2,THB,1.66024776,,0.49875312,3.32049552,2026-09-01,2026-09-18
"2200 | DIA | Message  |  𝑮𝒓𝒂𝒏𝒅 𝑺𝒂𝒍𝒆 ลดครั้งยิ่งใหญ่ที่สุดในรอบปี สูงสุด 𝟕𝟎% | 1 - 30 Sep 26","Message -  𝑮𝒓𝒂𝒏𝒅 𝑺𝒂𝒍𝒆 ลดครั้งยิ่งใหญ่ที่สุดในรอบปี สูงสุด 𝟕𝟎% | 1 - 30 Sep 26","2200 | DIA | Message | 𝑮𝒓𝒂𝒏𝒅 𝑺𝒂𝒍𝒆 ลดครั้งยิ่งใหญ่ที่สุดในรอบปี สูงสุด 𝟕𝟎% | 1 - 30 Sep 26 [Other-Province]",35-44,unknown,21,54,2,,3,THB,1.63585683,,5.55555556,3.27171365,2026-09-01,2026-09-18
"2200 | DIA | Message  |  𝟗.𝟗 𝑫𝒐𝒖𝒃𝒍𝒆 𝑫𝒂𝒚 𝑺𝒂𝒍𝒆 | 7 - 9 Sep 26","Message -  𝟗.𝟗 𝑫𝒐𝒖𝒃𝒍𝒆 𝑫𝒂𝒚 𝑺𝒂𝒍𝒆 | 7 - 9 Sep 26","2200 | DIA | Message | 𝟗.𝟗 𝑫𝒐𝒖𝒃𝒍𝒆 𝑫𝒂𝒚 𝑺𝒂𝒍𝒆 | 7 - 9 Sep 26  [BKK]",45-54,unknown,6,22,4,1,4,THB,0.8125,3.25,18.18181818,3.25,2026-09-01,2026-09-18
"2200 | DIA | Message  | 𝑷𝒆𝒂𝒓𝒍 𝑮𝒓𝒂𝒏𝒅 𝒔𝒂𝒍𝒆 ลดสูงสุด 𝟔𝟎% | 1 - 30 Sep 26","Message - 𝑷𝒆𝒂𝒓𝒍 𝑮𝒓𝒂𝒏𝒅 𝒔𝒂𝒍𝒆 ลดสูงสุด 𝟔𝟎% | 1 - 30 Sep 26","2200 | DIA | Message | 𝑷𝒆𝒂𝒓𝒍 𝑮𝒓𝒂𝒏𝒅 𝒔𝒂𝒍𝒆 ลดสูงสุด 𝟔𝟎% | 1 - 30 Sep 26 [Other-Province]",45-54,unknown,5,12,,,0,THB,,,0,3.23038708,2026-09-01,2026-09-18
"2200 | DIA | Message  |  𝐎𝐧𝐞 𝐏𝐫𝐢𝐜𝐞 เพชรแท้ ราคาเดียว 𝟏𝟓,𝟗𝟎𝟎.- | 1 - 30 Sep 26","Message -  𝐎𝐧𝐞 𝐏𝐫𝐢𝐜𝐞 เพชรแท้ ราคาเดียว 𝟏𝟓,𝟗𝟎𝟎.- | 1 - 30 Sep 26","2200 | DIA | Message |𝐎𝐧𝐞 𝐏𝐫𝐢𝐜𝐞 เพชรแท้ ราคาเดียว 𝟏𝟓,𝟗𝟎𝟎.- | 1 - 30 Sep 26  [BKK]",35-44,unknown,9,17,,,1,THB,,,5.88235294,3.22581544,2026-09-01,2026-09-18
"2200 | DIA | Message  |  𝐋𝐄𝐕𝐀 𝐂𝐨𝐥𝐥𝐞𝐜𝐭𝐢𝐨𝐧 เพชรแท้ พร้อมใบเซอร์ | 7 - 30 Sep 26","Message -  𝐋𝐄𝐕𝐀 𝐂𝐨𝐥𝐥𝐞𝐜𝐭𝐢𝐨𝐧 เพชรแท้ พร้อมใบเซอร์ | 7 - 30 Sep 26","2200 | DIA | Message | 𝐋𝐄𝐕𝐀 𝐂𝐨𝐥𝐥𝐞𝐜𝐭𝐢𝐨𝐧 เพชรแท้ พร้อมใบเซอร์ | 7 - 30 Sep 26  [BKK]",45-54,male,36,56,,,1,THB,,,1.78571429,3.11244117,2026-09-01,2026-09-18
"2200 | DIA | Message  |  𝑮𝒓𝒂𝒏𝒅 𝑺𝒂𝒍𝒆 ลดครั้งยิ่งใหญ่ที่สุดในรอบปี สูงสุด 𝟕𝟎% | 1 - 30 Sep 26","Message -  𝑮𝒓𝒂𝒏𝒅 𝑺𝒂𝒍𝒆 ลดครั้งยิ่งใหญ่ที่สุดในรอบปี สูงสุด 𝟕𝟎% | 1 - 30 Sep 26","2200 | DIA | Message | 𝑮𝒓𝒂𝒏𝒅 𝑺𝒂𝒍𝒆 ลดครั้งยิ่งใหญ่ที่สุดในรอบปี สูงสุด 𝟕𝟎% | 1 - 30 Sep 26 [Other-Province]",25-34,unknown,15,43,,,1,THB,,,2.3255814,2.95154596,2026-09-01,2026-09-18
"2200 | DIA | Awareness | 𝑮𝒓𝒂𝒏𝒅 𝑺𝒂𝒍𝒆 ลดครั้งยิ่งใหญ่ที่สุดในรอบปี สูงสุด 𝟕𝟎% | 1 - 30 Sep 26","Awareness  - 𝑮𝒓𝒂𝒏𝒅 𝑺𝒂𝒍𝒆 ลดครั้งยิ่งใหญ่ที่สุดในรอบปี สูงสุด 𝟕𝟎% | 1 - 30 Sep 26","2200 | DIA | Awareness  | 𝑮𝒓𝒂𝒏𝒅 𝑺𝒂𝒍𝒆 ลดครั้งยิ่งใหญ่ที่สุดในรอบปี สูงสุด 𝟕𝟎% | 1 - 30 Sep 26 [Other-Province]",35-44,unknown,249,345,,,1,THB,,,0.28985507,2.84991905,2026-09-01,2026-09-18
"2200 | DIA | Awareness | 𝐋𝐄𝐕𝐀 𝐂𝐨𝐥𝐥𝐞𝐜𝐭𝐢𝐨𝐧 เพชรแท้ พร้อมใบเซอร์ | 7 - 30 Sep 26","Awareness   -  𝐋𝐄𝐕𝐀 𝐂𝐨𝐥𝐥𝐞𝐜𝐭𝐢𝐨𝐧 เพชรแท้ พร้อมใบเซอร์ | 7 - 30 Sep 26","2200 | DIA | Awareness |  𝐋𝐄𝐕𝐀 𝐂𝐨𝐥𝐥𝐞𝐜𝐭𝐢𝐨𝐧 เพชรแท้ พร้อมใบเซอร์ | 7 - 30 Sep 26 [BKK]",65+,female,313,332,1,,1,THB,2.8104194,,0.30120482,2.8104194,2026-09-01,2026-09-18
"2200 | DIA | Message  |  𝟗.𝟗 𝑫𝒐𝒖𝒃𝒍𝒆 𝑫𝒂𝒚 𝑺𝒂𝒍𝒆 | 7 - 9 Sep 26","Message -  𝟗.𝟗 𝑫𝒐𝒖𝒃𝒍𝒆 𝑫𝒂𝒚 𝑺𝒂𝒍𝒆 | 7 - 9 Sep 26","2200 | DIA | Message | 𝟗.𝟗 𝑫𝒐𝒖𝒃𝒍𝒆 𝑫𝒂𝒚 𝑺𝒂𝒍𝒆 | 7 - 9 Sep 26 [Other-Province]",65+,male,11,16,,,0,THB,,,0,2.8,2026-09-01,2026-09-18
"2200 | Pearl | Page Follower |  𝑷𝒆𝒂𝒓𝒍 𝑮𝒓𝒂𝒏𝒅 𝒔𝒂𝒍𝒆 ลดสูงสุด 𝟔𝟎% | 1 - 30 Sep 26","Page Follower |  𝑷𝒆𝒂𝒓𝒍 𝑮𝒓𝒂𝒏𝒅 𝒔𝒂𝒍𝒆 ลดสูงสุด 𝟔𝟎% | 1 - 30 Sep 26","2200 | Pearl | Page Follower |  𝑷𝒆𝒂𝒓𝒍 𝑮𝒓𝒂𝒏𝒅 𝒔𝒂𝒍𝒆 ลดสูงสุด 𝟔𝟎% | 1 - 30 Sep 26 [Other-Province]",65+,male,54,73,1,,1,THB,2.73064534,,1.36986301,2.73064534,2026-09-01,2026-09-18
"2200 | DIA | Awareness | 𝐋𝐄𝐕𝐀 𝐂𝐨𝐥𝐥𝐞𝐜𝐭𝐢𝐨𝐧 เพชรแท้ พร้อมใบเซอร์ | 7 - 30 Sep 26","Awareness   -  𝐋𝐄𝐕𝐀 𝐂𝐨𝐥𝐥𝐞𝐜𝐭𝐢𝐨𝐧 เพชรแท้ พร้อมใบเซอร์ | 7 - 30 Sep 26","2200 | DIA | Awareness |  𝐋𝐄𝐕𝐀 𝐂𝐨𝐥𝐥𝐞𝐜𝐭𝐢𝐨𝐧 เพชรแท้ พร้อมใบเซอร์ | 7 - 30 Sep 26 [BKK]",55-64,male,322,340,,,0,THB,,,0,2.66039701,2026-09-01,2026-09-18
"2200 | DIA | Message  |  𝐋𝐄𝐕𝐀 𝐂𝐨𝐥𝐥𝐞𝐜𝐭𝐢𝐨𝐧 เพชรแท้ พร้อมใบเซอร์ | 7 - 30 Sep 26","Message -  𝐋𝐄𝐕𝐀 𝐂𝐨𝐥𝐥𝐞𝐜𝐭𝐢𝐨𝐧 เพชรแท้ พร้อมใบเซอร์ | 7 - 30 Sep 26","2200 | DIA | Message | 𝐋𝐄𝐕𝐀 𝐂𝐨𝐥𝐥𝐞𝐜𝐭𝐢𝐨𝐧 เพชรแท้ พร้อมใบเซอร์ | 7 - 30 Sep 26  [BKK]",65+,male,6,14,,,0,THB,,,0,2.6120487,2026-09-01,2026-09-18
"2200 | DIA | Awareness | 𝟗.𝟗 𝑫𝒐𝒖𝒃𝒍𝒆 𝑫𝒂𝒚 𝑺𝒂𝒍𝒆 | 7 - 9 Sep 26","Awareness   - 𝟗.𝟗 𝑫𝒐𝒖𝒃𝒍𝒆 𝑫𝒂𝒚 𝑺𝒂𝒍𝒆 | 7 - 9 Sep 26","2200 | DIA | Awareness | 𝟗.𝟗 𝑫𝒐𝒖𝒃𝒍𝒆 𝑫𝒂𝒚 𝑺𝒂𝒍𝒆 | 7 - 9 Sep 26 [BKK]",65+,female,300,300,,,0,THB,,,0,2.6,2026-09-01,2026-09-18
"2200 | DIA | Message | Wedding Package | 1 - 30 Sep 26","Message - Wedding Package -1 - 30 Sep 26","2200 | DIA | Message | Wedding Package | 1 - 30 Sep 26  [BKK]",35-44,unknown,6,17,9,,10,THB,0.28334022,,58.82352941,2.55006201,2026-09-01,2026-09-18
"2200 | DIA | Awareness | 𝟗.𝟗 𝑫𝒐𝒖𝒃𝒍𝒆 𝑫𝒂𝒚 𝑺𝒂𝒍𝒆 | 7 - 9 Sep 26","Awareness   - 𝟗.𝟗 𝑫𝒐𝒖𝒃𝒍𝒆 𝑫𝒂𝒚 𝑺𝒂𝒍𝒆 | 7 - 9 Sep 26","2200 | DIA | Awareness | 𝟗.𝟗 𝑫𝒐𝒖𝒃𝒍𝒆 𝑫𝒂𝒚 𝑺𝒂𝒍𝒆 | 7 - 9 Sep 26 [BKK]",55-64,male,270,281,,,0,THB,,,0,2.48,2026-09-01,2026-09-18
"2200 | DIA | Message  |  𝑮𝒓𝒂𝒏𝒅 𝑺𝒂𝒍𝒆 เครื่องประดับเพชรแท้ ลดแรงสูงสุดในรอบปี | 𝐀𝐮𝐫𝐨𝐫𝐚 𝐃𝐢𝐚𝐦𝐨𝐧𝐝 | 1 - 14 Sep 26","Message -  𝑮𝒓𝒂𝒏𝒅 𝑺𝒂𝒍𝒆 เครื่องประดับเพชรแท้ ลดแรงสูงสุดในรอบปี | 𝐀𝐮𝐫𝐨𝐫𝐚 𝐃𝐢𝐚𝐦𝐨𝐧𝐝 | 1 - 14 Sep 26","2200 | DIA | Message | 𝑮𝒓𝒂𝒏𝒅 𝑺𝒂𝒍𝒆 เครื่องประดับเพชรแท้ ลดแรงสูงสุดในรอบปี | 𝐀𝐮𝐫𝐨𝐫𝐚 𝐃𝐢𝐚𝐦𝐨𝐧𝐝 | 1 - 14 Sep 26  [BKK]",55-64,unknown,5,24,2,,2,THB,1.16494243,,8.33333333,2.32988486,2026-09-01,2026-09-18
"2200 | DIA | Awareness | 𝑮𝒓𝒂𝒏𝒅 𝑺𝒂𝒍𝒆 เครื่องประดับเพชรแท้ ลดแรงสูงสุดในรอบปี | 𝐀𝐮𝐫𝐨𝐫𝐚 𝐃𝐢𝐚𝐦𝐨𝐧𝐝 | 1 - 14 Sep 26","Awareness  - 𝑮𝒓𝒂𝒏𝒅 𝑺𝒂𝒍𝒆 เครื่องประดับเพชรแท้ ลดแรงสูงสุดในรอบปี | 𝐀𝐮𝐫𝐨𝐫𝐚 𝐃𝐢𝐚𝐦𝐨𝐧𝐝 | 1 - 14 Sep 26","2200 | DIA | Awareness  | 𝑮𝒓𝒂𝒏𝒅 𝑺𝒂𝒍𝒆 เครื่องประดับเพชรแท้ ลดแรงสูงสุดในรอบปี | 𝐀𝐮𝐫𝐨𝐫𝐚 𝐃𝐢𝐚𝐦𝐨𝐧𝐝 | 1 - 14 Sep 26 [Other-Province]",45-54,unknown,187,258,,,1,THB,,,0.3875969,2.32987356,2026-09-01,2026-09-18
"2200 | Pearl | Message  |  𝑷𝒆𝒂𝒓𝒍 𝑮𝒓𝒂𝒏𝒅 𝒔𝒂𝒍𝒆 ลดสูงสุด 𝟔𝟎% | 1 - 30 Sep 26","Message - Pearl -  𝑷𝒆𝒂𝒓𝒍 𝑮𝒓𝒂𝒏𝒅 𝒔𝒂𝒍𝒆 ลดสูงสุด 𝟔𝟎% | 1 - 30 Sep 26","2200 | Pearl | Message |  𝑷𝒆𝒂𝒓𝒍 𝑮𝒓𝒂𝒏𝒅 𝒔𝒂𝒍𝒆 ลดสูงสุด 𝟔𝟎% | 1 - 30 Sep 26 [BKK]",45-54,unknown,12,22,1,,1,THB,2.31124566,,4.54545455,2.31124566,2026-09-01,2026-09-18
"2200 | DIA | Message  |  𝑮𝒓𝒂𝒏𝒅 𝑺𝒂𝒍𝒆 ลดครั้งยิ่งใหญ่ที่สุดในรอบปี สูงสุด 𝟕𝟎% | 1 - 30 Sep 26","Message -  𝑮𝒓𝒂𝒏𝒅 𝑺𝒂𝒍𝒆 ลดครั้งยิ่งใหญ่ที่สุดในรอบปี สูงสุด 𝟕𝟎% | 1 - 30 Sep 26","2200 | DIA | Message |𝑮𝒓𝒂𝒏𝒅 𝑺𝒂𝒍𝒆 ลดครั้งยิ่งใหญ่ที่สุดในรอบปี สูงสุด 𝟕𝟎% | 1 - 30 Sep 26  [BKK]",25-34,unknown,9,23,1,,2,THB,2.30035164,,8.69565217,2.30035164,2026-09-01,2026-09-18
"2200 | Pearl | Page Follower |  𝑷𝒆𝒂𝒓𝒍 𝑮𝒓𝒂𝒏𝒅 𝒔𝒂𝒍𝒆 ลดสูงสุด 𝟔𝟎% | 1 - 30 Sep 26","Page Follower |  𝑷𝒆𝒂𝒓𝒍 𝑮𝒓𝒂𝒏𝒅 𝒔𝒂𝒍𝒆 ลดสูงสุด 𝟔𝟎% | 1 - 30 Sep 26","2200 | Pearl | Page Follower |  𝑷𝒆𝒂𝒓𝒍 𝑮𝒓𝒂𝒏𝒅 𝒔𝒂𝒍𝒆 ลดสูงสุด 𝟔𝟎% | 1 - 30 Sep 26 [BKK]",45-54,unknown,23,46,2,,3,THB,1.09494191,,6.52173913,2.18988382,2026-09-01,2026-09-18
"2200 | Pearl | Page Follower |  𝑷𝒆𝒂𝒓𝒍 𝑮𝒓𝒂𝒏𝒅 𝒔𝒂𝒍𝒆 ลดสูงสุด 𝟔𝟎% | 1 - 30 Sep 26","Page Follower |  𝑷𝒆𝒂𝒓𝒍 𝑮𝒓𝒂𝒏𝒅 𝒔𝒂𝒍𝒆 ลดสูงสุด 𝟔𝟎% | 1 - 30 Sep 26","2200 | Pearl | Page Follower |  𝑷𝒆𝒂𝒓𝒍 𝑮𝒓𝒂𝒏𝒅 𝒔𝒂𝒍𝒆 ลดสูงสุด 𝟔𝟎% | 1 - 30 Sep 26 [Other-Province]",25-34,unknown,24,41,1,,3,THB,2.12050114,,7.31707317,2.12050114,2026-09-01,2026-09-18
"2200 | DIA | Message  |  𝐋𝐄𝐕𝐀 𝐂𝐨𝐥𝐥𝐞𝐜𝐭𝐢𝐨𝐧 เพชรแท้ พร้อมใบเซอร์ | 7 - 30 Sep 26","Message - 𝐋𝐄𝐕𝐀 𝐂𝐨𝐥𝐥𝐞𝐜𝐭𝐢𝐨𝐧 เพชรแท้ พร้อมใบเซอร์ | 7 - 30 Sep 26","2200 | DIA | Message | 𝐋𝐄𝐕𝐀 𝐂𝐨𝐥𝐥𝐞𝐜𝐭𝐢𝐨𝐧 เพชรแท้ พร้อมใบเซอร์ | 7 - 30 Sep 26 [Other-Province]",25-34,unknown,7,30,,,0,THB,,,0,2.05122542,2026-09-01,2026-09-18
"2200 | DIA | Awareness | Wedding Package | 1 - 30 Sep 26","Awareness  - Wedding Package -1 - 30 Sep 26","2200 | DIA | Awareness  | Wedding Package | 1 - 30 Sep 26 [Other-Province]",25-34,unknown,212,249,,,0,THB,,,0,2.040091,2026-09-01,2026-09-18
"2200 | DIA | Awareness | 𝟗.𝟗 𝑫𝒐𝒖𝒃𝒍𝒆 𝑫𝒂𝒚 𝑺𝒂𝒍𝒆 | 7 - 9 Sep 26","Awareness   - 𝟗.𝟗 𝑫𝒐𝒖𝒃𝒍𝒆 𝑫𝒂𝒚 𝑺𝒂𝒍𝒆 | 7 - 9 Sep 26","2200 | DIA | Awareness | 𝟗.𝟗 𝑫𝒐𝒖𝒃𝒍𝒆 𝑫𝒂𝒚 𝑺𝒂𝒍𝒆 | 7 - 9 Sep 26 [BKK]",65+,male,226,230,,,0,THB,,,0,2.04,2026-09-01,2026-09-18
"2200 | DIA | Awareness | 𝐎𝐧𝐞 𝐏𝐫𝐢𝐜𝐞 เพชรแท้ ราคาเดียว 𝟏𝟓,𝟗𝟎𝟎.- | 1 - 30 Sep 26","Awareness  - 𝐎𝐧𝐞 𝐏𝐫𝐢𝐜𝐞 เพชรแท้ ราคาเดียว 𝟏𝟓,𝟗𝟎𝟎.- | 1 - 30 Sep 26","2200 | DIA | Awareness  |𝐎𝐧𝐞 𝐏𝐫𝐢𝐜𝐞 เพชรแท้ ราคาเดียว 𝟏𝟓,𝟗𝟎𝟎.- | 1 - 30 Sep 26 [Other-Province]",35-44,unknown,159,263,1,,1,THB,2.02006538,,0.38022814,2.02006538,2026-09-01,2026-09-18
"2200 | DIA | Message  |  𝟗.𝟗 𝑫𝒐𝒖𝒃𝒍𝒆 𝑫𝒂𝒚 𝑺𝒂𝒍𝒆 | 7 - 9 Sep 26","Message -  𝟗.𝟗 𝑫𝒐𝒖𝒃𝒍𝒆 𝑫𝒂𝒚 𝑺𝒂𝒍𝒆 | 7 - 9 Sep 26","2200 | DIA | Message | 𝟗.𝟗 𝑫𝒐𝒖𝒃𝒍𝒆 𝑫𝒂𝒚 𝑺𝒂𝒍𝒆 | 7 - 9 Sep 26  [BKK]",35-44,unknown,16,24,1,,2,THB,1.83,,8.33333333,1.83,2026-09-01,2026-09-18
"2200 | DIA | Awareness | 𝑮𝒓𝒂𝒏𝒅 𝑺𝒂𝒍𝒆 เครื่องประดับเพชรแท้ ลดแรงสูงสุดในรอบปี | 𝐀𝐮𝐫𝐨𝐫𝐚 𝐃𝐢𝐚𝐦𝐨𝐧𝐝 | 1 - 14 Sep 26","Awareness  - 𝑮𝒓𝒂𝒏𝒅 𝑺𝒂𝒍𝒆 เครื่องประดับเพชรแท้ ลดแรงสูงสุดในรอบปี | 𝐀𝐮𝐫𝐨𝐫𝐚 𝐃𝐢𝐚𝐦𝐨𝐧𝐝 | 1 - 14 Sep 26","2200 | DIA | Awareness  | 𝑮𝒓𝒂𝒏𝒅 𝑺𝒂𝒍𝒆 เครื่องประดับเพชรแท้ ลดแรงสูงสุดในรอบปี | 𝐀𝐮𝐫𝐨𝐫𝐚 𝐃𝐢𝐚𝐦𝐨𝐧𝐝 | 1 - 14 Sep 26 [Other-Province]",55-64,unknown,160,220,1,,1,THB,1.82990069,,0.45454545,1.82990069,2026-09-01,2026-09-18
"2200 | DIA | Awareness | 𝐋𝐄𝐕𝐀 𝐂𝐨𝐥𝐥𝐞𝐜𝐭𝐢𝐨𝐧 เพชรแท้ พร้อมใบเซอร์ | 7 - 30 Sep 26","Awareness   -  𝐋𝐄𝐕𝐀 𝐂𝐨𝐥𝐥𝐞𝐜𝐭𝐢𝐨𝐧 เพชรแท้ พร้อมใบเซอร์ | 7 - 30 Sep 26","2200 | DIA | Awareness |  𝐋𝐄𝐕𝐀 𝐂𝐨𝐥𝐥𝐞𝐜𝐭𝐢𝐨𝐧 เพชรแท้ พร้อมใบเซอร์ | 7 - 30 Sep 26 [BKK]",65+,male,216,224,1,,1,THB,1.82027164,,0.44642857,1.82027164,2026-09-01,2026-09-18
"2200 | Pearl | Message  |  𝑷𝒆𝒂𝒓𝒍 𝑮𝒓𝒂𝒏𝒅 𝒔𝒂𝒍𝒆 ลดสูงสุด 𝟔𝟎% | 1 - 30 Sep 26","Message - Pearl -  𝑷𝒆𝒂𝒓𝒍 𝑮𝒓𝒂𝒏𝒅 𝒔𝒂𝒍𝒆 ลดสูงสุด 𝟔𝟎% | 1 - 30 Sep 26","2200 | Pearl | Message |  𝑷𝒆𝒂𝒓𝒍 𝑮𝒓𝒂𝒏𝒅 𝒔𝒂𝒍𝒆 ลดสูงสุด 𝟔𝟎% | 1 - 30 Sep 26 [BKK]",25-34,unknown,9,25,1,,1,THB,1.80097065,,4,1.80097065,2026-09-01,2026-09-18
"2200 | Pearl | Message  |  𝑷𝒆𝒂𝒓𝒍 𝑮𝒓𝒂𝒏𝒅 𝒔𝒂𝒍𝒆 ลดสูงสุด 𝟔𝟎% | 1 - 30 Sep 26","Message - Pearl -  𝑷𝒆𝒂𝒓𝒍 𝑮𝒓𝒂𝒏𝒅 𝒔𝒂𝒍𝒆 ลดสูงสุด 𝟔𝟎% | 1 - 30 Sep 26","2200 | Pearl | Message |  𝑷𝒆𝒂𝒓𝒍 𝑮𝒓𝒂𝒏𝒅 𝒔𝒂𝒍𝒆 ลดสูงสุด 𝟔𝟎% | 1 - 30 Sep 26 [Other-Province]",25-34,unknown,5,10,3,1,6,THB,0.57017834,1.71053503,60,1.71053503,2026-09-01,2026-09-18
"2200 | DIA | Awareness | 𝐋𝐄𝐕𝐀 𝐂𝐨𝐥𝐥𝐞𝐜𝐭𝐢𝐨𝐧 เพชรแท้ พร้อมใบเซอร์ | 7 - 30 Sep 26","Awareness  -  𝐋𝐄𝐕𝐀 𝐂𝐨𝐥𝐥𝐞𝐜𝐭𝐢𝐨𝐧 เพชรแท้ พร้อมใบเซอร์ | 7 - 30 Sep 26","2200 | DIA | Awareness   𝐋𝐄𝐕𝐀 𝐂𝐨𝐥𝐥𝐞𝐜𝐭𝐢𝐨𝐧 เพชรแท้ พร้อมใบเซอร์ | 7 - 30 Sep 26 [Other-Province]",25-34,unknown,179,210,,,0,THB,,,0,1.71012454,2026-09-01,2026-09-18
"2200 | DIA | Message  | 𝑷𝒆𝒂𝒓𝒍 𝑮𝒓𝒂𝒏𝒅 𝒔𝒂𝒍𝒆 ลดสูงสุด 𝟔𝟎% | 1 - 30 Sep 26","Message - 𝑷𝒆𝒂𝒓𝒍 𝑮𝒓𝒂𝒏𝒅 𝒔𝒂𝒍𝒆 ลดสูงสุด 𝟔𝟎% | 1 - 30 Sep 26","2200 | DIA | Message | 𝑷𝒆𝒂𝒓𝒍 𝑮𝒓𝒂𝒏𝒅 𝒔𝒂𝒍𝒆 ลดสูงสุด 𝟔𝟎% | 1 - 30 Sep 26 [Other-Province]",65+,male,4,15,,,0,THB,,,0,1.64019654,2026-09-01,2026-09-18
"2200 | Pearl | Page Follower |  𝑷𝒆𝒂𝒓𝒍 𝑮𝒓𝒂𝒏𝒅 𝒔𝒂𝒍𝒆 ลดสูงสุด 𝟔𝟎% | 1 - 30 Sep 26","Page Follower |  𝑷𝒆𝒂𝒓𝒍 𝑮𝒓𝒂𝒏𝒅 𝒔𝒂𝒍𝒆 ลดสูงสุด 𝟔𝟎% | 1 - 30 Sep 26","2200 | Pearl | Page Follower |  𝑷𝒆𝒂𝒓𝒍 𝑮𝒓𝒂𝒏𝒅 𝒔𝒂𝒍𝒆 ลดสูงสุด 𝟔𝟎% | 1 - 30 Sep 26 [BKK]",25-34,unknown,38,47,,,1,THB,,,2.12765957,1.60991459,2026-09-01,2026-09-18
"2200 | Pearl | Page Follower |  𝑷𝒆𝒂𝒓𝒍 𝑮𝒓𝒂𝒏𝒅 𝒔𝒂𝒍𝒆 ลดสูงสุด 𝟔𝟎% | 1 - 30 Sep 26","Page Follower |  𝑷𝒆𝒂𝒓𝒍 𝑮𝒓𝒂𝒏𝒅 𝒔𝒂𝒍𝒆 ลดสูงสุด 𝟔𝟎% | 1 - 30 Sep 26","2200 | Pearl | Page Follower |  𝑷𝒆𝒂𝒓𝒍 𝑮𝒓𝒂𝒏𝒅 𝒔𝒂𝒍𝒆 ลดสูงสุด 𝟔𝟎% | 1 - 30 Sep 26 [Other-Province]",35-44,unknown,33,55,2,,3,THB,0.78018438,,5.45454545,1.56036877,2026-09-01,2026-09-18
"2200 | DIA | Awareness | 𝑮𝒓𝒂𝒏𝒅 𝑺𝒂𝒍𝒆 ลดครั้งยิ่งใหญ่ที่สุดในรอบปี สูงสุด 𝟕𝟎% | 1 - 30 Sep 26","Awareness  - 𝑮𝒓𝒂𝒏𝒅 𝑺𝒂𝒍𝒆 ลดครั้งยิ่งใหญ่ที่สุดในรอบปี สูงสุด 𝟕𝟎% | 1 - 30 Sep 26","2200 | DIA | Awareness  | 𝑮𝒓𝒂𝒏𝒅 𝑺𝒂𝒍𝒆 ลดครั้งยิ่งใหญ่ที่สุดในรอบปี สูงสุด 𝟕𝟎% | 1 - 30 Sep 26 [Other-Province]",45-54,unknown,144,187,,,0,THB,,,0,1.54995597,2026-09-01,2026-09-18
"2200 | DIA | Message  |  𝐋𝐄𝐕𝐀 𝐂𝐨𝐥𝐥𝐞𝐜𝐭𝐢𝐨𝐧 เพชรแท้ พร้อมใบเซอร์ | 7 - 30 Sep 26","Message - 𝐋𝐄𝐕𝐀 𝐂𝐨𝐥𝐥𝐞𝐜𝐭𝐢𝐨𝐧 เพชรแท้ พร้อมใบเซอร์ | 7 - 30 Sep 26","2200 | DIA | Message | 𝐋𝐄𝐕𝐀 𝐂𝐨𝐥𝐥𝐞𝐜𝐭𝐢𝐨𝐧 เพชรแท้ พร้อมใบเซอร์ | 7 - 30 Sep 26 [Other-Province]",35-44,unknown,10,23,1,,1,THB,1.45086676,,4.34782609,1.45086676,2026-09-01,2026-09-18
"2200 | DIA | Message  |  𝐎𝐧𝐞 𝐏𝐫𝐢𝐜𝐞 เพชรแท้ ราคาเดียว 𝟏𝟓,𝟗𝟎𝟎.- | 1 - 30 Sep 26","Message -  𝐎𝐧𝐞 𝐏𝐫𝐢𝐜𝐞 เพชรแท้ ราคาเดียว 𝟏𝟓,𝟗𝟎𝟎.- | 1 - 30 Sep 26","2200 | DIA | Message | 𝐎𝐧𝐞 𝐏𝐫𝐢𝐜𝐞 เพชรแท้ ราคาเดียว 𝟏𝟓,𝟗𝟎𝟎.- | 1 - 30 Sep 26 [Other-Province]",35-44,unknown,8,15,,,1,THB,,,6.66666667,1.45003361,2026-09-01,2026-09-18
"2200 | DIA | Awareness | 𝟗.𝟗 𝑫𝒐𝒖𝒃𝒍𝒆 𝑫𝒂𝒚 𝑺𝒂𝒍𝒆 | 7 - 9 Sep 26","Awareness  - 𝟗.𝟗 𝑫𝒐𝒖𝒃𝒍𝒆 𝑫𝒂𝒚 𝑺𝒂𝒍𝒆 | 7 - 9 Sep 26","2200 | DIA | Awareness  | 𝟗.𝟗 𝑫𝒐𝒖𝒃𝒍𝒆 𝑫𝒂𝒚 𝑺𝒂𝒍𝒆 | 7 - 9 Sep 26 [Other-Province]",35-44,unknown,146,163,,,1,THB,,,0.61349693,1.43996146,2026-09-01,2026-09-18
"2200 | DIA | Message  | 𝑷𝒆𝒂𝒓𝒍 𝑮𝒓𝒂𝒏𝒅 𝒔𝒂𝒍𝒆 ลดสูงสุด 𝟔𝟎% | 1 - 30 Sep 26","Message -𝑷𝒆𝒂𝒓𝒍 𝑮𝒓𝒂𝒏𝒅 𝒔𝒂𝒍𝒆 ลดสูงสุด 𝟔𝟎% | 1 - 30 Sep 26","2200 | DIA | Message | 𝑷𝒆𝒂𝒓𝒍 𝑮𝒓𝒂𝒏𝒅 𝒔𝒂𝒍𝒆 ลดสูงสุด 𝟔𝟎% | 1 - 30 Sep 26  [BKK]",18-24,male,12,24,1,,2,THB,1.43153012,,8.33333333,1.43153012,2026-09-01,2026-09-18
"2200 | Pearl | Message  |  𝑷𝒆𝒂𝒓𝒍 𝑮𝒓𝒂𝒏𝒅 𝒔𝒂𝒍𝒆 ลดสูงสุด 𝟔𝟎% | 1 - 30 Sep 26","Message - Pearl -  𝑷𝒆𝒂𝒓𝒍 𝑮𝒓𝒂𝒏𝒅 𝒔𝒂𝒍𝒆 ลดสูงสุด 𝟔𝟎% | 1 - 30 Sep 26","2200 | Pearl | Message |  𝑷𝒆𝒂𝒓𝒍 𝑮𝒓𝒂𝒏𝒅 𝒔𝒂𝒍𝒆 ลดสูงสุด 𝟔𝟎% | 1 - 30 Sep 26 [Other-Province]",55-64,male,14,18,,,0,THB,,,0,1.39043491,2026-09-01,2026-09-18
"2200 | DIA | Message  | 𝑷𝒆𝒂𝒓𝒍 𝑮𝒓𝒂𝒏𝒅 𝒔𝒂𝒍𝒆 ลดสูงสุด 𝟔𝟎% | 1 - 30 Sep 26","Message -𝑷𝒆𝒂𝒓𝒍 𝑮𝒓𝒂𝒏𝒅 𝒔𝒂𝒍𝒆 ลดสูงสุด 𝟔𝟎% | 1 - 30 Sep 26","2200 | DIA | Message | 𝑷𝒆𝒂𝒓𝒍 𝑮𝒓𝒂𝒏𝒅 𝒔𝒂𝒍𝒆 ลดสูงสุด 𝟔𝟎% | 1 - 30 Sep 26  [BKK]",35-44,unknown,13,24,2,,4,THB,0.68573296,,16.66666667,1.37146592,2026-09-01,2026-09-18
"2200 | DIA | Awareness | 𝐎𝐧𝐞 𝐏𝐫𝐢𝐜𝐞 เพชรแท้ ราคาเดียว 𝟏𝟓,𝟗𝟎𝟎.- | 1 - 30 Sep 26","Awareness  - 𝐎𝐧𝐞 𝐏𝐫𝐢𝐜𝐞 เพชรแท้ ราคาเดียว 𝟏𝟓,𝟗𝟎𝟎.- | 1 - 30 Sep 26","2200 | DIA | Awareness  |𝐎𝐧𝐞 𝐏𝐫𝐢𝐜𝐞 เพชรแท้ ราคาเดียว 𝟏𝟓,𝟗𝟎𝟎.- | 1 - 30 Sep 26 [Other-Province]",65+,unknown,78,156,,,0,THB,,,0,1.37004434,2026-09-01,2026-09-18
"2200 | Pearl | Page Follower |  𝑷𝒆𝒂𝒓𝒍 𝑮𝒓𝒂𝒏𝒅 𝒔𝒂𝒍𝒆 ลดสูงสุด 𝟔𝟎% | 1 - 30 Sep 26","Page Follower |  𝑷𝒆𝒂𝒓𝒍 𝑮𝒓𝒂𝒏𝒅 𝒔𝒂𝒍𝒆 ลดสูงสุด 𝟔𝟎% | 1 - 30 Sep 26","2200 | Pearl | Page Follower |  𝑷𝒆𝒂𝒓𝒍 𝑮𝒓𝒂𝒏𝒅 𝒔𝒂𝒍𝒆 ลดสูงสุด 𝟔𝟎% | 1 - 30 Sep 26 [Other-Province]",45-54,unknown,15,30,,,0,THB,,,0,1.36032149,2026-09-01,2026-09-18
"2200 | Pearl | Awareness |  𝑷𝒆𝒂𝒓𝒍 𝑮𝒓𝒂𝒏𝒅 𝒔𝒂𝒍𝒆 ลดสูงสุด 𝟔𝟎% | 1 - 30 Sep 26","Awareness - Pearl - 𝑷𝒆𝒂𝒓𝒍 𝑮𝒓𝒂𝒏𝒅 𝒔𝒂𝒍𝒆 ลดสูงสุด 𝟔𝟎% | 1 - 30 Sep 26","2200 | Pearl | Awareness  |  𝑷𝒆𝒂𝒓𝒍 𝑮𝒓𝒂𝒏𝒅 𝒔𝒂𝒍𝒆 ลดสูงสุด 𝟔𝟎% | 1 - 30 Sep 26 [Other-Province]",25-34,unknown,91,145,,,0,THB,,,0,1.33059355,2026-09-01,2026-09-18
"2200 | DIA | Message | Wedding Package | 1 - 30 Sep 26","Message - Wedding Package -1 - 30 Sep 26","2200 | DIA | Message | Wedding Package | 1 - 30 Sep 26  [BKK]",45-54,unknown,2,17,,,0,THB,,,0,1.33003234,2026-09-01,2026-09-18
"2200 | Pearl | Message  |  𝑷𝒆𝒂𝒓𝒍 𝑮𝒓𝒂𝒏𝒅 𝒔𝒂𝒍𝒆 ลดสูงสุด 𝟔𝟎% | 1 - 30 Sep 26","Message - Pearl -  𝑷𝒆𝒂𝒓𝒍 𝑮𝒓𝒂𝒏𝒅 𝒔𝒂𝒍𝒆 ลดสูงสุด 𝟔𝟎% | 1 - 30 Sep 26","2200 | Pearl | Message |  𝑷𝒆𝒂𝒓𝒍 𝑮𝒓𝒂𝒏𝒅 𝒔𝒂𝒍𝒆 ลดสูงสุด 𝟔𝟎% | 1 - 30 Sep 26 [BKK]",35-44,unknown,12,21,,,0,THB,,,0,1.31070641,2026-09-01,2026-09-18
"2200 | DIA | Message  |  𝟗.𝟗 𝑫𝒐𝒖𝒃𝒍𝒆 𝑫𝒂𝒚 𝑺𝒂𝒍𝒆 | 7 - 9 Sep 26","Message -  𝟗.𝟗 𝑫𝒐𝒖𝒃𝒍𝒆 𝑫𝒂𝒚 𝑺𝒂𝒍𝒆 | 7 - 9 Sep 26","2200 | DIA | Message | 𝟗.𝟗 𝑫𝒐𝒖𝒃𝒍𝒆 𝑫𝒂𝒚 𝑺𝒂𝒍𝒆 | 7 - 9 Sep 26  [BKK]",65+,male,12,14,,,0,THB,,,0,1.28,2026-09-01,2026-09-18
"2200 | DIA | Message  |  𝐎𝐧𝐞 𝐏𝐫𝐢𝐜𝐞 เพชรแท้ ราคาเดียว 𝟏𝟓,𝟗𝟎𝟎.- | 1 - 30 Sep 26","Message -  𝐎𝐧𝐞 𝐏𝐫𝐢𝐜𝐞 เพชรแท้ ราคาเดียว 𝟏𝟓,𝟗𝟎𝟎.- | 1 - 30 Sep 26","2200 | DIA | Message | 𝐎𝐧𝐞 𝐏𝐫𝐢𝐜𝐞 เพชรแท้ ราคาเดียว 𝟏𝟓,𝟗𝟎𝟎.- | 1 - 30 Sep 26 [Other-Province]",25-34,unknown,10,24,,,0,THB,,,0,1.27002944,2026-09-01,2026-09-18
"2200 | DIA | Awareness | 𝑮𝒓𝒂𝒏𝒅 𝑺𝒂𝒍𝒆 เครื่องประดับเพชรแท้ ลดแรงสูงสุดในรอบปี | 𝐀𝐮𝐫𝐨𝐫𝐚 𝐃𝐢𝐚𝐦𝐨𝐧𝐝 | 1 - 14 Sep 26","Awareness  - 𝑮𝒓𝒂𝒏𝒅 𝑺𝒂𝒍𝒆 เครื่องประดับเพชรแท้ ลดแรงสูงสุดในรอบปี | 𝐀𝐮𝐫𝐨𝐫𝐚 𝐃𝐢𝐚𝐦𝐨𝐧𝐝 | 1 - 14 Sep 26","2200 | DIA | Awareness  | 𝑮𝒓𝒂𝒏𝒅 𝑺𝒂𝒍𝒆 เครื่องประดับเพชรแท้ ลดแรงสูงสุดในรอบปี | 𝐀𝐮𝐫𝐨𝐫𝐚 𝐃𝐢𝐚𝐦𝐨𝐧𝐝 | 1 - 14 Sep 26 [Other-Province]",65+,unknown,114,161,,,0,THB,,,0,1.25993162,2026-09-01,2026-09-18
"2200 | DIA | Message  |  𝑮𝒓𝒂𝒏𝒅 𝑺𝒂𝒍𝒆 เครื่องประดับเพชรแท้ ลดแรงสูงสุดในรอบปี | 𝐀𝐮𝐫𝐨𝐫𝐚 𝐃𝐢𝐚𝐦𝐨𝐧𝐝 | 1 - 14 Sep 26","Message -  𝑮𝒓𝒂𝒏𝒅 𝑺𝒂𝒍𝒆 เครื่องประดับเพชรแท้ ลดแรงสูงสุดในรอบปี | 𝐀𝐮𝐫𝐨𝐫𝐚 𝐃𝐢𝐚𝐦𝐨𝐧𝐝 | 1 - 14 Sep 26","2200 | DIA | Message |  𝑮𝒓𝒂𝒏𝒅 𝑺𝒂𝒍𝒆 เครื่องประดับเพชรแท้ ลดแรงสูงสุดในรอบปี | 𝐀𝐮𝐫𝐨𝐫𝐚 𝐃𝐢𝐚𝐦𝐨𝐧𝐝 | 1 - 14 Sep 26 [Other-Province]",55-64,unknown,5,7,,,1,THB,,,14.28571429,1.2299779,2026-09-01,2026-09-18
"2200 | DIA | Awareness | 𝑷𝒆𝒂𝒓𝒍 𝑮𝒓𝒂𝒏𝒅 𝒔𝒂𝒍𝒆 ลดสูงสุด 𝟔𝟎% | 1 - 30 Sep 26","Awareness   - 𝑷𝒆𝒂𝒓𝒍 𝑮𝒓𝒂𝒏𝒅 𝒔𝒂𝒍𝒆 ลดสูงสุด 𝟔𝟎% | 1 - 30 Sep 26","2200 | DIA |  Awareness | 𝑷𝒆𝒂𝒓𝒍 𝑮𝒓𝒂𝒏𝒅 𝒔𝒂𝒍𝒆 ลดสูงสุด 𝟔𝟎% | 1 - 30 Sep 26  [BKK]",18-24,unknown,112,146,,,0,THB,,,0,1.21034287,2026-09-01,2026-09-18
"2200 | DIA | Message  |  𝟗.𝟗 𝑫𝒐𝒖𝒃𝒍𝒆 𝑫𝒂𝒚 𝑺𝒂𝒍𝒆 | 7 - 9 Sep 26","Message -  𝟗.𝟗 𝑫𝒐𝒖𝒃𝒍𝒆 𝑫𝒂𝒚 𝑺𝒂𝒍𝒆 | 7 - 9 Sep 26","2200 | DIA | Message | 𝟗.𝟗 𝑫𝒐𝒖𝒃𝒍𝒆 𝑫𝒂𝒚 𝑺𝒂𝒍𝒆 | 7 - 9 Sep 26 [Other-Province]",45-54,unknown,2,4,,,0,THB,,,0,1.21,2026-09-01,2026-09-18
"2200 | DIA | Message  |  𝐎𝐧𝐞 𝐏𝐫𝐢𝐜𝐞 เพชรแท้ ราคาเดียว 𝟏𝟓,𝟗𝟎𝟎.- | 1 - 30 Sep 26","Message -  𝐎𝐧𝐞 𝐏𝐫𝐢𝐜𝐞 เพชรแท้ ราคาเดียว 𝟏𝟓,𝟗𝟎𝟎.- | 1 - 30 Sep 26","2200 | DIA | Message |𝐎𝐧𝐞 𝐏𝐫𝐢𝐜𝐞 เพชรแท้ ราคาเดียว 𝟏𝟓,𝟗𝟎𝟎.- | 1 - 30 Sep 26  [BKK]",25-34,unknown,3,8,,,0,THB,,,0,1.19844537,2026-09-01,2026-09-18
"2200 | DIA | Awareness | 𝐎𝐧𝐞 𝐏𝐫𝐢𝐜𝐞 เพชรแท้ ราคาเดียว 𝟏𝟓,𝟗𝟎𝟎.- | 1 - 30 Sep 26","Awareness   - 𝐎𝐧𝐞 𝐏𝐫𝐢𝐜𝐞 เพชรแท้ ราคาเดียว 𝟏𝟓,𝟗𝟎𝟎.- | 1 - 30 Sep 26","2200 | DIA | Awareness | 𝐎𝐧𝐞 𝐏𝐫𝐢𝐜𝐞 เพชรแท้ ราคาเดียว 𝟏𝟓,𝟗𝟎𝟎.- | 1 - 30 Sep 26 [BKK]",25-34,unknown,100,150,,,0,THB,,,0,1.19025616,2026-09-01,2026-09-18
"2200 | DIA | Awareness | 𝑮𝒓𝒂𝒏𝒅 𝑺𝒂𝒍𝒆 ลดครั้งยิ่งใหญ่ที่สุดในรอบปี สูงสุด 𝟕𝟎% | 1 - 30 Sep 26","Awareness  - 𝑮𝒓𝒂𝒏𝒅 𝑺𝒂𝒍𝒆 ลดครั้งยิ่งใหญ่ที่สุดในรอบปี สูงสุด 𝟕𝟎% | 1 - 30 Sep 26","2200 | DIA | Awareness  | 𝑮𝒓𝒂𝒏𝒅 𝑺𝒂𝒍𝒆 ลดครั้งยิ่งใหญ่ที่สุดในรอบปี สูงสุด 𝟕𝟎% | 1 - 30 Sep 26 [Other-Province]",65+,unknown,97,135,1,,1,THB,1.13996762,,0.74074074,1.13996762,2026-09-01,2026-09-18
"2200 | DIA | Message  |  𝐎𝐧𝐞 𝐏𝐫𝐢𝐜𝐞 เพชรแท้ ราคาเดียว 𝟏𝟓,𝟗𝟎𝟎.- | 1 - 30 Sep 26","Message -  𝐎𝐧𝐞 𝐏𝐫𝐢𝐜𝐞 เพชรแท้ ราคาเดียว 𝟏𝟓,𝟗𝟎𝟎.- | 1 - 30 Sep 26","2200 | DIA | Message |𝐎𝐧𝐞 𝐏𝐫𝐢𝐜𝐞 เพชรแท้ ราคาเดียว 𝟏𝟓,𝟗𝟎𝟎.- | 1 - 30 Sep 26  [BKK]",45-54,unknown,5,6,1,,1,THB,1.1385231,,16.66666667,1.1385231,2026-09-01,2026-09-18
"2200 | DIA | Awareness | 𝑮𝒓𝒂𝒏𝒅 𝑺𝒂𝒍𝒆 เครื่องประดับเพชรแท้ ลดแรงสูงสุดในรอบปี | 𝐀𝐮𝐫𝐨𝐫𝐚 𝐃𝐢𝐚𝐦𝐨𝐧𝐝 | 1 - 14 Sep 26","Awareness   - 𝑮𝒓𝒂𝒏𝒅 𝑺𝒂𝒍𝒆 เครื่องประดับเพชรแท้ ลดแรงสูงสุดในรอบปี | 𝐀𝐮𝐫𝐨𝐫𝐚 𝐃𝐢𝐚𝐦𝐨𝐧𝐝 | 1 - 14 Sep 26","2200 | DIA | Awareness | 𝑮𝒓𝒂𝒏𝒅 𝑺𝒂𝒍𝒆 เครื่องประดับเพชรแท้ ลดแรงสูงสุดในรอบปี | 𝐀𝐮𝐫𝐨𝐫𝐚 𝐃𝐢𝐚𝐦𝐨𝐧𝐝 | 1 - 14 Sep 26 [BKK]",25-34,unknown,133,140,,,0,THB,,,0,1.12989231,2026-09-01,2026-09-18
"2200 | DIA | Awareness | 𝐋𝐄𝐕𝐀 𝐂𝐨𝐥𝐥𝐞𝐜𝐭𝐢𝐨𝐧 เพชรแท้ พร้อมใบเซอร์ | 7 - 30 Sep 26","Awareness  -  𝐋𝐄𝐕𝐀 𝐂𝐨𝐥𝐥𝐞𝐜𝐭𝐢𝐨𝐧 เพชรแท้ พร้อมใบเซอร์ | 7 - 30 Sep 26","2200 | DIA | Awareness   𝐋𝐄𝐕𝐀 𝐂𝐨𝐥𝐥𝐞𝐜𝐭𝐢𝐨𝐧 เพชรแท้ พร้อมใบเซอร์ | 7 - 30 Sep 26 [Other-Province]",35-44,unknown,110,130,,,0,THB,,,0,1.07007793,2026-09-01,2026-09-18
"2200 | DIA | Awareness | 𝑮𝒓𝒂𝒏𝒅 𝑺𝒂𝒍𝒆 ลดครั้งยิ่งใหญ่ที่สุดในรอบปี สูงสุด 𝟕𝟎% | 1 - 30 Sep 26","Awareness  - 𝑮𝒓𝒂𝒏𝒅 𝑺𝒂𝒍𝒆 ลดครั้งยิ่งใหญ่ที่สุดในรอบปี สูงสุด 𝟕𝟎% | 1 - 30 Sep 26","2200 | DIA | Awareness  | 𝑮𝒓𝒂𝒏𝒅 𝑺𝒂𝒍𝒆 ลดครั้งยิ่งใหญ่ที่สุดในรอบปี สูงสุด 𝟕𝟎% | 1 - 30 Sep 26 [Other-Province]",55-64,unknown,92,118,,,1,THB,,,0.84745763,1.02997074,2026-09-01,2026-09-18
"2200 | DIA | Awareness | 𝑮𝒓𝒂𝒏𝒅 𝑺𝒂𝒍𝒆 ลดครั้งยิ่งใหญ่ที่สุดในรอบปี สูงสุด 𝟕𝟎% | 1 - 30 Sep 26","Awareness   - 𝑮𝒓𝒂𝒏𝒅 𝑺𝒂𝒍𝒆 ลดครั้งยิ่งใหญ่ที่สุดในรอบปี สูงสุด 𝟕𝟎% | 1 - 30 Sep 26","2200 | DIA | Awareness | 𝑮𝒓𝒂𝒏𝒅 𝑺𝒂𝒍𝒆 ลดครั้งยิ่งใหญ่ที่สุดในรอบปี สูงสุด 𝟕𝟎% | 1 - 30 Sep 26 [BKK]",25-34,unknown,114,133,,,0,THB,,,0,0.99,2026-09-01,2026-09-18
"2200 | DIA | Message  |  𝟗.𝟗 𝑫𝒐𝒖𝒃𝒍𝒆 𝑫𝒂𝒚 𝑺𝒂𝒍𝒆 | 7 - 9 Sep 26","Message -  𝟗.𝟗 𝑫𝒐𝒖𝒃𝒍𝒆 𝑫𝒂𝒚 𝑺𝒂𝒍𝒆 | 7 - 9 Sep 26","2200 | DIA | Message | 𝟗.𝟗 𝑫𝒐𝒖𝒃𝒍𝒆 𝑫𝒂𝒚 𝑺𝒂𝒍𝒆 | 7 - 9 Sep 26 [Other-Province]",35-44,unknown,9,15,,,0,THB,,,0,0.99,2026-09-01,2026-09-18
"2200 | DIA | Message | Wedding Package | 1 - 30 Sep 26","Message - Wedding Package - 1 - 30 Sep 26","2200 | DIA | Message | Wedding Package | 1 - 30 Sep 26 [Other-Province]",35-44,unknown,3,12,,,0,THB,,,0,0.96055899,2026-09-01,2026-09-18
"2200 | DIA | Awareness | 𝑷𝒆𝒂𝒓𝒍 𝑮𝒓𝒂𝒏𝒅 𝒔𝒂𝒍𝒆 ลดสูงสุด 𝟔𝟎% | 1 - 30 Sep 26","Awareness  - 𝑷𝒆𝒂𝒓𝒍 𝑮𝒓𝒂𝒏𝒅 𝒔𝒂𝒍𝒆 ลดสูงสุด 𝟔𝟎% | 1 - 30 Sep 26","2200 | DIA | Awareness  | 𝑷𝒆𝒂𝒓𝒍 𝑮𝒓𝒂𝒏𝒅 𝒔𝒂𝒍𝒆 ลดสูงสุด 𝟔𝟎% | 1 - 30 Sep 26 [Other-Province]",25-34,unknown,84,111,,,0,THB,,,0,0.93017984,2026-09-01,2026-09-18
"2200 | DIA | Message  | 𝑷𝒆𝒂𝒓𝒍 𝑮𝒓𝒂𝒏𝒅 𝒔𝒂𝒍𝒆 ลดสูงสุด 𝟔𝟎% | 1 - 30 Sep 26","Message - 𝑷𝒆𝒂𝒓𝒍 𝑮𝒓𝒂𝒏𝒅 𝒔𝒂𝒍𝒆 ลดสูงสุด 𝟔𝟎% | 1 - 30 Sep 26","2200 | DIA | Message | 𝑷𝒆𝒂𝒓𝒍 𝑮𝒓𝒂𝒏𝒅 𝒔𝒂𝒍𝒆 ลดสูงสุด 𝟔𝟎% | 1 - 30 Sep 26 [Other-Province]",18-24,unknown,1,2,,,1,THB,,,50,0.92011025,2026-09-01,2026-09-18
"2200 | DIA | Message  |  𝑮𝒓𝒂𝒏𝒅 𝑺𝒂𝒍𝒆 ลดครั้งยิ่งใหญ่ที่สุดในรอบปี สูงสุด 𝟕𝟎% | 1 - 30 Sep 26","Message -  𝑮𝒓𝒂𝒏𝒅 𝑺𝒂𝒍𝒆 ลดครั้งยิ่งใหญ่ที่สุดในรอบปี สูงสุด 𝟕𝟎% | 1 - 30 Sep 26","2200 | DIA | Message |𝑮𝒓𝒂𝒏𝒅 𝑺𝒂𝒍𝒆 ลดครั้งยิ่งใหญ่ที่สุดในรอบปี สูงสุด 𝟕𝟎% | 1 - 30 Sep 26  [BKK]",55-64,unknown,3,11,,,0,THB,,,0,0.91013913,2026-09-01,2026-09-18
"2200 | DIA | Message  |  𝟗.𝟗 𝑫𝒐𝒖𝒃𝒍𝒆 𝑫𝒂𝒚 𝑺𝒂𝒍𝒆 | 7 - 9 Sep 26","Message -  𝟗.𝟗 𝑫𝒐𝒖𝒃𝒍𝒆 𝑫𝒂𝒚 𝑺𝒂𝒍𝒆 | 7 - 9 Sep 26","2200 | DIA | Message | 𝟗.𝟗 𝑫𝒐𝒖𝒃𝒍𝒆 𝑫𝒂𝒚 𝑺𝒂𝒍𝒆 | 7 - 9 Sep 26  [BKK]",25-34,unknown,9,13,,,0,THB,,,0,0.91,2026-09-01,2026-09-18
"2200 | DIA | Awareness | Wedding Package | 1 - 30 Sep 26","Awareness  - Wedding Package -1 - 30 Sep 26","2200 | DIA | Awareness  | Wedding Package | 1 - 30 Sep 26 [Other-Province]",35-44,unknown,78,102,,,0,THB,,,0,0.8900397,2026-09-01,2026-09-18
"2200 | DIA | Awareness | 𝐎𝐧𝐞 𝐏𝐫𝐢𝐜𝐞 เพชรแท้ ราคาเดียว 𝟏𝟓,𝟗𝟎𝟎.- | 1 - 30 Sep 26","Awareness  - 𝐎𝐧𝐞 𝐏𝐫𝐢𝐜𝐞 เพชรแท้ ราคาเดียว 𝟏𝟓,𝟗𝟎𝟎.- | 1 - 30 Sep 26","2200 | DIA | Awareness  |𝐎𝐧𝐞 𝐏𝐫𝐢𝐜𝐞 เพชรแท้ ราคาเดียว 𝟏𝟓,𝟗𝟎𝟎.- | 1 - 30 Sep 26 [Other-Province]",45-54,unknown,65,100,,,0,THB,,,0,0.87002816,2026-09-01,2026-09-18
"2200 | Pearl | Awareness |  𝑷𝒆𝒂𝒓𝒍 𝑮𝒓𝒂𝒏𝒅 𝒔𝒂𝒍𝒆 ลดสูงสุด 𝟔𝟎% | 1 - 30 Sep 26","Awareness  - Pearl -  𝑷𝒆𝒂𝒓𝒍 𝑮𝒓𝒂𝒏𝒅 𝒔𝒂𝒍𝒆 ลดสูงสุด 𝟔𝟎% | 1 - 30 Sep 26","2200 | Pearl |  Awareness |  𝑷𝒆𝒂𝒓𝒍 𝑮𝒓𝒂𝒏𝒅 𝒔𝒂𝒍𝒆 ลดสูงสุด 𝟔𝟎% | 1 - 30 Sep 26  [BKK]",18-24,unknown,72,99,,,1,THB,,,1.01010101,0.83025521,2026-09-01,2026-09-18
"2200 | DIA | Message  | 𝑷𝒆𝒂𝒓𝒍 𝑮𝒓𝒂𝒏𝒅 𝒔𝒂𝒍𝒆 ลดสูงสุด 𝟔𝟎% | 1 - 30 Sep 26","Message -𝑷𝒆𝒂𝒓𝒍 𝑮𝒓𝒂𝒏𝒅 𝒔𝒂𝒍𝒆 ลดสูงสุด 𝟔𝟎% | 1 - 30 Sep 26","2200 | DIA | Message | 𝑷𝒆𝒂𝒓𝒍 𝑮𝒓𝒂𝒏𝒅 𝒔𝒂𝒍𝒆 ลดสูงสุด 𝟔𝟎% | 1 - 30 Sep 26  [BKK]",25-34,unknown,10,15,,,0,THB,,,0,0.80085601,2026-09-01,2026-09-18
"2200 | DIA | Message  | 𝑷𝒆𝒂𝒓𝒍 𝑮𝒓𝒂𝒏𝒅 𝒔𝒂𝒍𝒆 ลดสูงสุด 𝟔𝟎% | 1 - 30 Sep 26","Message -𝑷𝒆𝒂𝒓𝒍 𝑮𝒓𝒂𝒏𝒅 𝒔𝒂𝒍𝒆 ลดสูงสุด 𝟔𝟎% | 1 - 30 Sep 26","2200 | DIA | Message | 𝑷𝒆𝒂𝒓𝒍 𝑮𝒓𝒂𝒏𝒅 𝒔𝒂𝒍𝒆 ลดสูงสุด 𝟔𝟎% | 1 - 30 Sep 26  [BKK]",65+,male,8,18,4,1,4,THB,0.200214,0.80085601,22.22222222,0.80085601,2026-09-01,2026-09-18
"2200 | DIA | Message  |  𝐋𝐄𝐕𝐀 𝐂𝐨𝐥𝐥𝐞𝐜𝐭𝐢𝐨𝐧 เพชรแท้ พร้อมใบเซอร์ | 7 - 30 Sep 26","Message -  𝐋𝐄𝐕𝐀 𝐂𝐨𝐥𝐥𝐞𝐜𝐭𝐢𝐨𝐧 เพชรแท้ พร้อมใบเซอร์ | 7 - 30 Sep 26","2200 | DIA | Message | 𝐋𝐄𝐕𝐀 𝐂𝐨𝐥𝐥𝐞𝐜𝐭𝐢𝐨𝐧 เพชรแท้ พร้อมใบเซอร์ | 7 - 30 Sep 26  [BKK]",45-54,unknown,2,12,,,0,THB,,,0,0.7906201,2026-09-01,2026-09-18
"2200 | DIA | Message  |  𝑮𝒓𝒂𝒏𝒅 𝑺𝒂𝒍𝒆 ลดครั้งยิ่งใหญ่ที่สุดในรอบปี สูงสุด 𝟕𝟎% | 1 - 30 Sep 26","Message -  𝑮𝒓𝒂𝒏𝒅 𝑺𝒂𝒍𝒆 ลดครั้งยิ่งใหญ่ที่สุดในรอบปี สูงสุด 𝟕𝟎% | 1 - 30 Sep 26","2200 | DIA | Message |𝑮𝒓𝒂𝒏𝒅 𝑺𝒂𝒍𝒆 ลดครั้งยิ่งใหญ่ที่สุดในรอบปี สูงสุด 𝟕𝟎% | 1 - 30 Sep 26  [BKK]",65+,male,11,20,3,,4,THB,0.25003822,,20,0.75011466,2026-09-01,2026-09-18
"2200 | Pearl | Message  |  𝑷𝒆𝒂𝒓𝒍 𝑮𝒓𝒂𝒏𝒅 𝒔𝒂𝒍𝒆 ลดสูงสุด 𝟔𝟎% | 1 - 30 Sep 26","Message - Pearl -  𝑷𝒆𝒂𝒓𝒍 𝑮𝒓𝒂𝒏𝒅 𝒔𝒂𝒍𝒆 ลดสูงสุด 𝟔𝟎% | 1 - 30 Sep 26","2200 | Pearl | Message |  𝑷𝒆𝒂𝒓𝒍 𝑮𝒓𝒂𝒏𝒅 𝒔𝒂𝒍𝒆 ลดสูงสุด 𝟔𝟎% | 1 - 30 Sep 26 [BKK]",65+,male,8,13,1,,1,THB,0.74039904,,7.69230769,0.74039904,2026-09-01,2026-09-18
"2200 | DIA | Awareness | 𝑮𝒓𝒂𝒏𝒅 𝑺𝒂𝒍𝒆 เครื่องประดับเพชรแท้ ลดแรงสูงสุดในรอบปี | 𝐀𝐮𝐫𝐨𝐫𝐚 𝐃𝐢𝐚𝐦𝐨𝐧𝐝 | 1 - 14 Sep 26","Awareness   - 𝑮𝒓𝒂𝒏𝒅 𝑺𝒂𝒍𝒆 เครื่องประดับเพชรแท้ ลดแรงสูงสุดในรอบปี | 𝐀𝐮𝐫𝐨𝐫𝐚 𝐃𝐢𝐚𝐦𝐨𝐧𝐝 | 1 - 14 Sep 26","2200 | DIA | Awareness | 𝑮𝒓𝒂𝒏𝒅 𝑺𝒂𝒍𝒆 เครื่องประดับเพชรแท้ ลดแรงสูงสุดในรอบปี | 𝐀𝐮𝐫𝐨𝐫𝐚 𝐃𝐢𝐚𝐦𝐨𝐧𝐝 | 1 - 14 Sep 26 [BKK]",35-44,unknown,81,85,,,0,THB,,,0,0.69993329,2026-09-01,2026-09-18
"2200 | DIA | Message | Wedding Package | 1 - 30 Sep 26","Message - Wedding Package - 1 - 30 Sep 26","2200 | DIA | Message | Wedding Package | 1 - 30 Sep 26 [Other-Province]",65+,male,2,9,,,0,THB,,,0,0.68039595,2026-09-01,2026-09-18
"2200 | DIA | Message | Wedding Package | 1 - 30 Sep 26","Message - Wedding Package - 1 - 30 Sep 26","2200 | DIA | Message | Wedding Package | 1 - 30 Sep 26 [Other-Province]",25-34,unknown,3,12,1,,1,THB,0.63036684,,8.33333333,0.63036684,2026-09-01,2026-09-18
"2200 | DIA | Message  |  𝑮𝒓𝒂𝒏𝒅 𝑺𝒂𝒍𝒆 เครื่องประดับเพชรแท้ ลดแรงสูงสุดในรอบปี | 𝐀𝐮𝐫𝐨𝐫𝐚 𝐃𝐢𝐚𝐦𝐨𝐧𝐝 | 1 - 14 Sep 26","Message -  𝑮𝒓𝒂𝒏𝒅 𝑺𝒂𝒍𝒆 เครื่องประดับเพชรแท้ ลดแรงสูงสุดในรอบปี | 𝐀𝐮𝐫𝐨𝐫𝐚 𝐃𝐢𝐚𝐦𝐨𝐧𝐝 | 1 - 14 Sep 26","2200 | DIA | Message | 𝑮𝒓𝒂𝒏𝒅 𝑺𝒂𝒍𝒆 เครื่องประดับเพชรแท้ ลดแรงสูงสุดในรอบปี | 𝐀𝐮𝐫𝐨𝐫𝐚 𝐃𝐢𝐚𝐦𝐨𝐧𝐝 | 1 - 14 Sep 26  [BKK]",65+,unknown,3,3,,,0,THB,,,0,0.60996986,2026-09-01,2026-09-18
"2200 | Pearl | Message  |  𝑷𝒆𝒂𝒓𝒍 𝑮𝒓𝒂𝒏𝒅 𝒔𝒂𝒍𝒆 ลดสูงสุด 𝟔𝟎% | 1 - 30 Sep 26","Message - Pearl -  𝑷𝒆𝒂𝒓𝒍 𝑮𝒓𝒂𝒏𝒅 𝒔𝒂𝒍𝒆 ลดสูงสุด 𝟔𝟎% | 1 - 30 Sep 26","2200 | Pearl | Message |  𝑷𝒆𝒂𝒓𝒍 𝑮𝒓𝒂𝒏𝒅 𝒔𝒂𝒍𝒆 ลดสูงสุด 𝟔𝟎% | 1 - 30 Sep 26 [Other-Province]",65+,male,7,12,,,0,THB,,,0,0.57017834,2026-09-01,2026-09-18
"2200 | DIA | Awareness | 𝟗.𝟗 𝑫𝒐𝒖𝒃𝒍𝒆 𝑫𝒂𝒚 𝑺𝒂𝒍𝒆 | 7 - 9 Sep 26","Awareness   - 𝟗.𝟗 𝑫𝒐𝒖𝒃𝒍𝒆 𝑫𝒂𝒚 𝑺𝒂𝒍𝒆 | 7 - 9 Sep 26","2200 | DIA | Awareness | 𝟗.𝟗 𝑫𝒐𝒖𝒃𝒍𝒆 𝑫𝒂𝒚 𝑺𝒂𝒍𝒆 | 7 - 9 Sep 26 [BKK]",25-34,unknown,55,58,,,0,THB,,,0,0.52,2026-09-01,2026-09-18
"2200 | Pearl | Awareness |  𝑷𝒆𝒂𝒓𝒍 𝑮𝒓𝒂𝒏𝒅 𝒔𝒂𝒍𝒆 ลดสูงสุด 𝟔𝟎% | 1 - 30 Sep 26","Awareness - Pearl - 𝑷𝒆𝒂𝒓𝒍 𝑮𝒓𝒂𝒏𝒅 𝒔𝒂𝒍𝒆 ลดสูงสุด 𝟔𝟎% | 1 - 30 Sep 26","2200 | Pearl | Awareness  |  𝑷𝒆𝒂𝒓𝒍 𝑮𝒓𝒂𝒏𝒅 𝒔𝒂𝒍𝒆 ลดสูงสุด 𝟔𝟎% | 1 - 30 Sep 26 [Other-Province]",65+,unknown,30,50,,,0,THB,,,0,0.48021421,2026-09-01,2026-09-18
"2200 | Pearl | Message  |  𝑷𝒆𝒂𝒓𝒍 𝑮𝒓𝒂𝒏𝒅 𝒔𝒂𝒍𝒆 ลดสูงสุด 𝟔𝟎% | 1 - 30 Sep 26","Message - Pearl -  𝑷𝒆𝒂𝒓𝒍 𝑮𝒓𝒂𝒏𝒅 𝒔𝒂𝒍𝒆 ลดสูงสุด 𝟔𝟎% | 1 - 30 Sep 26","2200 | Pearl | Message |  𝑷𝒆𝒂𝒓𝒍 𝑮𝒓𝒂𝒏𝒅 𝒔𝒂𝒍𝒆 ลดสูงสุด 𝟔𝟎% | 1 - 30 Sep 26 [BKK]",55-64,unknown,2,5,,,0,THB,,,0,0.45024266,2026-09-01,2026-09-18
"2200 | DIA | Message  | 𝑷𝒆𝒂𝒓𝒍 𝑮𝒓𝒂𝒏𝒅 𝒔𝒂𝒍𝒆 ลดสูงสุด 𝟔𝟎% | 1 - 30 Sep 26","Message - 𝑷𝒆𝒂𝒓𝒍 𝑮𝒓𝒂𝒏𝒅 𝒔𝒂𝒍𝒆 ลดสูงสุด 𝟔𝟎% | 1 - 30 Sep 26","2200 | DIA | Message | 𝑷𝒆𝒂𝒓𝒍 𝑮𝒓𝒂𝒏𝒅 𝒔𝒂𝒍𝒆 ลดสูงสุด 𝟔𝟎% | 1 - 30 Sep 26 [Other-Province]",18-24,male,11,17,,,0,THB,,,0,0.45005393,2026-09-01,2026-09-18
"2200 | Pearl | Page Follower |  𝑷𝒆𝒂𝒓𝒍 𝑮𝒓𝒂𝒏𝒅 𝒔𝒂𝒍𝒆 ลดสูงสุด 𝟔𝟎% | 1 - 30 Sep 26","Page Follower |  𝑷𝒆𝒂𝒓𝒍 𝑮𝒓𝒂𝒏𝒅 𝒔𝒂𝒍𝒆 ลดสูงสุด 𝟔𝟎% | 1 - 30 Sep 26","2200 | Pearl | Page Follower |  𝑷𝒆𝒂𝒓𝒍 𝑮𝒓𝒂𝒏𝒅 𝒔𝒂𝒍𝒆 ลดสูงสุด 𝟔𝟎% | 1 - 30 Sep 26 [Other-Province]",55-64,unknown,4,6,,,0,THB,,,0,0.43010165,2026-09-01,2026-09-18
"2200 | DIA | Awareness | Wedding Package | 1 - 30 Sep 26","Awareness   - Wedding Package -1 - 30 Sep 26","2200 | DIA | Message | Wedding Package | 1 - 30 Sep 26  [BKK]",25-34,unknown,52,55,,,0,THB,,,0,0.42,2026-09-01,2026-09-18
"2200 | DIA | Awareness | 𝟗.𝟗 𝑫𝒐𝒖𝒃𝒍𝒆 𝑫𝒂𝒚 𝑺𝒂𝒍𝒆 | 7 - 9 Sep 26","Awareness  - 𝟗.𝟗 𝑫𝒐𝒖𝒃𝒍𝒆 𝑫𝒂𝒚 𝑺𝒂𝒍𝒆 | 7 - 9 Sep 26","2200 | DIA | Awareness  | 𝟗.𝟗 𝑫𝒐𝒖𝒃𝒍𝒆 𝑫𝒂𝒚 𝑺𝒂𝒍𝒆 | 7 - 9 Sep 26 [Other-Province]",65+,unknown,39,47,,,0,THB,,,0,0.40998903,2026-09-01,2026-09-18
"2200 | DIA | Awareness | 𝐎𝐧𝐞 𝐏𝐫𝐢𝐜𝐞 เพชรแท้ ราคาเดียว 𝟏𝟓,𝟗𝟎𝟎.- | 1 - 30 Sep 26","Awareness  - 𝐎𝐧𝐞 𝐏𝐫𝐢𝐜𝐞 เพชรแท้ ราคาเดียว 𝟏𝟓,𝟗𝟎𝟎.- | 1 - 30 Sep 26","2200 | DIA | Awareness  |𝐎𝐧𝐞 𝐏𝐫𝐢𝐜𝐞 เพชรแท้ ราคาเดียว 𝟏𝟓,𝟗𝟎𝟎.- | 1 - 30 Sep 26 [Other-Province]",55-64,unknown,28,49,,,0,THB,,,0,0.40001295,2026-09-01,2026-09-18
"2200 | DIA | Awareness | 𝑮𝒓𝒂𝒏𝒅 𝑺𝒂𝒍𝒆 ลดครั้งยิ่งใหญ่ที่สุดในรอบปี สูงสุด 𝟕𝟎% | 1 - 30 Sep 26","Awareness   - 𝑮𝒓𝒂𝒏𝒅 𝑺𝒂𝒍𝒆 ลดครั้งยิ่งใหญ่ที่สุดในรอบปี สูงสุด 𝟕𝟎% | 1 - 30 Sep 26","2200 | DIA | Awareness | 𝑮𝒓𝒂𝒏𝒅 𝑺𝒂𝒍𝒆 ลดครั้งยิ่งใหญ่ที่สุดในรอบปี สูงสุด 𝟕𝟎% | 1 - 30 Sep 26 [BKK]",35-44,unknown,39,48,1,,2,THB,0.4,,4.16666667,0.4,2026-09-01,2026-09-18
"2200 | Pearl | Page Follower |  𝑷𝒆𝒂𝒓𝒍 𝑮𝒓𝒂𝒏𝒅 𝒔𝒂𝒍𝒆 ลดสูงสุด 𝟔𝟎% | 1 - 30 Sep 26","Page Follower |  𝑷𝒆𝒂𝒓𝒍 𝑮𝒓𝒂𝒏𝒅 𝒔𝒂𝒍𝒆 ลดสูงสุด 𝟔𝟎% | 1 - 30 Sep 26","2200 | Pearl | Page Follower |  𝑷𝒆𝒂𝒓𝒍 𝑮𝒓𝒂𝒏𝒅 𝒔𝒂𝒍𝒆 ลดสูงสุด 𝟔𝟎% | 1 - 30 Sep 26 [BKK]",18-24,unknown,11,18,,,0,THB,,,0,0.38997931,2026-09-01,2026-09-18
"2200 | Pearl | Awareness |  𝑷𝒆𝒂𝒓𝒍 𝑮𝒓𝒂𝒏𝒅 𝒔𝒂𝒍𝒆 ลดสูงสุด 𝟔𝟎% | 1 - 30 Sep 26","Awareness - Pearl - 𝑷𝒆𝒂𝒓𝒍 𝑮𝒓𝒂𝒏𝒅 𝒔𝒂𝒍𝒆 ลดสูงสุด 𝟔𝟎% | 1 - 30 Sep 26","2200 | Pearl | Awareness  |  𝑷𝒆𝒂𝒓𝒍 𝑮𝒓𝒂𝒏𝒅 𝒔𝒂𝒍𝒆 ลดสูงสุด 𝟔𝟎% | 1 - 30 Sep 26 [Other-Province]",35-44,unknown,24,35,,,0,THB,,,0,0.36016066,2026-09-01,2026-09-18
"2200 | DIA | Awareness | 𝐋𝐄𝐕𝐀 𝐂𝐨𝐥𝐥𝐞𝐜𝐭𝐢𝐨𝐧 เพชรแท้ พร้อมใบเซอร์ | 7 - 30 Sep 26","Awareness  -  𝐋𝐄𝐕𝐀 𝐂𝐨𝐥𝐥𝐞𝐜𝐭𝐢𝐨𝐧 เพชรแท้ พร้อมใบเซอร์ | 7 - 30 Sep 26","2200 | DIA | Awareness   𝐋𝐄𝐕𝐀 𝐂𝐨𝐥𝐥𝐞𝐜𝐭𝐢𝐨𝐧 เพชรแท้ พร้อมใบเซอร์ | 7 - 30 Sep 26 [Other-Province]",65+,unknown,39,45,,,0,THB,,,0,0.36002622,2026-09-01,2026-09-18
"2200 | DIA | Message | Wedding Package | 1 - 30 Sep 26","Message - Wedding Package -1 - 30 Sep 26","2200 | DIA | Message | Wedding Package | 1 - 30 Sep 26  [BKK]",65+,male,1,3,,,0,THB,,,0,0.35000851,2026-09-01,2026-09-18
"2200 | DIA | Awareness | 𝟗.𝟗 𝑫𝒐𝒖𝒃𝒍𝒆 𝑫𝒂𝒚 𝑺𝒂𝒍𝒆 | 7 - 9 Sep 26","Awareness  - 𝟗.𝟗 𝑫𝒐𝒖𝒃𝒍𝒆 𝑫𝒂𝒚 𝑺𝒂𝒍𝒆 | 7 - 9 Sep 26","2200 | DIA | Awareness  | 𝟗.𝟗 𝑫𝒐𝒖𝒃𝒍𝒆 𝑫𝒂𝒚 𝑺𝒂𝒍𝒆 | 7 - 9 Sep 26 [Other-Province]",45-54,unknown,35,36,,,0,THB,,,0,0.34999063,2026-09-01,2026-09-18
"2200 | DIA | Message  |  𝟗.𝟗 𝑫𝒐𝒖𝒃𝒍𝒆 𝑫𝒂𝒚 𝑺𝒂𝒍𝒆 | 7 - 9 Sep 26","Message -  𝟗.𝟗 𝑫𝒐𝒖𝒃𝒍𝒆 𝑫𝒂𝒚 𝑺𝒂𝒍𝒆 | 7 - 9 Sep 26","2200 | DIA | Message | 𝟗.𝟗 𝑫𝒐𝒖𝒃𝒍𝒆 𝑫𝒂𝒚 𝑺𝒂𝒍𝒆 | 7 - 9 Sep 26 [Other-Province]",25-34,unknown,4,7,,,0,THB,,,0,0.34,2026-09-01,2026-09-18
"2200 | Pearl | Message  |  𝑷𝒆𝒂𝒓𝒍 𝑮𝒓𝒂𝒏𝒅 𝒔𝒂𝒍𝒆 ลดสูงสุด 𝟔𝟎% | 1 - 30 Sep 26","Message - Pearl -  𝑷𝒆𝒂𝒓𝒍 𝑮𝒓𝒂𝒏𝒅 𝒔𝒂𝒍𝒆 ลดสูงสุด 𝟔𝟎% | 1 - 30 Sep 26","2200 | Pearl | Message |  𝑷𝒆𝒂𝒓𝒍 𝑮𝒓𝒂𝒏𝒅 𝒔𝒂𝒍𝒆 ลดสูงสุด 𝟔𝟎% | 1 - 30 Sep 26 [Other-Province]",18-24,male,5,8,,,0,THB,,,0,0.33010325,2026-09-01,2026-09-18
"2200 | DIA | Message  |  𝐎𝐧𝐞 𝐏𝐫𝐢𝐜𝐞 เพชรแท้ ราคาเดียว 𝟏𝟓,𝟗𝟎𝟎.- | 1 - 30 Sep 26","Message -  𝐎𝐧𝐞 𝐏𝐫𝐢𝐜𝐞 เพชรแท้ ราคาเดียว 𝟏𝟓,𝟗𝟎𝟎.- | 1 - 30 Sep 26","2200 | DIA | Message |𝐎𝐧𝐞 𝐏𝐫𝐢𝐜𝐞 เพชรแท้ ราคาเดียว 𝟏𝟓,𝟗𝟎𝟎.- | 1 - 30 Sep 26  [BKK]",55-64,unknown,3,10,,,0,THB,,,0,0.32957248,2026-09-01,2026-09-18
"2200 | DIA | Message  |  𝐋𝐄𝐕𝐀 𝐂𝐨𝐥𝐥𝐞𝐜𝐭𝐢𝐨𝐧 เพชรแท้ พร้อมใบเซอร์ | 7 - 30 Sep 26","Message -  𝐋𝐄𝐕𝐀 𝐂𝐨𝐥𝐥𝐞𝐜𝐭𝐢𝐨𝐧 เพชรแท้ พร้อมใบเซอร์ | 7 - 30 Sep 26","2200 | DIA | Message | 𝐋𝐄𝐕𝐀 𝐂𝐨𝐥𝐥𝐞𝐜𝐭𝐢𝐨𝐧 เพชรแท้ พร้อมใบเซอร์ | 7 - 30 Sep 26  [BKK]",35-44,unknown,4,11,1,,1,THB,0.32025118,,9.09090909,0.32025118,2026-09-01,2026-09-18
"2200 | DIA | Message  |  𝐎𝐧𝐞 𝐏𝐫𝐢𝐜𝐞 เพชรแท้ ราคาเดียว 𝟏𝟓,𝟗𝟎𝟎.- | 1 - 30 Sep 26","Message -  𝐎𝐧𝐞 𝐏𝐫𝐢𝐜𝐞 เพชรแท้ ราคาเดียว 𝟏𝟓,𝟗𝟎𝟎.- | 1 - 30 Sep 26","2200 | DIA | Message | 𝐎𝐧𝐞 𝐏𝐫𝐢𝐜𝐞 เพชรแท้ ราคาเดียว 𝟏𝟓,𝟗𝟎𝟎.- | 1 - 30 Sep 26 [Other-Province]",45-54,unknown,4,7,,,0,THB,,,0,0.32000742,2026-09-01,2026-09-18
"2200 | Pearl | Page Follower |  𝑷𝒆𝒂𝒓𝒍 𝑮𝒓𝒂𝒏𝒅 𝒔𝒂𝒍𝒆 ลดสูงสุด 𝟔𝟎% | 1 - 30 Sep 26","Page Follower |  𝑷𝒆𝒂𝒓𝒍 𝑮𝒓𝒂𝒏𝒅 𝒔𝒂𝒍𝒆 ลดสูงสุด 𝟔𝟎% | 1 - 30 Sep 26","2200 | Pearl | Page Follower |  𝑷𝒆𝒂𝒓𝒍 𝑮𝒓𝒂𝒏𝒅 𝒔𝒂𝒍𝒆 ลดสูงสุด 𝟔𝟎% | 1 - 30 Sep 26 [Other-Province]",18-24,unknown,5,5,,,0,THB,,,0,0.31007328,2026-09-01,2026-09-18
"2200 | DIA | Awareness | 𝑷𝒆𝒂𝒓𝒍 𝑮𝒓𝒂𝒏𝒅 𝒔𝒂𝒍𝒆 ลดสูงสุด 𝟔𝟎% | 1 - 30 Sep 26","Awareness  - 𝑷𝒆𝒂𝒓𝒍 𝑮𝒓𝒂𝒏𝒅 𝒔𝒂𝒍𝒆 ลดสูงสุด 𝟔𝟎% | 1 - 30 Sep 26","2200 | DIA | Awareness  | 𝑷𝒆𝒂𝒓𝒍 𝑮𝒓𝒂𝒏𝒅 𝒔𝒂𝒍𝒆 ลดสูงสุด 𝟔𝟎% | 1 - 30 Sep 26 [Other-Province]",65+,unknown,18,35,,,0,THB,,,0,0.31005995,2026-09-01,2026-09-18
"2200 | DIA | Message  | 𝑷𝒆𝒂𝒓𝒍 𝑮𝒓𝒂𝒏𝒅 𝒔𝒂𝒍𝒆 ลดสูงสุด 𝟔𝟎% | 1 - 30 Sep 26","Message - 𝑷𝒆𝒂𝒓𝒍 𝑮𝒓𝒂𝒏𝒅 𝒔𝒂𝒍𝒆 ลดสูงสุด 𝟔𝟎% | 1 - 30 Sep 26","2200 | DIA | Message | 𝑷𝒆𝒂𝒓𝒍 𝑮𝒓𝒂𝒏𝒅 𝒔𝒂𝒍𝒆 ลดสูงสุด 𝟔𝟎% | 1 - 30 Sep 26 [Other-Province]",25-34,unknown,4,4,,,0,THB,,,0,0.31003715,2026-09-01,2026-09-18
"2200 | DIA | Awareness | 𝐋𝐄𝐕𝐀 𝐂𝐨𝐥𝐥𝐞𝐜𝐭𝐢𝐨𝐧 เพชรแท้ พร้อมใบเซอร์ | 7 - 30 Sep 26","Awareness  -  𝐋𝐄𝐕𝐀 𝐂𝐨𝐥𝐥𝐞𝐜𝐭𝐢𝐨𝐧 เพชรแท้ พร้อมใบเซอร์ | 7 - 30 Sep 26","2200 | DIA | Awareness   𝐋𝐄𝐕𝐀 𝐂𝐨𝐥𝐥𝐞𝐜𝐭𝐢𝐨𝐧 เพชรแท้ พร้อมใบเซอร์ | 7 - 30 Sep 26 [Other-Province]",45-54,unknown,41,42,,,0,THB,,,0,0.31002258,2026-09-01,2026-09-18
"2200 | DIA | Awareness | Wedding Package | 1 - 30 Sep 26","Awareness  - Wedding Package -1 - 30 Sep 26","2200 | DIA | Awareness  | Wedding Package | 1 - 30 Sep 26 [Other-Province]",45-54,unknown,32,37,,,0,THB,,,0,0.31001383,2026-09-01,2026-09-18
"2200 | Pearl | Awareness |  𝑷𝒆𝒂𝒓𝒍 𝑮𝒓𝒂𝒏𝒅 𝒔𝒂𝒍𝒆 ลดสูงสุด 𝟔𝟎% | 1 - 30 Sep 26","Awareness  - Pearl -  𝑷𝒆𝒂𝒓𝒍 𝑮𝒓𝒂𝒏𝒅 𝒔𝒂𝒍𝒆 ลดสูงสุด 𝟔𝟎% | 1 - 30 Sep 26","2200 | Pearl |  Awareness |  𝑷𝒆𝒂𝒓𝒍 𝑮𝒓𝒂𝒏𝒅 𝒔𝒂𝒍𝒆 ลดสูงสุด 𝟔𝟎% | 1 - 30 Sep 26  [BKK]",25-34,unknown,33,39,,,0,THB,,,0,0.30009225,2026-09-01,2026-09-18
"2200 | DIA | Awareness | 𝐋𝐄𝐕𝐀 𝐂𝐨𝐥𝐥𝐞𝐜𝐭𝐢𝐨𝐧 เพชรแท้ พร้อมใบเซอร์ | 7 - 30 Sep 26","Awareness  -  𝐋𝐄𝐕𝐀 𝐂𝐨𝐥𝐥𝐞𝐜𝐭𝐢𝐨𝐧 เพชรแท้ พร้อมใบเซอร์ | 7 - 30 Sep 26","2200 | DIA | Awareness   𝐋𝐄𝐕𝐀 𝐂𝐨𝐥𝐥𝐞𝐜𝐭𝐢𝐨𝐧 เพชรแท้ พร้อมใบเซอร์ | 7 - 30 Sep 26 [Other-Province]",55-64,unknown,37,44,,,0,THB,,,0,0.29002112,2026-09-01,2026-09-18
"2200 | DIA | Message  |  𝐋𝐄𝐕𝐀 𝐂𝐨𝐥𝐥𝐞𝐜𝐭𝐢𝐨𝐧 เพชรแท้ พร้อมใบเซอร์ | 7 - 30 Sep 26","Message - 𝐋𝐄𝐕𝐀 𝐂𝐨𝐥𝐥𝐞𝐜𝐭𝐢𝐨𝐧 เพชรแท้ พร้อมใบเซอร์ | 7 - 30 Sep 26","2200 | DIA | Message | 𝐋𝐄𝐕𝐀 𝐂𝐨𝐥𝐥𝐞𝐜𝐭𝐢𝐨𝐧 เพชรแท้ พร้อมใบเซอร์ | 7 - 30 Sep 26 [Other-Province]",45-54,unknown,4,5,1,,1,THB,0.28016737,,20,0.28016737,2026-09-01,2026-09-18
"2200 | Pearl | Message  |  𝑷𝒆𝒂𝒓𝒍 𝑮𝒓𝒂𝒏𝒅 𝒔𝒂𝒍𝒆 ลดสูงสุด 𝟔𝟎% | 1 - 30 Sep 26","Message - Pearl -  𝑷𝒆𝒂𝒓𝒍 𝑮𝒓𝒂𝒏𝒅 𝒔𝒂𝒍𝒆 ลดสูงสุด 𝟔𝟎% | 1 - 30 Sep 26","2200 | Pearl | Message |  𝑷𝒆𝒂𝒓𝒍 𝑮𝒓𝒂𝒏𝒅 𝒔𝒂𝒍𝒆 ลดสูงสุด 𝟔𝟎% | 1 - 30 Sep 26 [Other-Province]",35-44,unknown,3,6,,,0,THB,,,0,0.28008761,2026-09-01,2026-09-18
"2200 | DIA | Message | Wedding Package | 1 - 30 Sep 26","Message - Wedding Package -1 - 30 Sep 26","2200 | DIA | Message | Wedding Package | 1 - 30 Sep 26  [BKK]",25-34,unknown,3,4,,,0,THB,,,0,0.28000681,2026-09-01,2026-09-18
"2200 | DIA | Awareness | 𝐎𝐧𝐞 𝐏𝐫𝐢𝐜𝐞 เพชรแท้ ราคาเดียว 𝟏𝟓,𝟗𝟎𝟎.- | 1 - 30 Sep 26","Awareness   - 𝐎𝐧𝐞 𝐏𝐫𝐢𝐜𝐞 เพชรแท้ ราคาเดียว 𝟏𝟓,𝟗𝟎𝟎.- | 1 - 30 Sep 26","2200 | DIA | Awareness | 𝐎𝐧𝐞 𝐏𝐫𝐢𝐜𝐞 เพชรแท้ ราคาเดียว 𝟏𝟓,𝟗𝟎𝟎.- | 1 - 30 Sep 26 [BKK]",65+,unknown,17,29,,,0,THB,,,0,0.26005597,2026-09-01,2026-09-18
"2200 | DIA | Message  |  𝐋𝐄𝐕𝐀 𝐂𝐨𝐥𝐥𝐞𝐜𝐭𝐢𝐨𝐧 เพชรแท้ พร้อมใบเซอร์ | 7 - 30 Sep 26","Message -  𝐋𝐄𝐕𝐀 𝐂𝐨𝐥𝐥𝐞𝐜𝐭𝐢𝐨𝐧 เพชรแท้ พร้อมใบเซอร์ | 7 - 30 Sep 26","2200 | DIA | Message | 𝐋𝐄𝐕𝐀 𝐂𝐨𝐥𝐥𝐞𝐜𝐭𝐢𝐨𝐧 เพชรแท้ พร้อมใบเซอร์ | 7 - 30 Sep 26  [BKK]",55-64,unknown,1,4,,,0,THB,,,0,0.25019624,2026-09-01,2026-09-18
"2200 | DIA | Awareness | 𝑷𝒆𝒂𝒓𝒍 𝑮𝒓𝒂𝒏𝒅 𝒔𝒂𝒍𝒆 ลดสูงสุด 𝟔𝟎% | 1 - 30 Sep 26","Awareness   - 𝑷𝒆𝒂𝒓𝒍 𝑮𝒓𝒂𝒏𝒅 𝒔𝒂𝒍𝒆 ลดสูงสุด 𝟔𝟎% | 1 - 30 Sep 26","2200 | DIA |  Awareness | 𝑷𝒆𝒂𝒓𝒍 𝑮𝒓𝒂𝒏𝒅 𝒔𝒂𝒍𝒆 ลดสูงสุด 𝟔𝟎% | 1 - 30 Sep 26  [BKK]",25-34,unknown,30,36,,,0,THB,,,0,0.25007084,2026-09-01,2026-09-18
"2200 | Pearl | Message  |  𝑷𝒆𝒂𝒓𝒍 𝑮𝒓𝒂𝒏𝒅 𝒔𝒂𝒍𝒆 ลดสูงสุด 𝟔𝟎% | 1 - 30 Sep 26","Message - Pearl -  𝑷𝒆𝒂𝒓𝒍 𝑮𝒓𝒂𝒏𝒅 𝒔𝒂𝒍𝒆 ลดสูงสุด 𝟔𝟎% | 1 - 30 Sep 26","2200 | Pearl | Message |  𝑷𝒆𝒂𝒓𝒍 𝑮𝒓𝒂𝒏𝒅 𝒔𝒂𝒍𝒆 ลดสูงสุด 𝟔𝟎% | 1 - 30 Sep 26 [BKK]",65+,unknown,1,2,,,0,THB,,,0,0.22011863,2026-09-01,2026-09-18
"2200 | DIA | Awareness | 𝑷𝒆𝒂𝒓𝒍 𝑮𝒓𝒂𝒏𝒅 𝒔𝒂𝒍𝒆 ลดสูงสุด 𝟔𝟎% | 1 - 30 Sep 26","Awareness  - 𝑷𝒆𝒂𝒓𝒍 𝑮𝒓𝒂𝒏𝒅 𝒔𝒂𝒍𝒆 ลดสูงสุด 𝟔𝟎% | 1 - 30 Sep 26","2200 | DIA | Awareness  | 𝑷𝒆𝒂𝒓𝒍 𝑮𝒓𝒂𝒏𝒅 𝒔𝒂𝒍𝒆 ลดสูงสุด 𝟔𝟎% | 1 - 30 Sep 26 [Other-Province]",35-44,unknown,24,29,,,0,THB,,,0,0.22004254,2026-09-01,2026-09-18
"2200 | DIA | Message  |  𝑮𝒓𝒂𝒏𝒅 𝑺𝒂𝒍𝒆 ลดครั้งยิ่งใหญ่ที่สุดในรอบปี สูงสุด 𝟕𝟎% | 1 - 30 Sep 26","Message -  𝑮𝒓𝒂𝒏𝒅 𝑺𝒂𝒍𝒆 ลดครั้งยิ่งใหญ่ที่สุดในรอบปี สูงสุด 𝟕𝟎% | 1 - 30 Sep 26","2200 | DIA | Message |𝑮𝒓𝒂𝒏𝒅 𝑺𝒂𝒍𝒆 ลดครั้งยิ่งใหญ่ที่สุดในรอบปี สูงสุด 𝟕𝟎% | 1 - 30 Sep 26  [BKK]",65+,unknown,3,4,,,0,THB,,,0,0.21003211,2026-09-01,2026-09-18
"2200 | Pearl | Awareness |  𝑷𝒆𝒂𝒓𝒍 𝑮𝒓𝒂𝒏𝒅 𝒔𝒂𝒍𝒆 ลดสูงสุด 𝟔𝟎% | 1 - 30 Sep 26","Awareness - Pearl - 𝑷𝒆𝒂𝒓𝒍 𝑮𝒓𝒂𝒏𝒅 𝒔𝒂𝒍𝒆 ลดสูงสุด 𝟔𝟎% | 1 - 30 Sep 26","2200 | Pearl | Awareness  |  𝑷𝒆𝒂𝒓𝒍 𝑮𝒓𝒂𝒏𝒅 𝒔𝒂𝒍𝒆 ลดสูงสุด 𝟔𝟎% | 1 - 30 Sep 26 [Other-Province]",45-54,unknown,17,22,,,0,THB,,,0,0.20008926,2026-09-01,2026-09-18
"2200 | Pearl | Awareness |  𝑷𝒆𝒂𝒓𝒍 𝑮𝒓𝒂𝒏𝒅 𝒔𝒂𝒍𝒆 ลดสูงสุด 𝟔𝟎% | 1 - 30 Sep 26","Awareness - Pearl - 𝑷𝒆𝒂𝒓𝒍 𝑮𝒓𝒂𝒏𝒅 𝒔𝒂𝒍𝒆 ลดสูงสุด 𝟔𝟎% | 1 - 30 Sep 26","2200 | Pearl | Awareness  |  𝑷𝒆𝒂𝒓𝒍 𝑮𝒓𝒂𝒏𝒅 𝒔𝒂𝒍𝒆 ลดสูงสุด 𝟔𝟎% | 1 - 30 Sep 26 [Other-Province]",55-64,unknown,14,22,,,0,THB,,,0,0.20008926,2026-09-01,2026-09-18
"2200 | DIA | Awareness | Wedding Package | 1 - 30 Sep 26","Awareness  - Wedding Package -1 - 30 Sep 26","2200 | DIA | Awareness  | Wedding Package | 1 - 30 Sep 26 [Other-Province]",65+,unknown,18,22,,,0,THB,,,0,0.19000848,2026-09-01,2026-09-18
"2200 | DIA | Awareness | Wedding Package | 1 - 30 Sep 26","Awareness   - Wedding Package -1 - 30 Sep 26","2200 | DIA | Message | Wedding Package | 1 - 30 Sep 26  [BKK]",35-44,unknown,22,24,,,0,THB,,,0,0.19,2026-09-01,2026-09-18
"2200 | DIA | Awareness | 𝟗.𝟗 𝑫𝒐𝒖𝒃𝒍𝒆 𝑫𝒂𝒚 𝑺𝒂𝒍𝒆 | 7 - 9 Sep 26","Awareness  - 𝟗.𝟗 𝑫𝒐𝒖𝒃𝒍𝒆 𝑫𝒂𝒚 𝑺𝒂𝒍𝒆 | 7 - 9 Sep 26","2200 | DIA | Awareness  | 𝟗.𝟗 𝑫𝒐𝒖𝒃𝒍𝒆 𝑫𝒂𝒚 𝑺𝒂𝒍𝒆 | 7 - 9 Sep 26 [Other-Province]",55-64,unknown,21,22,,,0,THB,,,0,0.18999491,2026-09-01,2026-09-18
"2200 | DIA | Awareness | Wedding Package | 1 - 30 Sep 26","Awareness  - Wedding Package -1 - 30 Sep 26","2200 | DIA | Awareness  | Wedding Package | 1 - 30 Sep 26 [Other-Province]",55-64,unknown,23,24,,,0,THB,,,0,0.17000758,2026-09-01,2026-09-18
"2200 | DIA | Message  |  𝐎𝐧𝐞 𝐏𝐫𝐢𝐜𝐞 เพชรแท้ ราคาเดียว 𝟏𝟓,𝟗𝟎𝟎.- | 1 - 30 Sep 26","Message -  𝐎𝐧𝐞 𝐏𝐫𝐢𝐜𝐞 เพชรแท้ ราคาเดียว 𝟏𝟓,𝟗𝟎𝟎.- | 1 - 30 Sep 26","2200 | DIA | Message | 𝐎𝐧𝐞 𝐏𝐫𝐢𝐜𝐞 เพชรแท้ ราคาเดียว 𝟏𝟓,𝟗𝟎𝟎.- | 1 - 30 Sep 26 [Other-Province]",55-64,unknown,4,6,,,0,THB,,,0,0.17000394,2026-09-01,2026-09-18
"2200 | DIA | Message  |  𝟗.𝟗 𝑫𝒐𝒖𝒃𝒍𝒆 𝑫𝒂𝒚 𝑺𝒂𝒍𝒆 | 7 - 9 Sep 26","Message -  𝟗.𝟗 𝑫𝒐𝒖𝒃𝒍𝒆 𝑫𝒂𝒚 𝑺𝒂𝒍𝒆 | 7 - 9 Sep 26","2200 | DIA | Message | 𝟗.𝟗 𝑫𝒐𝒖𝒃𝒍𝒆 𝑫𝒂𝒚 𝑺𝒂𝒍𝒆 | 7 - 9 Sep 26  [BKK]",55-64,unknown,2,3,,,0,THB,,,0,0.17,2026-09-01,2026-09-18
"2200 | DIA | Awareness | 𝟗.𝟗 𝑫𝒐𝒖𝒃𝒍𝒆 𝑫𝒂𝒚 𝑺𝒂𝒍𝒆 | 7 - 9 Sep 26","Awareness   - 𝟗.𝟗 𝑫𝒐𝒖𝒃𝒍𝒆 𝑫𝒂𝒚 𝑺𝒂𝒍𝒆 | 7 - 9 Sep 26","2200 | DIA | Awareness | 𝟗.𝟗 𝑫𝒐𝒖𝒃𝒍𝒆 𝑫𝒂𝒚 𝑺𝒂𝒍𝒆 | 7 - 9 Sep 26 [BKK]",35-44,unknown,20,20,,,0,THB,,,0,0.16,2026-09-01,2026-09-18
"2200 | DIA | Awareness | 𝑮𝒓𝒂𝒏𝒅 𝑺𝒂𝒍𝒆 ลดครั้งยิ่งใหญ่ที่สุดในรอบปี สูงสุด 𝟕𝟎% | 1 - 30 Sep 26","Awareness   - 𝑮𝒓𝒂𝒏𝒅 𝑺𝒂𝒍𝒆 ลดครั้งยิ่งใหญ่ที่สุดในรอบปี สูงสุด 𝟕𝟎% | 1 - 30 Sep 26","2200 | DIA | Awareness | 𝑮𝒓𝒂𝒏𝒅 𝑺𝒂𝒍𝒆 ลดครั้งยิ่งใหญ่ที่สุดในรอบปี สูงสุด 𝟕𝟎% | 1 - 30 Sep 26 [BKK]",65+,unknown,18,20,,,0,THB,,,0,0.16,2026-09-01,2026-09-18
"2200 | DIA | Awareness | 𝑮𝒓𝒂𝒏𝒅 𝑺𝒂𝒍𝒆 เครื่องประดับเพชรแท้ ลดแรงสูงสุดในรอบปี | 𝐀𝐮𝐫𝐨𝐫𝐚 𝐃𝐢𝐚𝐦𝐨𝐧𝐝 | 1 - 14 Sep 26","Awareness   - 𝑮𝒓𝒂𝒏𝒅 𝑺𝒂𝒍𝒆 เครื่องประดับเพชรแท้ ลดแรงสูงสุดในรอบปี | 𝐀𝐮𝐫𝐨𝐫𝐚 𝐃𝐢𝐚𝐦𝐨𝐧𝐝 | 1 - 14 Sep 26","2200 | DIA | Awareness | 𝑮𝒓𝒂𝒏𝒅 𝑺𝒂𝒍𝒆 เครื่องประดับเพชรแท้ ลดแรงสูงสุดในรอบปี | 𝐀𝐮𝐫𝐨𝐫𝐚 𝐃𝐢𝐚𝐦𝐨𝐧𝐝 | 1 - 14 Sep 26 [BKK]",45-54,unknown,20,22,,,0,THB,,,0,0.13998666,2026-09-01,2026-09-18
"2200 | Pearl | Awareness |  𝑷𝒆𝒂𝒓𝒍 𝑮𝒓𝒂𝒏𝒅 𝒔𝒂𝒍𝒆 ลดสูงสุด 𝟔𝟎% | 1 - 30 Sep 26","Awareness  - Pearl -  𝑷𝒆𝒂𝒓𝒍 𝑮𝒓𝒂𝒏𝒅 𝒔𝒂𝒍𝒆 ลดสูงสุด 𝟔𝟎% | 1 - 30 Sep 26","2200 | Pearl |  Awareness |  𝑷𝒆𝒂𝒓𝒍 𝑮𝒓𝒂𝒏𝒅 𝒔𝒂𝒍𝒆 ลดสูงสุด 𝟔𝟎% | 1 - 30 Sep 26  [BKK]",35-44,unknown,11,15,,,0,THB,,,0,0.13003997,2026-09-01,2026-09-18
"2200 | DIA | Message  | 𝑷𝒆𝒂𝒓𝒍 𝑮𝒓𝒂𝒏𝒅 𝒔𝒂𝒍𝒆 ลดสูงสุด 𝟔𝟎% | 1 - 30 Sep 26","Message -𝑷𝒆𝒂𝒓𝒍 𝑮𝒓𝒂𝒏𝒅 𝒔𝒂𝒍𝒆 ลดสูงสุด 𝟔𝟎% | 1 - 30 Sep 26","2200 | DIA | Message | 𝑷𝒆𝒂𝒓𝒍 𝑮𝒓𝒂𝒏𝒅 𝒔𝒂𝒍𝒆 ลดสูงสุด 𝟔𝟎% | 1 - 30 Sep 26  [BKK]",65+,unknown,1,2,,,0,THB,,,0,0.1201284,2026-09-01,2026-09-18
"2200 | DIA | Awareness | 𝑷𝒆𝒂𝒓𝒍 𝑮𝒓𝒂𝒏𝒅 𝒔𝒂𝒍𝒆 ลดสูงสุด 𝟔𝟎% | 1 - 30 Sep 26","Awareness  - 𝑷𝒆𝒂𝒓𝒍 𝑮𝒓𝒂𝒏𝒅 𝒔𝒂𝒍𝒆 ลดสูงสุด 𝟔𝟎% | 1 - 30 Sep 26","2200 | DIA | Awareness  | 𝑷𝒆𝒂𝒓𝒍 𝑮𝒓𝒂𝒏𝒅 𝒔𝒂𝒍𝒆 ลดสูงสุด 𝟔𝟎% | 1 - 30 Sep 26 [Other-Province]",45-54,unknown,12,14,,,0,THB,,,0,0.1200232,2026-09-01,2026-09-18
"2200 | DIA | Message  |  𝟗.𝟗 𝑫𝒐𝒖𝒃𝒍𝒆 𝑫𝒂𝒚 𝑺𝒂𝒍𝒆 | 7 - 9 Sep 26","Message -  𝟗.𝟗 𝑫𝒐𝒖𝒃𝒍𝒆 𝑫𝒂𝒚 𝑺𝒂𝒍𝒆 | 7 - 9 Sep 26","2200 | DIA | Message | 𝟗.𝟗 𝑫𝒐𝒖𝒃𝒍𝒆 𝑫𝒂𝒚 𝑺𝒂𝒍𝒆 | 7 - 9 Sep 26 [Other-Province]",55-64,unknown,1,1,,,0,THB,,,0,0.12,2026-09-01,2026-09-18
"2200 | DIA | Awareness | 𝑷𝒆𝒂𝒓𝒍 𝑮𝒓𝒂𝒏𝒅 𝒔𝒂𝒍𝒆 ลดสูงสุด 𝟔𝟎% | 1 - 30 Sep 26","Awareness   - 𝑷𝒆𝒂𝒓𝒍 𝑮𝒓𝒂𝒏𝒅 𝒔𝒂𝒍𝒆 ลดสูงสุด 𝟔𝟎% | 1 - 30 Sep 26","2200 | DIA |  Awareness | 𝑷𝒆𝒂𝒓𝒍 𝑮𝒓𝒂𝒏𝒅 𝒔𝒂𝒍𝒆 ลดสูงสุด 𝟔𝟎% | 1 - 30 Sep 26  [BKK]",35-44,unknown,12,15,,,0,THB,,,0,0.11003117,2026-09-01,2026-09-18
"2200 | DIA | Awareness | 𝐎𝐧𝐞 𝐏𝐫𝐢𝐜𝐞 เพชรแท้ ราคาเดียว 𝟏𝟓,𝟗𝟎𝟎.- | 1 - 30 Sep 26","Awareness   - 𝐎𝐧𝐞 𝐏𝐫𝐢𝐜𝐞 เพชรแท้ ราคาเดียว 𝟏𝟓,𝟗𝟎𝟎.- | 1 - 30 Sep 26","2200 | DIA | Awareness | 𝐎𝐧𝐞 𝐏𝐫𝐢𝐜𝐞 เพชรแท้ ราคาเดียว 𝟏𝟓,𝟗𝟎𝟎.- | 1 - 30 Sep 26 [BKK]",35-44,unknown,15,18,,,0,THB,,,0,0.11002368,2026-09-01,2026-09-18
"2200 | DIA | Awareness | Wedding Package | 1 - 30 Sep 26","Awareness   - Wedding Package -1 - 30 Sep 26","2200 | DIA | Message | Wedding Package | 1 - 30 Sep 26  [BKK]",45-54,unknown,13,13,,,0,THB,,,0,0.11,2026-09-01,2026-09-18
"2200 | DIA | Message  | 𝑷𝒆𝒂𝒓𝒍 𝑮𝒓𝒂𝒏𝒅 𝒔𝒂𝒍𝒆 ลดสูงสุด 𝟔𝟎% | 1 - 30 Sep 26","Message -𝑷𝒆𝒂𝒓𝒍 𝑮𝒓𝒂𝒏𝒅 𝒔𝒂𝒍𝒆 ลดสูงสุด 𝟔𝟎% | 1 - 30 Sep 26","2200 | DIA | Message | 𝑷𝒆𝒂𝒓𝒍 𝑮𝒓𝒂𝒏𝒅 𝒔𝒂𝒍𝒆 ลดสูงสุด 𝟔𝟎% | 1 - 30 Sep 26  [BKK]",55-64,unknown,2,3,,,0,THB,,,0,0.100107,2026-09-01,2026-09-18
"2200 | DIA | Message  |  𝐋𝐄𝐕𝐀 𝐂𝐨𝐥𝐥𝐞𝐜𝐭𝐢𝐨𝐧 เพชรแท้ พร้อมใบเซอร์ | 7 - 30 Sep 26","Message - 𝐋𝐄𝐕𝐀 𝐂𝐨𝐥𝐥𝐞𝐜𝐭𝐢𝐨𝐧 เพชรแท้ พร้อมใบเซอร์ | 7 - 30 Sep 26","2200 | DIA | Message | 𝐋𝐄𝐕𝐀 𝐂𝐨𝐥𝐥𝐞𝐜𝐭𝐢𝐨𝐧 เพชรแท้ พร้อมใบเซอร์ | 7 - 30 Sep 26 [Other-Province]",55-64,unknown,2,2,,,0,THB,,,0,0.10005978,2026-09-01,2026-09-18
"2200 | Pearl | Message  |  𝑷𝒆𝒂𝒓𝒍 𝑮𝒓𝒂𝒏𝒅 𝒔𝒂𝒍𝒆 ลดสูงสุด 𝟔𝟎% | 1 - 30 Sep 26","Message - Pearl -  𝑷𝒆𝒂𝒓𝒍 𝑮𝒓𝒂𝒏𝒅 𝒔𝒂𝒍𝒆 ลดสูงสุด 𝟔𝟎% | 1 - 30 Sep 26","2200 | Pearl | Message |  𝑷𝒆𝒂𝒓𝒍 𝑮𝒓𝒂𝒏𝒅 𝒔𝒂𝒍𝒆 ลดสูงสุด 𝟔𝟎% | 1 - 30 Sep 26 [Other-Province]",45-54,unknown,2,4,,,0,THB,,,0,0.10003129,2026-09-01,2026-09-18
"2200 | DIA | Awareness | 𝑮𝒓𝒂𝒏𝒅 𝑺𝒂𝒍𝒆 ลดครั้งยิ่งใหญ่ที่สุดในรอบปี สูงสุด 𝟕𝟎% | 1 - 30 Sep 26","Awareness   - 𝑮𝒓𝒂𝒏𝒅 𝑺𝒂𝒍𝒆 ลดครั้งยิ่งใหญ่ที่สุดในรอบปี สูงสุด 𝟕𝟎% | 1 - 30 Sep 26","2200 | DIA | Awareness | 𝑮𝒓𝒂𝒏𝒅 𝑺𝒂𝒍𝒆 ลดครั้งยิ่งใหญ่ที่สุดในรอบปี สูงสุด 𝟕𝟎% | 1 - 30 Sep 26 [BKK]",45-54,unknown,10,13,,,0,THB,,,0,0.1,2026-09-01,2026-09-18
"2200 | DIA | Message  |  𝐋𝐄𝐕𝐀 𝐂𝐨𝐥𝐥𝐞𝐜𝐭𝐢𝐨𝐧 เพชรแท้ พร้อมใบเซอร์ | 7 - 30 Sep 26","Message -  𝐋𝐄𝐕𝐀 𝐂𝐨𝐥𝐥𝐞𝐜𝐭𝐢𝐨𝐧 เพชรแท้ พร้อมใบเซอร์ | 7 - 30 Sep 26","2200 | DIA | Message | 𝐋𝐄𝐕𝐀 𝐂𝐨𝐥𝐥𝐞𝐜𝐭𝐢𝐨𝐧 เพชรแท้ พร้อมใบเซอร์ | 7 - 30 Sep 26  [BKK]",25-34,unknown,2,2,,,0,THB,,,0,0.09007064,2026-09-01,2026-09-18
"2200 | Pearl | Message  |  𝑷𝒆𝒂𝒓𝒍 𝑮𝒓𝒂𝒏𝒅 𝒔𝒂𝒍𝒆 ลดสูงสุด 𝟔𝟎% | 1 - 30 Sep 26","Message - Pearl -  𝑷𝒆𝒂𝒓𝒍 𝑮𝒓𝒂𝒏𝒅 𝒔𝒂𝒍𝒆 ลดสูงสุด 𝟔𝟎% | 1 - 30 Sep 26","2200 | Pearl | Message |  𝑷𝒆𝒂𝒓𝒍 𝑮𝒓𝒂𝒏𝒅 𝒔𝒂𝒍𝒆 ลดสูงสุด 𝟔𝟎% | 1 - 30 Sep 26 [BKK]",18-24,unknown,2,5,1,,1,THB,0.09004853,,20,0.09004853,2026-09-01,2026-09-18
"2200 | DIA | Message  |  𝑮𝒓𝒂𝒏𝒅 𝑺𝒂𝒍𝒆 ลดครั้งยิ่งใหญ่ที่สุดในรอบปี สูงสุด 𝟕𝟎% | 1 - 30 Sep 26","Message -  𝑮𝒓𝒂𝒏𝒅 𝑺𝒂𝒍𝒆 ลดครั้งยิ่งใหญ่ที่สุดในรอบปี สูงสุด 𝟕𝟎% | 1 - 30 Sep 26","2200 | DIA | Message | 𝑮𝒓𝒂𝒏𝒅 𝑺𝒂𝒍𝒆 ลดครั้งยิ่งใหญ่ที่สุดในรอบปี สูงสุด 𝟕𝟎% | 1 - 30 Sep 26 [Other-Province]",55-64,unknown,3,3,,,0,THB,,,0,0.09004716,2026-09-01,2026-09-18
"2200 | DIA | Awareness | 𝐋𝐄𝐕𝐀 𝐂𝐨𝐥𝐥𝐞𝐜𝐭𝐢𝐨𝐧 เพชรแท้ พร้อมใบเซอร์ | 7 - 30 Sep 26","Awareness   -  𝐋𝐄𝐕𝐀 𝐂𝐨𝐥𝐥𝐞𝐜𝐭𝐢𝐨𝐧 เพชรแท้ พร้อมใบเซอร์ | 7 - 30 Sep 26","2200 | DIA | Awareness |  𝐋𝐄𝐕𝐀 𝐂𝐨𝐥𝐥𝐞𝐜𝐭𝐢𝐨𝐧 เพชรแท้ พร้อมใบเซอร์ | 7 - 30 Sep 26 [BKK]",25-34,unknown,12,12,,,0,THB,,,0,0.09001343,2026-09-01,2026-09-18
"2200 | DIA | Awareness | 𝑮𝒓𝒂𝒏𝒅 𝑺𝒂𝒍𝒆 ลดครั้งยิ่งใหญ่ที่สุดในรอบปี สูงสุด 𝟕𝟎% | 1 - 30 Sep 26","Awareness   - 𝑮𝒓𝒂𝒏𝒅 𝑺𝒂𝒍𝒆 ลดครั้งยิ่งใหญ่ที่สุดในรอบปี สูงสุด 𝟕𝟎% | 1 - 30 Sep 26","2200 | DIA | Awareness | 𝑮𝒓𝒂𝒏𝒅 𝑺𝒂𝒍𝒆 ลดครั้งยิ่งใหญ่ที่สุดในรอบปี สูงสุด 𝟕𝟎% | 1 - 30 Sep 26 [BKK]",55-64,unknown,12,13,,,0,THB,,,0,0.09,2026-09-01,2026-09-18
"2200 | DIA | Awareness | 𝐎𝐧𝐞 𝐏𝐫𝐢𝐜𝐞 เพชรแท้ ราคาเดียว 𝟏𝟓,𝟗𝟎𝟎.- | 1 - 30 Sep 26","Awareness   - 𝐎𝐧𝐞 𝐏𝐫𝐢𝐜𝐞 เพชรแท้ ราคาเดียว 𝟏𝟓,𝟗𝟎𝟎.- | 1 - 30 Sep 26","2200 | DIA | Awareness | 𝐎𝐧𝐞 𝐏𝐫𝐢𝐜𝐞 เพชรแท้ ราคาเดียว 𝟏𝟓,𝟗𝟎𝟎.- | 1 - 30 Sep 26 [BKK]",45-54,unknown,10,10,,,0,THB,,,0,0.08001722,2026-09-01,2026-09-18
"2200 | DIA | Awareness | 𝐋𝐄𝐕𝐀 𝐂𝐨𝐥𝐥𝐞𝐜𝐭𝐢𝐨𝐧 เพชรแท้ พร้อมใบเซอร์ | 7 - 30 Sep 26","Awareness   -  𝐋𝐄𝐕𝐀 𝐂𝐨𝐥𝐥𝐞𝐜𝐭𝐢𝐨𝐧 เพชรแท้ พร้อมใบเซอร์ | 7 - 30 Sep 26","2200 | DIA | Awareness |  𝐋𝐄𝐕𝐀 𝐂𝐨𝐥𝐥𝐞𝐜𝐭𝐢𝐨𝐧 เพชรแท้ พร้อมใบเซอร์ | 7 - 30 Sep 26 [BKK]",35-44,unknown,10,10,,,0,THB,,,0,0.08001194,2026-09-01,2026-09-18
"2200 | DIA | Message  |  𝑮𝒓𝒂𝒏𝒅 𝑺𝒂𝒍𝒆 เครื่องประดับเพชรแท้ ลดแรงสูงสุดในรอบปี | 𝐀𝐮𝐫𝐨𝐫𝐚 𝐃𝐢𝐚𝐦𝐨𝐧𝐝 | 1 - 14 Sep 26","Message -  𝑮𝒓𝒂𝒏𝒅 𝑺𝒂𝒍𝒆 เครื่องประดับเพชรแท้ ลดแรงสูงสุดในรอบปี | 𝐀𝐮𝐫𝐨𝐫𝐚 𝐃𝐢𝐚𝐦𝐨𝐧𝐝 | 1 - 14 Sep 26","2200 | DIA | Message |  𝑮𝒓𝒂𝒏𝒅 𝑺𝒂𝒍𝒆 เครื่องประดับเพชรแท้ ลดแรงสูงสุดในรอบปี | 𝐀𝐮𝐫𝐨𝐫𝐚 𝐃𝐢𝐚𝐦𝐨𝐧𝐝 | 1 - 14 Sep 26 [Other-Province]",65+,unknown,1,3,,,0,THB,,,0,0.07999856,2026-09-01,2026-09-18
"2200 | DIA | Awareness | 𝑮𝒓𝒂𝒏𝒅 𝑺𝒂𝒍𝒆 เครื่องประดับเพชรแท้ ลดแรงสูงสุดในรอบปี | 𝐀𝐮𝐫𝐨𝐫𝐚 𝐃𝐢𝐚𝐦𝐨𝐧𝐝 | 1 - 14 Sep 26","Awareness   - 𝑮𝒓𝒂𝒏𝒅 𝑺𝒂𝒍𝒆 เครื่องประดับเพชรแท้ ลดแรงสูงสุดในรอบปี | 𝐀𝐮𝐫𝐨𝐫𝐚 𝐃𝐢𝐚𝐦𝐨𝐧𝐝 | 1 - 14 Sep 26","2200 | DIA | Awareness | 𝑮𝒓𝒂𝒏𝒅 𝑺𝒂𝒍𝒆 เครื่องประดับเพชรแท้ ลดแรงสูงสุดในรอบปี | 𝐀𝐮𝐫𝐨𝐫𝐚 𝐃𝐢𝐚𝐦𝐨𝐧𝐝 | 1 - 14 Sep 26 [BKK]",55-64,unknown,10,11,,,0,THB,,,0,0.07999238,2026-09-01,2026-09-18
"2200 | DIA | Awareness | 𝑷𝒆𝒂𝒓𝒍 𝑮𝒓𝒂𝒏𝒅 𝒔𝒂𝒍𝒆 ลดสูงสุด 𝟔𝟎% | 1 - 30 Sep 26","Awareness   - 𝑷𝒆𝒂𝒓𝒍 𝑮𝒓𝒂𝒏𝒅 𝒔𝒂𝒍𝒆 ลดสูงสุด 𝟔𝟎% | 1 - 30 Sep 26","2200 | DIA |  Awareness | 𝑷𝒆𝒂𝒓𝒍 𝑮𝒓𝒂𝒏𝒅 𝒔𝒂𝒍𝒆 ลดสูงสุด 𝟔𝟎% | 1 - 30 Sep 26  [BKK]",45-54,unknown,6,7,,,0,THB,,,0,0.07001984,2026-09-01,2026-09-18
"2200 | DIA | Message  | 𝑷𝒆𝒂𝒓𝒍 𝑮𝒓𝒂𝒏𝒅 𝒔𝒂𝒍𝒆 ลดสูงสุด 𝟔𝟎% | 1 - 30 Sep 26","Message - 𝑷𝒆𝒂𝒓𝒍 𝑮𝒓𝒂𝒏𝒅 𝒔𝒂𝒍𝒆 ลดสูงสุด 𝟔𝟎% | 1 - 30 Sep 26","2200 | DIA | Message | 𝑷𝒆𝒂𝒓𝒍 𝑮𝒓𝒂𝒏𝒅 𝒔𝒂𝒍𝒆 ลดสูงสุด 𝟔𝟎% | 1 - 30 Sep 26 [Other-Province]",35-44,unknown,1,1,,,0,THB,,,0,0.07000839,2026-09-01,2026-09-18
"2200 | DIA | Awareness | Wedding Package | 1 - 30 Sep 26","Awareness   - Wedding Package -1 - 30 Sep 26","2200 | DIA | Message | Wedding Package | 1 - 30 Sep 26  [BKK]",55-64,unknown,8,9,,,0,THB,,,0,0.07,2026-09-01,2026-09-18
"2200 | DIA | Awareness | 𝑷𝒆𝒂𝒓𝒍 𝑮𝒓𝒂𝒏𝒅 𝒔𝒂𝒍𝒆 ลดสูงสุด 𝟔𝟎% | 1 - 30 Sep 26","Awareness   - 𝑷𝒆𝒂𝒓𝒍 𝑮𝒓𝒂𝒏𝒅 𝒔𝒂𝒍𝒆 ลดสูงสุด 𝟔𝟎% | 1 - 30 Sep 26","2200 | DIA |  Awareness | 𝑷𝒆𝒂𝒓𝒍 𝑮𝒓𝒂𝒏𝒅 𝒔𝒂𝒍𝒆 ลดสูงสุด 𝟔𝟎% | 1 - 30 Sep 26  [BKK]",55-64,unknown,6,7,,,0,THB,,,0,0.05001417,2026-09-01,2026-09-18
"2200 | DIA | Awareness | 𝟗.𝟗 𝑫𝒐𝒖𝒃𝒍𝒆 𝑫𝒂𝒚 𝑺𝒂𝒍𝒆 | 7 - 9 Sep 26","Awareness   - 𝟗.𝟗 𝑫𝒐𝒖𝒃𝒍𝒆 𝑫𝒂𝒚 𝑺𝒂𝒍𝒆 | 7 - 9 Sep 26","2200 | DIA | Awareness | 𝟗.𝟗 𝑫𝒐𝒖𝒃𝒍𝒆 𝑫𝒂𝒚 𝑺𝒂𝒍𝒆 | 7 - 9 Sep 26 [BKK]",65+,unknown,5,5,,,0,THB,,,0,0.05,2026-09-01,2026-09-18
"2200 | Pearl | Page Follower |  𝑷𝒆𝒂𝒓𝒍 𝑮𝒓𝒂𝒏𝒅 𝒔𝒂𝒍𝒆 ลดสูงสุด 𝟔𝟎% | 1 - 30 Sep 26","Page Follower |  𝑷𝒆𝒂𝒓𝒍 𝑮𝒓𝒂𝒏𝒅 𝒔𝒂𝒍𝒆 ลดสูงสุด 𝟔𝟎% | 1 - 30 Sep 26","2200 | Pearl | Page Follower |  𝑷𝒆𝒂𝒓𝒍 𝑮𝒓𝒂𝒏𝒅 𝒔𝒂𝒍𝒆 ลดสูงสุด 𝟔𝟎% | 1 - 30 Sep 26 [BKK]",55-64,unknown,2,2,,,0,THB,,,0,0.04999735,2026-09-01,2026-09-18
"2200 | DIA | Awareness | 𝑮𝒓𝒂𝒏𝒅 𝑺𝒂𝒍𝒆 เครื่องประดับเพชรแท้ ลดแรงสูงสุดในรอบปี | 𝐀𝐮𝐫𝐨𝐫𝐚 𝐃𝐢𝐚𝐦𝐨𝐧𝐝 | 1 - 14 Sep 26","Awareness   - 𝑮𝒓𝒂𝒏𝒅 𝑺𝒂𝒍𝒆 เครื่องประดับเพชรแท้ ลดแรงสูงสุดในรอบปี | 𝐀𝐮𝐫𝐨𝐫𝐚 𝐃𝐢𝐚𝐦𝐨𝐧𝐝 | 1 - 14 Sep 26","2200 | DIA | Awareness | 𝑮𝒓𝒂𝒏𝒅 𝑺𝒂𝒍𝒆 เครื่องประดับเพชรแท้ ลดแรงสูงสุดในรอบปี | 𝐀𝐮𝐫𝐨𝐫𝐚 𝐃𝐢𝐚𝐦𝐨𝐧𝐝 | 1 - 14 Sep 26 [BKK]",65+,unknown,7,8,,,0,THB,,,0,0.04999524,2026-09-01,2026-09-18
"2200 | DIA | Message  | 𝑷𝒆𝒂𝒓𝒍 𝑮𝒓𝒂𝒏𝒅 𝒔𝒂𝒍𝒆 ลดสูงสุด 𝟔𝟎% | 1 - 30 Sep 26","Message -𝑷𝒆𝒂𝒓𝒍 𝑮𝒓𝒂𝒏𝒅 𝒔𝒂𝒍𝒆 ลดสูงสุด 𝟔𝟎% | 1 - 30 Sep 26","2200 | DIA | Message | 𝑷𝒆𝒂𝒓𝒍 𝑮𝒓𝒂𝒏𝒅 𝒔𝒂𝒍𝒆 ลดสูงสุด 𝟔𝟎% | 1 - 30 Sep 26  [BKK]",18-24,unknown,1,2,,,0,THB,,,0,0.0400428,2026-09-01,2026-09-18
"2200 | Pearl | Awareness |  𝑷𝒆𝒂𝒓𝒍 𝑮𝒓𝒂𝒏𝒅 𝒔𝒂𝒍𝒆 ลดสูงสุด 𝟔𝟎% | 1 - 30 Sep 26","Awareness  - Pearl -  𝑷𝒆𝒂𝒓𝒍 𝑮𝒓𝒂𝒏𝒅 𝒔𝒂𝒍𝒆 ลดสูงสุด 𝟔𝟎% | 1 - 30 Sep 26","2200 | Pearl |  Awareness |  𝑷𝒆𝒂𝒓𝒍 𝑮𝒓𝒂𝒏𝒅 𝒔𝒂𝒍𝒆 ลดสูงสุด 𝟔𝟎% | 1 - 30 Sep 26  [BKK]",45-54,unknown,4,6,,,0,THB,,,0,0.0400123,2026-09-01,2026-09-18
"2200 | DIA | Awareness | 𝐎𝐧𝐞 𝐏𝐫𝐢𝐜𝐞 เพชรแท้ ราคาเดียว 𝟏𝟓,𝟗𝟎𝟎.- | 1 - 30 Sep 26","Awareness   - 𝐎𝐧𝐞 𝐏𝐫𝐢𝐜𝐞 เพชรแท้ ราคาเดียว 𝟏𝟓,𝟗𝟎𝟎.- | 1 - 30 Sep 26","2200 | DIA | Awareness | 𝐎𝐧𝐞 𝐏𝐫𝐢𝐜𝐞 เพชรแท้ ราคาเดียว 𝟏𝟓,𝟗𝟎𝟎.- | 1 - 30 Sep 26 [BKK]",55-64,unknown,4,5,,,0,THB,,,0,0.04000861,2026-09-01,2026-09-18
"2200 | DIA | Awareness | 𝟗.𝟗 𝑫𝒐𝒖𝒃𝒍𝒆 𝑫𝒂𝒚 𝑺𝒂𝒍𝒆 | 7 - 9 Sep 26","Awareness   - 𝟗.𝟗 𝑫𝒐𝒖𝒃𝒍𝒆 𝑫𝒂𝒚 𝑺𝒂𝒍𝒆 | 7 - 9 Sep 26","2200 | DIA | Awareness | 𝟗.𝟗 𝑫𝒐𝒖𝒃𝒍𝒆 𝑫𝒂𝒚 𝑺𝒂𝒍𝒆 | 7 - 9 Sep 26 [BKK]",45-54,unknown,4,4,,,0,THB,,,0,0.04,2026-09-01,2026-09-18
"2200 | DIA | Message  |  𝟗.𝟗 𝑫𝒐𝒖𝒃𝒍𝒆 𝑫𝒂𝒚 𝑺𝒂𝒍𝒆 | 7 - 9 Sep 26","Message -  𝟗.𝟗 𝑫𝒐𝒖𝒃𝒍𝒆 𝑫𝒂𝒚 𝑺𝒂𝒍𝒆 | 7 - 9 Sep 26","2200 | DIA | Message | 𝟗.𝟗 𝑫𝒐𝒖𝒃𝒍𝒆 𝑫𝒂𝒚 𝑺𝒂𝒍𝒆 | 7 - 9 Sep 26  [BKK]",65+,unknown,1,1,,,0,THB,,,0,0.04,2026-09-01,2026-09-18
"2200 | Pearl | Message  |  𝑷𝒆𝒂𝒓𝒍 𝑮𝒓𝒂𝒏𝒅 𝒔𝒂𝒍𝒆 ลดสูงสุด 𝟔𝟎% | 1 - 30 Sep 26","Message - Pearl -  𝑷𝒆𝒂𝒓𝒍 𝑮𝒓𝒂𝒏𝒅 𝒔𝒂𝒍𝒆 ลดสูงสุด 𝟔𝟎% | 1 - 30 Sep 26","2200 | Pearl | Message |  𝑷𝒆𝒂𝒓𝒍 𝑮𝒓𝒂𝒏𝒅 𝒔𝒂𝒍𝒆 ลดสูงสุด 𝟔𝟎% | 1 - 30 Sep 26 [Other-Province]",18-24,unknown,1,3,,,0,THB,,,0,0.03000939,2026-09-01,2026-09-18
"2200 | DIA | Awareness | 𝑷𝒆𝒂𝒓𝒍 𝑮𝒓𝒂𝒏𝒅 𝒔𝒂𝒍𝒆 ลดสูงสุด 𝟔𝟎% | 1 - 30 Sep 26","Awareness   - 𝑷𝒆𝒂𝒓𝒍 𝑮𝒓𝒂𝒏𝒅 𝒔𝒂𝒍𝒆 ลดสูงสุด 𝟔𝟎% | 1 - 30 Sep 26","2200 | DIA |  Awareness | 𝑷𝒆𝒂𝒓𝒍 𝑮𝒓𝒂𝒏𝒅 𝒔𝒂𝒍𝒆 ลดสูงสุด 𝟔𝟎% | 1 - 30 Sep 26  [BKK]",65+,unknown,3,3,,,0,THB,,,0,0.0300085,2026-09-01,2026-09-18
"2200 | DIA | Awareness | 𝑷𝒆𝒂𝒓𝒍 𝑮𝒓𝒂𝒏𝒅 𝒔𝒂𝒍𝒆 ลดสูงสุด 𝟔𝟎% | 1 - 30 Sep 26","Awareness  - 𝑷𝒆𝒂𝒓𝒍 𝑮𝒓𝒂𝒏𝒅 𝒔𝒂𝒍𝒆 ลดสูงสุด 𝟔𝟎% | 1 - 30 Sep 26","2200 | DIA | Awareness  | 𝑷𝒆𝒂𝒓𝒍 𝑮𝒓𝒂𝒏𝒅 𝒔𝒂𝒍𝒆 ลดสูงสุด 𝟔𝟎% | 1 - 30 Sep 26 [Other-Province]",55-64,unknown,5,5,,,0,THB,,,0,0.0300058,2026-09-01,2026-09-18
"2200 | DIA | Message  |  𝑮𝒓𝒂𝒏𝒅 𝑺𝒂𝒍𝒆 ลดครั้งยิ่งใหญ่ที่สุดในรอบปี สูงสุด 𝟕𝟎% | 1 - 30 Sep 26","Message -  𝑮𝒓𝒂𝒏𝒅 𝑺𝒂𝒍𝒆 ลดครั้งยิ่งใหญ่ที่สุดในรอบปี สูงสุด 𝟕𝟎% | 1 - 30 Sep 26","2200 | DIA | Message | 𝑮𝒓𝒂𝒏𝒅 𝑺𝒂𝒍𝒆 ลดครั้งยิ่งใหญ่ที่สุดในรอบปี สูงสุด 𝟕𝟎% | 1 - 30 Sep 26 [Other-Province]",65+,unknown,1,1,,,0,THB,,,0,0.02001048,2026-09-01,2026-09-18
"2200 | Pearl | Awareness |  𝑷𝒆𝒂𝒓𝒍 𝑮𝒓𝒂𝒏𝒅 𝒔𝒂𝒍𝒆 ลดสูงสุด 𝟔𝟎% | 1 - 30 Sep 26","Awareness  - Pearl -  𝑷𝒆𝒂𝒓𝒍 𝑮𝒓𝒂𝒏𝒅 𝒔𝒂𝒍𝒆 ลดสูงสุด 𝟔𝟎% | 1 - 30 Sep 26","2200 | Pearl |  Awareness |  𝑷𝒆𝒂𝒓𝒍 𝑮𝒓𝒂𝒏𝒅 𝒔𝒂𝒍𝒆 ลดสูงสุด 𝟔𝟎% | 1 - 30 Sep 26  [BKK]",55-64,unknown,2,2,,,0,THB,,,0,0.02000615,2026-09-01,2026-09-18
"2200 | Pearl | Awareness |  𝑷𝒆𝒂𝒓𝒍 𝑮𝒓𝒂𝒏𝒅 𝒔𝒂𝒍𝒆 ลดสูงสุด 𝟔𝟎% | 1 - 30 Sep 26","Awareness  - Pearl -  𝑷𝒆𝒂𝒓𝒍 𝑮𝒓𝒂𝒏𝒅 𝒔𝒂𝒍𝒆 ลดสูงสุด 𝟔𝟎% | 1 - 30 Sep 26","2200 | Pearl |  Awareness |  𝑷𝒆𝒂𝒓𝒍 𝑮𝒓𝒂𝒏𝒅 𝒔𝒂𝒍𝒆 ลดสูงสุด 𝟔𝟎% | 1 - 30 Sep 26  [BKK]",65+,unknown,3,4,,,0,THB,,,0,0.02000615,2026-09-01,2026-09-18
"2200 | DIA | Awareness | 𝐋𝐄𝐕𝐀 𝐂𝐨𝐥𝐥𝐞𝐜𝐭𝐢𝐨𝐧 เพชรแท้ พร้อมใบเซอร์ | 7 - 30 Sep 26","Awareness   -  𝐋𝐄𝐕𝐀 𝐂𝐨𝐥𝐥𝐞𝐜𝐭𝐢𝐨𝐧 เพชรแท้ พร้อมใบเซอร์ | 7 - 30 Sep 26","2200 | DIA | Awareness |  𝐋𝐄𝐕𝐀 𝐂𝐨𝐥𝐥𝐞𝐜𝐭𝐢𝐨𝐧 เพชรแท้ พร้อมใบเซอร์ | 7 - 30 Sep 26 [BKK]",45-54,unknown,3,3,,,0,THB,,,0,0.02000299,2026-09-01,2026-09-18
"2200 | DIA | Awareness | Wedding Package | 1 - 30 Sep 26","Awareness   - Wedding Package -1 - 30 Sep 26","2200 | DIA | Message | Wedding Package | 1 - 30 Sep 26  [BKK]",65+,unknown,3,3,,,0,THB,,,0,0.02,2026-09-01,2026-09-18
"2200 | Pearl | Awareness |  𝑷𝒆𝒂𝒓𝒍 𝑮𝒓𝒂𝒏𝒅 𝒔𝒂𝒍𝒆 ลดสูงสุด 𝟔𝟎% | 1 - 30 Sep 26","Awareness - Pearl - 𝑷𝒆𝒂𝒓𝒍 𝑮𝒓𝒂𝒏𝒅 𝒔𝒂𝒍𝒆 ลดสูงสุด 𝟔𝟎% | 1 - 30 Sep 26","2200 | Pearl | Awareness  |  𝑷𝒆𝒂𝒓𝒍 𝑮𝒓𝒂𝒏𝒅 𝒔𝒂𝒍𝒆 ลดสูงสุด 𝟔𝟎% | 1 - 30 Sep 26 [Other-Province]",Unknown,female,1,1,,,0,THB,,,0,0.01000446,2026-09-01,2026-09-18
"2200 | Pearl | Awareness |  𝑷𝒆𝒂𝒓𝒍 𝑮𝒓𝒂𝒏𝒅 𝒔𝒂𝒍𝒆 ลดสูงสุด 𝟔𝟎% | 1 - 30 Sep 26","Awareness - Pearl - 𝑷𝒆𝒂𝒓𝒍 𝑮𝒓𝒂𝒏𝒅 𝒔𝒂𝒍𝒆 ลดสูงสุด 𝟔𝟎% | 1 - 30 Sep 26","2200 | Pearl | Awareness  |  𝑷𝒆𝒂𝒓𝒍 𝑮𝒓𝒂𝒏𝒅 𝒔𝒂𝒍𝒆 ลดสูงสุด 𝟔𝟎% | 1 - 30 Sep 26 [Other-Province]",Unknown,male,1,1,,,0,THB,,,0,0.01000446,2026-09-01,2026-09-18
"2200 | DIA | Awareness | 𝐎𝐧𝐞 𝐏𝐫𝐢𝐜𝐞 เพชรแท้ ราคาเดียว 𝟏𝟓,𝟗𝟎𝟎.- | 1 - 30 Sep 26","Awareness   - 𝐎𝐧𝐞 𝐏𝐫𝐢𝐜𝐞 เพชรแท้ ราคาเดียว 𝟏𝟓,𝟗𝟎𝟎.- | 1 - 30 Sep 26","2200 | DIA | Awareness | 𝐎𝐧𝐞 𝐏𝐫𝐢𝐜𝐞 เพชรแท้ ราคาเดียว 𝟏𝟓,𝟗𝟎𝟎.- | 1 - 30 Sep 26 [BKK]",Unknown,male,1,1,,,0,THB,,,0,0.01000215,2026-09-01,2026-09-18
"2200 | DIA | Awareness | 𝐋𝐄𝐕𝐀 𝐂𝐨𝐥𝐥𝐞𝐜𝐭𝐢𝐨𝐧 เพชรแท้ พร้อมใบเซอร์ | 7 - 30 Sep 26","Awareness   -  𝐋𝐄𝐕𝐀 𝐂𝐨𝐥𝐥𝐞𝐜𝐭𝐢𝐨𝐧 เพชรแท้ พร้อมใบเซอร์ | 7 - 30 Sep 26","2200 | DIA | Awareness |  𝐋𝐄𝐕𝐀 𝐂𝐨𝐥𝐥𝐞𝐜𝐭𝐢𝐨𝐧 เพชรแท้ พร้อมใบเซอร์ | 7 - 30 Sep 26 [BKK]",65+,unknown,1,1,,,0,THB,,,0,0.01000149,2026-09-01,2026-09-18
"2200 | DIA | Awareness | 𝑮𝒓𝒂𝒏𝒅 𝑺𝒂𝒍𝒆 ลดครั้งยิ่งใหญ่ที่สุดในรอบปี สูงสุด 𝟕𝟎% | 1 - 30 Sep 26","Awareness  - 𝑮𝒓𝒂𝒏𝒅 𝑺𝒂𝒍𝒆 ลดครั้งยิ่งใหญ่ที่สุดในรอบปี สูงสุด 𝟕𝟎% | 1 - 30 Sep 26","2200 | DIA | Awareness  | 𝑮𝒓𝒂𝒏𝒅 𝑺𝒂𝒍𝒆 ลดครั้งยิ่งใหญ่ที่สุดในรอบปี สูงสุด 𝟕𝟎% | 1 - 30 Sep 26 [Other-Province]",Unknown,female,1,1,,,0,THB,,,0,0.00999972,2026-09-01,2026-09-18
"2200 | DIA | Message  | A gift of Grace A Present of Pearls | 1 - 31 Aug 26","Message - A gift of Grace A Present of Pearls | 1 - 31 Aug 26","2200 | DIA | Message | A gift of Grace A Present of Pearls | 1 - 31 Aug 26 [Other-Province]",35-44,female,0,0,,1,0,THB,,0,0,0,2026-09-01,2026-09-18
"2200 | DIA | Message | Wedding Package | 1 - 31 Aug 26","Message - Wedding Package -1 - 31 Aug 26","2200 | DIA | Message | Wedding Package | 1 - 31 Aug 266  [BKK]",35-44,female,0,0,,1,0,THB,,0,0,0,2026-09-01,2026-09-18
"2200 | DIA | Message | Wedding Package | 1 - 31 Aug 26","Message - Wedding Package - 1 - 31 Aug 26","2200 | DIA | Message | Wedding Package | 1 - 31 Aug 26 [Other-Province]",35-44,female,0,0,,1,0,THB,,0,0,0,2026-09-01,2026-09-18
"2200 | DIA | Message  | More than a gift, moment that last - 16 - 31 Aug 26","Message - More than a gift, moment that last - 16 - 31 Aug 26","2200 | DIA | Message | More than a gift, moment that last - 16 - 31 Aug 26  [BKK]",35-44,female,0,0,,2,0,THB,,0,0,0,2026-09-01,2026-09-18
"2200 | DIA | Message  | วันแม่ปีนี้ มอบสิ่งล้ำค่าแทนคำว่ารัก | 1 - 31 Aug 26","Message - วันแม่ปีนี้ มอบสิ่งล้ำค่าแทนคำว่ารัก  - 1 - 31 AUG 26","2200 | DIA | Message | วันแม่ปีนี้ มอบสิ่งล้ำค่าแทนคำว่ารัก  - 1 - 31 AUG 26 [Other-Province]",55-64,female,0,0,,1,0,THB,,0,0,0,2026-09-01,2026-09-18
"2200 | DIA | Message  |  𝑮𝒓𝒂𝒏𝒅 𝑺𝒂𝒍𝒆 เครื่องประดับเพชรแท้ ลดแรงสูงสุดในรอบปี | 𝐀𝐮𝐫𝐨𝐫𝐚 𝐃𝐢𝐚𝐦𝐨𝐧𝐝 | 1 - 14 Sep 26","Message -  𝑮𝒓𝒂𝒏𝒅 𝑺𝒂𝒍𝒆 เครื่องประดับเพชรแท้ ลดแรงสูงสุดในรอบปี | 𝐀𝐮𝐫𝐨𝐫𝐚 𝐃𝐢𝐚𝐦𝐨𝐧𝐝 | 1 - 14 Sep 26","2200 | DIA | Message | 𝑮𝒓𝒂𝒏𝒅 𝑺𝒂𝒍𝒆 เครื่องประดับเพชรแท้ ลดแรงสูงสุดในรอบปี | 𝐀𝐮𝐫𝐨𝐫𝐚 𝐃𝐢𝐚𝐦𝐨𝐧𝐝 | 1 - 14 Sep 26  [BKK]",Unknown,unknown,0,0,1,,0,THB,0,,0,0,2026-09-01,2026-09-18
