"Campaign name","Ad name","Ad set name",Age,Gender,Reach,Impressions,"Post engagements","Messaging conversations started","Clicks (all)",Currency,"Cost per post engagement","Cost per messaging conversation started","CTR (all)","Amount spent (THB)","Reporting starts","Reporting ends"
"2200 | DIA | Message | Jewel of July | 1 - 15 July 26","Message - Jewel of July - 1 - 15 July 26","2200 | DIA | Message | Jewel of July | 1 - 15 July 26  [BKK]",35-44,female,10371,32254,697,77,1334,THB,3.62721795,32.83338848,4.13592113,2528.17091309,2026-07-01,2026-07-27
"2200 | DIA | Engage | Disney Princess Collection - Album | 8 - 31 July 26","Engage - Disney Princess Collection - Album - 8 - 31 July 26","2200 | DIA | Engage |  Disney Princess Collection - Album | 8 - 31 July 26  [BKK]",25-34,female,21925,45581,6191,151,7569,THB,0.34112546,13.98614397,16.60560321,2111.90773955,2026-07-01,2026-07-27
"2200 | DIA | Message | Jewel of July | 1 - 15 July 26","Message - Jewel of July - 1 - 15 July 26","2200 | DIA | Message | Jewel of July | 1 - 15 July 26  [BKK]",25-34,female,7194,23864,392,43,897,THB,4.30907416,39.28272259,3.75879987,1689.1570713,2026-07-01,2026-07-27
"2200 | DIA | Engage | Disney Princess Collection - Album | 8 - 31 July 26","Engage - Disney Princess Collection - Album - 8 - 31 July 26","2200 | DIA | Engage |  Disney Princess Collection - Album | 8 - 31 July 26  [BKK]",35-44,female,12593,24051,3571,101,4451,THB,0.44351813,15.68122009,18.50650701,1583.80322868,2026-07-01,2026-07-27
"2200 | DIA | Message | Jewel of July | 1 - 15 July 26","Message - Jewel of July - 1 - 15 July 26","2200 | DIA | Message | Jewel of July | 1 - 15 July 26  [BKK]",45-54,female,5291,15155,446,34,742,THB,3.04850942,39.98927058,4.8960739,1359.63519989,2026-07-01,2026-07-27
"2200 | DIA | Message | Disney Princess Collection | 7 - 31 July 26","Message -  Disney Princess Collection - 7 - 31 July 26","2200 | DIA | Message |  Disney Princess Collection | 7 - 31 July 26 [Other-Province]",25-34,female,5910,18282,331,40,1247,THB,4.01437366,33.21894207,6.82091675,1328.7576828,2026-07-01,2026-07-27
"2200 | DIA | Message | Disney Princess Collection | 7 - 31 July 26","Message -  Disney Princess Collection - 7 - 31 July 26","2200 | DIA | Message |  Disney Princess Collection | 7 - 31 July 26 [Other-Province]",35-44,female,4827,13813,278,37,1090,THB,4.53784569,34.09516491,7.89111706,1261.52110169,2026-07-01,2026-07-27
"2200 | DIA | Message | Wedding Package | 4 - 31 July 26","Message - Wedding Package - 4 - 31 July 26","2200 | DIA | Message | Wedding Package | 4 - 31 July 26  [BKK]",25-34,female,2893,8579,885,17,1115,THB,0.99473572,51.78477138,12.99685278,880.34111339,2026-07-01,2026-07-27
"2200 | Pearl | Message |  Lovely in Pearls | 1 - 31 July 26","Pearl - Message -  Lovely in Pearls - 1 - 31 July 26","2200 | Pearl | Message |  Lovely in Pearls | 1 - 31 July 26  [BKK]",35-44,female,4887,12287,424,77,675,THB,1.93832879,10.67339491,5.49361113,821.85140821,2026-07-01,2026-07-27
"2200 | DIA | Message | Lovely in Pearls | 1 - 31 July 26","Message - Lovely in Pearls - 1 - 31 July 26","2200 | DIA | Message | Lovely in Pearls | 1 - 31 July 26  [BKK]",35-44,female,5891,13076,497,80,822,THB,1.65325201,10.27082812,6.28632609,821.66624952,2026-07-01,2026-07-27
"2200 | DIA | Message | More Shine This July | 1 - 31 July 26","Message - More Shine This July - 1 - 31 July 26","2200 | DIA | Message | More Shine This July | 1 - 31 July 26  [BKK]",35-44,female,2200,6804,676,12,873,THB,1.1673677,65.76171387,12.83068783,789.14056641,2026-07-01,2026-07-27
"2200 | DIA | Message | Disney Princess Collection | 7 - 31 July 26","Message -  Disney Princess Collection - 7 - 31 July 26","2200 | DIA | Message |  Disney Princess Collection | 7 - 31 July 26  [BKK]",25-34,female,4146,10879,158,22,579,THB,4.68207713,33.62582665,5.32218035,739.76818641,2026-07-01,2026-07-27
"2200 | DIA | Message | Disney Princess Collection | 7 - 31 July 26","Message -  Disney Princess Collection - 7 - 31 July 26","2200 | DIA | Message |  Disney Princess Collection | 7 - 31 July 26  [BKK]",35-44,female,3406,9007,154,19,529,THB,4.76227728,38.59951062,5.87320973,733.39070184,2026-07-01,2026-07-27
"2200 | DIA | Engage | Disney Princess Collection - Album | 8 - 31 July 26","Engage - Disney Princess Collection - Album - 8 - 31 July 26","2200 | DIA | Engage |  Disney Princess Collection - Album | 8 - 31 July 26 [Other-Province]",25-34,female,8953,15891,1655,48,2083,THB,0.44156102,15.22465597,13.10804858,730.78348634,2026-07-01,2026-07-27
"2200 | DIA | Message | More Shine This July | 1 - 31 July 26","Message - More Shine This July - 1 - 31 July 26","2200 | DIA | Message | More Shine This July | 1 - 31 July 26  [BKK]",25-34,female,2213,6968,539,6,718,THB,1.2950837,116.34168539,10.30424799,698.05011233,2026-07-01,2026-07-27
"2200 | DIA | Message | Wedding Package | 4 - 31 July 26","Message - Wedding Package - 4 - 31 July 26","2200 | DIA | Message | Wedding Package | 4 - 31 July 26  [BKK]",35-44,female,1621,4157,483,9,612,THB,1.26397374,67.8332573,14.7221554,610.49931574,2026-07-01,2026-07-27
"2200 | DIA | Engage | Disney Princess Collection - Album | 8 - 31 July 26","Engage - Disney Princess Collection - Album - 8 - 31 July 26","2200 | DIA | Engage |  Disney Princess Collection - Album | 8 - 31 July 26 [Other-Province]",35-44,female,5143,8819,1047,23,1305,THB,0.57025324,25.95891917,14.7975961,597.05514091,2026-07-01,2026-07-27
"2200 | Pearl | Message |  Lovely in Pearls | 1 - 31 July 26","Pearl - Message -  Lovely in Pearls - 1 - 31 July 26","2200 | Pearl | Message |  Lovely in Pearls | 1 - 31 July 26  [BKK]",45-54,female,2545,6568,342,45,469,THB,1.67739446,12.74819786,7.1406821,573.66890377,2026-07-01,2026-07-27
"2200 | DIA | Message | Lovely in Pearls | 1 - 31 July 26","Message - Lovely in Pearls - 1 - 31 July 26","2200 | DIA | Message | Lovely in Pearls | 1 - 31 July 26  [BKK]",45-54,female,3174,7187,393,49,571,THB,1.3584149,10.89504194,7.94490051,533.85705497,2026-07-01,2026-07-27
"2200 | DIA | Message | Lovely in Pearls | 1 - 31 July 26","Message - Lovely in Pearls - 1 - 31 July 26","2200 | DIA | Message | Lovely in Pearls | 1 - 31 July 26  [BKK]",25-34,female,4450,9456,267,47,512,THB,1.90875012,10.84332513,5.41455161,509.63628119,2026-07-01,2026-07-27
"2200 | Pearl | Message |  Lovely in Pearls | 1 - 31 July 26","Pearl - Message -  Lovely in Pearls - 1 - 31 July 26","2200 | Pearl | Message |  Lovely in Pearls | 1 - 31 July 26  [BKK]",25-34,female,3960,8965,222,35,411,THB,2.25529381,14.30500646,4.58449526,500.67522605,2026-07-01,2026-07-27
"2200 | DIA | Message | Jewel of July | 1 - 15 July 26","Message - Jewel of July - 1 - 15 July 26","2200 | DIA | Message | Jewel of July | 1 - 15 July 26 [Other-Province]",35-44,female,3156,7086,140,18,272,THB,3.4063463,26.49380453,3.8385549,476.88848156,2026-07-01,2026-07-27
"2200 | DIA | Message | Wedding Package | 4 - 31 July 26","Message - Wedding Package - 4 - 31 July 26","2200 | DIA | Message | Wedding Package | 4 - 31 July 26 [Other-Province]",25-34,female,2140,5583,544,7,698,THB,0.80600363,62.63799604,12.50223894,438.46597229,2026-07-01,2026-07-27
"2200 | DIA | Message | Disney Princess Collection | 7 - 31 July 26","Message -  Disney Princess Collection - 7 - 31 July 26","2200 | DIA | Message |  Disney Princess Collection | 7 - 31 July 26 [Other-Province]",45-54,female,1420,4144,105,5,394,THB,3.9324936,82.5823655,9.50772201,412.91182752,2026-07-01,2026-07-27
"2200 | DIA | Engage | Disney Princess Collection - Album | 8 - 31 July 26","Engage - Disney Princess Collection - Album - 8 - 31 July 26","2200 | DIA | Engage |  Disney Princess Collection - Album | 8 - 31 July 26  [BKK]",45-54,female,2155,4678,670,17,877,THB,0.58835039,23.18792714,18.74732792,394.19476136,2026-07-01,2026-07-27
"2200 | DIA | Message | More Shine This July | 1 - 31 July 26","Message - More Shine This July - 1 - 31 July 26","2200 | DIA | Message | More Shine This July | 1 - 31 July 26 [Other-Province]",35-44,female,1347,3303,318,4,407,THB,1.17410908,93.34167158,12.3221314,373.36668633,2026-07-01,2026-07-27
"2200 | DIA | Message | Simply Charming | 16 - 31 July 26","Message - Simply Charming - 16 - 31 July 26","2200 | DIA | Message | Simply Charming | 16 - 31 July 26  [BKK]",35-44,female,3452,7730,368,60,732,THB,0.93543717,5.73734796,9.46959897,344.24087748,2026-07-01,2026-07-27
"2200 | DIA | Message | More Shine This July | 1 - 31 July 26","Message - More Shine This July - 1 - 31 July 26","2200 | DIA | Message | More Shine This July | 1 - 31 July 26  [BKK]",45-54,female,741,2150,249,6,321,THB,1.33200026,55.2780107,14.93023256,331.66806418,2026-07-01,2026-07-27
"2200 | DIA | Awareness | Disney Princess Collection | 7 - 31 July 26","Awareness -  Disney Princess Collection - 7 - 31 July 26","2200 | DIA | Awareness |  Disney Princess Collection | 7 - 31 July 26 [Other-Province]",25-34,male,27233,37798,17,,31,THB,18.79227476,,0.08201492,319.46867088,2026-07-01,2026-07-27
"2200 | DIA | Message | Jewel of July | 1 - 15 July 26","Message - Jewel of July - 1 - 15 July 26","2200 | DIA | Message | Jewel of July | 1 - 15 July 26 [Other-Province]",25-34,female,2310,5254,79,11,187,THB,3.99564068,28.69596491,3.559193,315.655614,2026-07-01,2026-07-27
"2200 | DIA | Message | More Shine This July | 1 - 31 July 26","Message - More Shine This July - 1 - 31 July 26","2200 | DIA | Message | More Shine This July | 1 - 31 July 26 [Other-Province]",25-34,female,1194,3270,282,8,376,THB,1.05772785,37.28490662,11.49847095,298.27925292,2026-07-01,2026-07-27
"2200 | DIA | Message | Jewel of July | 1 - 15 July 26","Message - Jewel of July - 1 - 15 July 26","2200 | DIA | Message | Jewel of July | 1 - 15 July 26  [BKK]",55-64,female,1333,3091,101,9,159,THB,2.79944995,31.41604943,5.14396635,282.74444486,2026-07-01,2026-07-27
"2200 | DIA | Message | Wedding Package | 4 - 31 July 26","Message - Wedding Package - 4 - 31 July 26","2200 | DIA | Message | Wedding Package | 4 - 31 July 26 [Other-Province]",35-44,female,1091,2477,239,6,299,THB,1.14506769,45.61186283,12.07105369,273.671177,2026-07-01,2026-07-27
"2200 | DIA | Awareness | Disney Princess Collection | 7 - 31 July 26","Awareness -  Disney Princess Collection - 7 - 31 July 26","2200 | DIA | Awareness |  Disney Princess Collection | 7 - 31 July 26 [Other-Province]",55-64,male,19995,31169,16,,33,THB,16.8483681,,0.10587443,269.57388958,2026-07-01,2026-07-27
"2200 | DIA | Awareness | Wedding Package | 4 - 31 July 26","Awareness   - Wedding Package - 4 - 31 July 26","2200 | DIA | Message | Wedding Package | 4 - 31 July 26  [BKK]",25-34,male,25986,29571,99,,116,THB,2.69127088,,0.39227622,266.43581695,2026-07-01,2026-07-27
"2200 | DIA | Awareness | Disney Princess Collection | 7 - 31 July 26","Awareness -  Disney Princess Collection - 7 - 31 July 26","2200 | DIA | Awareness |  Disney Princess Collection | 7 - 31 July 26 [Other-Province]",35-44,male,22195,30087,12,,19,THB,21.0196065,,0.0631502,252.23527799,2026-07-01,2026-07-27
"2200 | DIA | Awareness | More Shine This July | 1 - 31 July 26","Awareness - More Shine This July - 1 - 31 July 26","2200 | DIA | Awareness | More Shine This July | 1 - 31 July 26 [Other-Province]",25-34,male,20624,26553,40,,55,THB,6.15502321,,0.2071329,246.20092846,2026-07-01,2026-07-27
"2200 | DIA | Awareness | Disney Princess Collection | 7 - 31 July 26","Awareness -  Disney Princess Collection - 7 - 31 July 26","2200 | DIA | Awareness |  Disney Princess Collection | 7 - 31 July 26 [Other-Province]",45-54,male,18288,27909,4,,14,THB,59.6996511,,0.05016303,238.79860439,2026-07-01,2026-07-27
"2200 | Pearl | Message |  Lovely in Pearls | 1 - 31 July 26","Pearl - Message -  Lovely in Pearls - 1 - 31 July 26","2200 | Pearl | Message |  Lovely in Pearls | 1 - 31 July 26 [Other-Province] - Copy",35-44,female,1341,3066,90,15,151,THB,2.56084992,15.36509951,4.92498369,230.47649269,2026-07-01,2026-07-27
"2200 | DIA | Message | Lovely in Pearls | 1 - 31 July 26","Message - Lovely in Pearls - 1 - 31 July 26","2200 | DIA | Message | Lovely in Pearls | 1 - 31 July 26 [Other-Province]",35-44,female,1956,3899,120,17,190,THB,1.87466667,13.23294118,4.87304437,224.96,2026-07-01,2026-07-27
"2200 | DIA | Awareness | Wedding Package | 4 - 31 July 26","Awareness   - Wedding Package - 4 - 31 July 26","2200 | DIA | Message | Wedding Package | 4 - 31 July 26  [BKK]",25-34,female,21799,24713,102,1,133,THB,2.15384303,219.69198906,0.53817829,219.69198906,2026-07-01,2026-07-27
"2200 | DIA | Message | Jewel of July | 1 - 15 July 26","Message - Jewel of July - 1 - 15 July 26","2200 | DIA | Message | Jewel of July | 1 - 15 July 26 [Other-Province]",45-54,female,1249,2539,62,4,105,THB,3.34796277,51.89342294,4.13548641,207.57369174,2026-07-01,2026-07-27
"2200 | DIA | Awareness | Disney Princess Collection | 7 - 31 July 26","Awareness -  Disney Princess Collection - 7 - 31 July 26","2200 | DIA | Awareness |  Disney Princess Collection | 7 - 31 July 26  [BKK]",25-34,male,20336,25876,15,,26,THB,13.79148094,,0.10047921,206.87221405,2026-07-01,2026-07-27
"2200 | DIA | Message | Disney Princess Collection | 7 - 31 July 26","Message -  Disney Princess Collection - 7 - 31 July 26","2200 | DIA | Message |  Disney Princess Collection | 7 - 31 July 26  [BKK]",45-54,female,788,2284,41,6,163,THB,4.99415378,34.12671753,7.13660245,204.76030516,2026-07-01,2026-07-27
"2200 | DIA | Awareness | Wedding Package | 4 - 31 July 26","Awareness  - Wedding Package - 4 - 31 July 26","2200 | DIA | Awareness  | Wedding Package | 4 - 31 July 26 [Other-Province]",25-34,male,19476,22224,59,,77,THB,3.45374591,,0.34647228,203.77100856,2026-07-01,2026-07-27
"2200 | DIA | Awareness | Simply Charming | 16 - 31 July 26","Awareness - Simply Charming - 16 - 31 July 26","2200 | DIA | Awareness | Simply Charming | 16 - 31 July 26  [BKK]",25-34,male,19772,24824,23,,41,THB,8.78966223,,0.16516275,202.16223133,2026-07-01,2026-07-27
"2200 | DIA | Message | Simply Charming | 16 - 31 July 26","Message - Simply Charming - 16 - 31 July 26","2200 | DIA | Message | Simply Charming | 16 - 31 July 26  [BKK]",25-34,female,2380,5412,187,21,422,THB,1.05004748,9.35042279,7.79748707,196.35887867,2026-07-01,2026-07-27
"2200 | DIA | Awareness | Disney Princess Collection | 7 - 31 July 26","Awareness -  Disney Princess Collection - 7 - 31 July 26","2200 | DIA | Awareness |  Disney Princess Collection | 7 - 31 July 26 [Other-Province]",55-64,female,15255,21435,19,,24,THB,9.68059755,,0.11196641,183.9313534,2026-07-01,2026-07-27
"2200 | DIA | Message | Wedding Package | 4 - 31 July 26","Message - Wedding Package - 4 - 31 July 26","2200 | DIA | Message | Wedding Package | 4 - 31 July 26  [BKK]",45-54,female,356,844,116,,140,THB,1.58443833,,16.58767773,183.79484683,2026-07-01,2026-07-27
"2200 | DIA | Awareness | Disney Princess Collection | 7 - 31 July 26","Awareness -  Disney Princess Collection - 7 - 31 July 26","2200 | DIA | Awareness |  Disney Princess Collection | 7 - 31 July 26  [BKK]",35-44,male,18165,23331,13,,16,THB,13.97217574,,0.06857829,181.63828464,2026-07-01,2026-07-27
"2200 | DIA | Awareness | Lovely in Pearls | 1 - 31 July 26","Awareness - Lovely in Pearls - 1 - 31 July 26","2200 | DIA | Awareness | Lovely in Pearls | 1 - 31 July 26 [Other-Province]",25-34,male,17212,22023,21,,24,THB,8.54803414,,0.10897698,179.50871689,2026-07-01,2026-07-27
"2200 | DIA | Awareness | Simply Charming | 16 - 31 July 26","Awareness - Simply Charming - 16 - 31 July 26","2200 | DIA | Awareness | Simply Charming | 16 - 31 July 26  [BKK]",35-44,male,18371,22146,19,,31,THB,9.41893052,,0.13998013,178.9596798,2026-07-01,2026-07-27
"2200 | DIA | Awareness | Disney Princess Collection | 7 - 31 July 26","Awareness -  Disney Princess Collection - 7 - 31 July 26","2200 | DIA | Awareness |  Disney Princess Collection | 7 - 31 July 26  [BKK]",55-64,male,14333,21295,12,,21,THB,14.77896804,,0.0986147,177.3476165,2026-07-01,2026-07-27
"2200 | DIA | Engage | Disney Princess Collection - Album | 8 - 31 July 26","Engage - Disney Princess Collection - Album - 8 - 31 July 26","2200 | DIA | Engage |  Disney Princess Collection - Album | 8 - 31 July 26  [BKK]",25-34,male,1612,3562,349,11,464,THB,0.49786097,15.79577075,13.02638967,173.7534783,2026-07-01,2026-07-27
"2200 | DIA | Awareness | Wedding Package | 4 - 31 July 26","Awareness  - Wedding Package - 4 - 31 July 26","2200 | DIA | Awareness  | Wedding Package | 4 - 31 July 26 [Other-Province]",25-34,female,16955,18868,81,,108,THB,2.10402612,,0.57239771,170.42611601,2026-07-01,2026-07-27
"2200 | Pearl | Message |  Lovely in Pearls | 1 - 31 July 26","Pearl - Message -  Lovely in Pearls - 1 - 31 July 26","2200 | Pearl | Message |  Lovely in Pearls | 1 - 31 July 26 [Other-Province] - Copy",25-34,female,1303,2554,46,6,97,THB,3.562361,27.31143437,3.79796398,163.86860622,2026-07-01,2026-07-27
"2200 | DIA | Message | Lovely in Pearls | 1 - 31 July 26","Message - Lovely in Pearls - 1 - 31 July 26","2200 | DIA | Message | Lovely in Pearls | 1 - 31 July 26 [Other-Province]",25-34,female,1560,3181,74,9,122,THB,2.19216216,18.02444444,3.83527193,162.22,2026-07-01,2026-07-27
"2200 | DIA | Message | Simply Charming | 16 - 31 July 26","Message - Simply Charming - 16 - 31 July 26","2200 | DIA | Message | Simply Charming | 16 - 31 July 26  [BKK]",45-54,female,1442,3052,246,22,401,THB,0.6536958,7.30950758,13.13892529,160.80916677,2026-07-01,2026-07-27
"2200 | Pearl | Message |  Lovely in Pearls | 1 - 31 July 26","Pearl - Message -  Lovely in Pearls - 1 - 31 July 26","2200 | Pearl | Message |  Lovely in Pearls | 1 - 31 July 26 [Other-Province] - Copy",45-54,female,621,1482,76,15,99,THB,2.09232335,10.60110499,6.68016194,159.01657484,2026-07-01,2026-07-27
"2200 | DIA | Awareness | Disney Princess Collection | 7 - 31 July 26","Awareness -  Disney Princess Collection - 7 - 31 July 26","2200 | DIA | Awareness |  Disney Princess Collection | 7 - 31 July 26  [BKK]",45-54,male,14428,19281,9,,21,THB,17.51050451,,0.10891551,157.59454056,2026-07-01,2026-07-27
"2200 | DIA | Awareness | More Shine This July | 1 - 31 July 26","Awareness - More Shine This July - 1 - 31 July 26","2200 | DIA | Awareness | More Shine This July | 1 - 31 July 26  [BKK]",25-34,male,15309,16581,27,,44,THB,5.50858542,,0.26536397,148.73180632,2026-07-01,2026-07-27
"2200 | DIA | Awareness | Simply Charming | 16 - 31 July 26","Awareness - Simply Charming - 16 - 31 July 26","2200 | DIA | Awareness | Simply Charming | 16 - 31 July 26 [Other-Province]",25-34,male,14174,17632,20,,26,THB,7.38836853,,0.14745917,147.76737069,2026-07-01,2026-07-27
"2200 | DIA | Awareness | Simply Charming | 16 - 31 July 26","Awareness - Simply Charming - 16 - 31 July 26","2200 | DIA | Awareness | Simply Charming | 16 - 31 July 26  [BKK]",25-34,female,14920,17544,48,1,93,THB,3.02429091,145.16596358,0.53009576,145.16596358,2026-07-01,2026-07-27
"2200 | DIA | Awareness | Simply Charming | 16 - 31 July 26","Awareness - Simply Charming - 16 - 31 July 26","2200 | DIA | Awareness | Simply Charming | 16 - 31 July 26  [BKK]",45-54,male,14110,17768,16,,23,THB,9.02349229,,0.1294462,144.3758767,2026-07-01,2026-07-27
"2200 | DIA | Awareness | Lovely in Pearls | 1 - 31 July 26","Awareness - Lovely in Pearls - 1 - 31 July 26","2200 | DIA |Awareness | Lovely in Pearls | 1 - 31 July 26  [BKK]",25-34,male,13623,17254,11,,19,THB,12.95552293,,0.11011939,142.51075227,2026-07-01,2026-07-27
"2200 | DIA | Awareness | More Shine This July | 1 - 31 July 26","Awareness - More Shine This July - 1 - 31 July 26","2200 | DIA | Awareness | More Shine This July | 1 - 31 July 26 [Other-Province]",25-34,female,12513,15428,39,,55,THB,3.60459179,,0.35649468,140.57907981,2026-07-01,2026-07-27
"2200 | DIA | Message | Simply Charming | 16 - 31 July 26","Message - Simply Charming - 16 - 31 July 26","2200 | DIA | Message | Simply Charming | 16 - 31 July 26 [Other-Province]",35-44,female,1470,3109,143,21,277,THB,0.97510892,6.64002741,8.90961724,139.44057565,2026-07-01,2026-07-27
"2200 | DIA | Awareness | Simply Charming | 16 - 31 July 26","Awareness - Simply Charming - 16 - 31 July 26","2200 | DIA | Awareness | Simply Charming | 16 - 31 July 26 [Other-Province]",35-44,male,14181,16841,17,,26,THB,8.09539762,,0.15438513,137.62175957,2026-07-01,2026-07-27
"2200 | DIA | Awareness | More Shine This July | 1 - 31 July 26","Awareness - More Shine This July - 1 - 31 July 26","2200 | DIA | Awareness | More Shine This July | 1 - 31 July 26 [Other-Province]",35-44,male,11210,14809,17,,24,THB,8.08226011,,0.16206361,137.39842187,2026-07-01,2026-07-27
"2200 | DIA | Message | Lovely in Pearls | 1 - 31 July 26","Message - Lovely in Pearls - 1 - 31 July 26","2200 | DIA | Message | Lovely in Pearls | 1 - 31 July 26 [Other-Province]",45-54,female,1006,2017,92,12,149,THB,1.48282609,11.36833333,7.38720873,136.42,2026-07-01,2026-07-27
"2200 | DIA | Awareness | Disney Princess Collection | 7 - 31 July 26","Awareness -  Disney Princess Collection - 7 - 31 July 26","2200 | DIA | Awareness |  Disney Princess Collection | 7 - 31 July 26 [Other-Province]",65+,male,10509,15742,6,,15,THB,22.56787548,,0.09528649,135.40725288,2026-07-01,2026-07-27
"2200 | DIA | Message | Lovely in Pearls | 1 - 31 July 26","Message - Lovely in Pearls - 1 - 31 July 26","2200 | DIA | Message | Lovely in Pearls | 1 - 31 July 26  [BKK]",55-64,female,683,1434,80,14,108,THB,1.67105338,9.54887648,7.53138075,133.68427077,2026-07-01,2026-07-27
"2200 | DIA | Awareness | Simply Charming | 16 - 31 July 26","Awareness - Simply Charming - 16 - 31 July 26","2200 | DIA | Awareness | Simply Charming | 16 - 31 July 26  [BKK]",55-64,male,12375,15998,10,,21,THB,13.1774491,,0.13126641,131.77449095,2026-07-01,2026-07-27
"2200 | DIA | Awareness | More Shine This July | 1 - 31 July 26","Awareness - More Shine This July - 1 - 31 July 26","2200 | DIA | Awareness | More Shine This July | 1 - 31 July 26  [BKK]",25-34,female,13378,15103,46,,55,THB,2.83590765,,0.36416606,130.45175182,2026-07-01,2026-07-27
"2200 | DIA | Message | Jewel of July | 1 - 15 July 26","Message - Jewel of July - 1 - 15 July 26","2200 | DIA | Message | Jewel of July | 1 - 15 July 26  [BKK]",35-44,male,792,2058,18,1,55,THB,6.97572734,125.56309217,2.67249757,125.56309217,2026-07-01,2026-07-27
"2200 | DIA | Message | More Shine This July | 1 - 31 July 26","Message - More Shine This July - 1 - 31 July 26","2200 | DIA | Message | More Shine This July | 1 - 31 July 26 [Other-Province]",45-54,female,415,974,139,3,179,THB,0.88919926,41.1995655,18.37782341,123.5986965,2026-07-01,2026-07-27
"2200 | Pearl | Message |  Lovely in Pearls | 1 - 31 July 26","Pearl - Message -  Lovely in Pearls - 1 - 31 July 26","2200 | Pearl | Message |  Lovely in Pearls | 1 - 31 July 26  [BKK]",55-64,female,535,1281,75,11,106,THB,1.64448286,11.21238311,8.27478532,123.33621418,2026-07-01,2026-07-27
"2200 | DIA | Awareness | Simply Charming | 16 - 31 July 26","Awareness - Simply Charming - 16 - 31 July 26","2200 | DIA | Awareness | Simply Charming | 16 - 31 July 26  [BKK]",35-44,female,13071,15327,34,,66,THB,3.56362718,,0.43061264,121.16332406,2026-07-01,2026-07-27
"2200 | DIA | Awareness | Disney Princess Collection | 7 - 31 July 26","Awareness -  Disney Princess Collection - 7 - 31 July 26","2200 | DIA | Awareness |  Disney Princess Collection | 7 - 31 July 26  [BKK]",55-64,female,11467,14744,17,,21,THB,7.08051434,,0.14243082,120.36874377,2026-07-01,2026-07-27
"2200 | DIA | Message | Wedding Package | 4 - 31 July 26","Message - Wedding Package - 4 - 31 July 26","2200 | DIA | Message | Wedding Package | 4 - 31 July 26 [Other-Province]",45-54,female,201,436,45,2,60,THB,2.61728269,58.88886051,13.76146789,117.77772102,2026-07-01,2026-07-27
"2200 | Pearl | Awareness |  Lovely in Pearls | 1 - 31 July 26 - Copy","Pearl - Awareness -  Lovely in Pearls - 1 - 31 July 26","2200 | Pearl | Awareness |  Lovely in Pearls | 1 - 31 July 26  [BKK]",55-64,female,12942,15048,33,,35,THB,3.56171604,,0.23258905,117.53662946,2026-07-01,2026-07-27
"2200 | Pearl | Awareness |  Lovely in Pearls | 1 - 31 July 26 - Copy","Pearl - Awareness -  Lovely in Pearls - 1 - 31 July 26","2200 | Pearl | Awareness |  Lovely in Pearls | 1 - 31 July 26  [BKK]",25-34,female,12658,14548,30,1,36,THB,3.89554925,116.86647762,0.2474567,116.86647762,2026-07-01,2026-07-27
"2200 | DIA | Awareness | Simply Charming | 16 - 31 July 26","Awareness - Simply Charming - 16 - 31 July 26","2200 | DIA | Awareness | Simply Charming | 16 - 31 July 26  [BKK]",55-64,female,11039,14468,20,,32,THB,5.81463942,,0.22117777,116.29278846,2026-07-01,2026-07-27
"2200 | DIA | Awareness | Lovely in Pearls | 1 - 31 July 26","Awareness - Lovely in Pearls - 1 - 31 July 26","2200 | DIA | Awareness | Lovely in Pearls | 1 - 31 July 26 [Other-Province]",35-44,male,11169,14132,8,,16,THB,14.40676499,,0.11321823,115.25411989,2026-07-01,2026-07-27
"2200 | DIA | Awareness | Disney Princess Collection | 7 - 31 July 26","Awareness -  Disney Princess Collection - 7 - 31 July 26","2200 | DIA | Awareness |  Disney Princess Collection | 7 - 31 July 26  [BKK]",25-34,female,12886,14680,33,,51,THB,3.46781273,,0.34741144,114.43782021,2026-07-01,2026-07-27
"2200 | DIA | Awareness | Simply Charming | 16 - 31 July 26","Awareness - Simply Charming - 16 - 31 July 26","2200 | DIA | Awareness | Simply Charming | 16 - 31 July 26 [Other-Province]",45-54,male,10851,13085,9,,16,THB,12.25997562,,0.12227742,110.3397806,2026-07-01,2026-07-27
"2200 | DIA | Awareness | Wedding Package | 4 - 31 July 26","Awareness   - Wedding Package - 4 - 31 July 26","2200 | DIA | Message | Wedding Package | 4 - 31 July 26  [BKK]",35-44,male,10511,12064,32,,42,THB,3.43143669,,0.34814324,109.80597413,2026-07-01,2026-07-27
"2200 | Pearl | Awareness |  Lovely in Pearls | 1 - 31 July 26 - Copy","Pearl - Awareness -  Lovely in Pearls - 1 - 31 July 26","2200 | Pearl | Awareness |  Lovely in Pearls | 1 - 31 July 26  [BKK]",25-34,male,13422,14500,26,,34,THB,4.20941524,,0.23448276,109.44479615,2026-07-01,2026-07-27
"2200 | DIA | Message | Disney Princess Collection | 7 - 31 July 26","Message -  Disney Princess Collection - 7 - 31 July 26","2200 | DIA | Message |  Disney Princess Collection | 7 - 31 July 26 [Other-Province]",25-34,male,404,1234,25,3,67,THB,4.34347114,36.1955928,5.42949757,108.58677841,2026-07-01,2026-07-27
"2200 | DIA | Message | Jewel of July | 1 - 15 July 26","Message - Jewel of July - 1 - 15 July 26","2200 | DIA | Message | Jewel of July | 1 - 15 July 26  [BKK]",45-54,male,354,1008,32,1,51,THB,3.39325082,108.58402627,5.05952381,108.58402627,2026-07-01,2026-07-27
"2200 | DIA | Awareness | Lovely in Pearls | 1 - 31 July 26","Awareness - Lovely in Pearls - 1 - 31 July 26","2200 | DIA | Awareness | Lovely in Pearls | 1 - 31 July 26 [Other-Province]",18-24,male,10035,12897,8,,12,THB,13.51517368,,0.09304489,108.12138944,2026-07-01,2026-07-27
"2200 | DIA | Awareness | Disney Princess Collection | 7 - 31 July 26","Awareness -  Disney Princess Collection - 7 - 31 July 26","2200 | DIA | Awareness |  Disney Princess Collection | 7 - 31 July 26 [Other-Province]",45-54,female,9381,12587,12,,18,THB,8.92693375,,0.14300469,107.12320501,2026-07-01,2026-07-27
"2200 | DIA | Awareness | Simply Charming | 16 - 31 July 26","Awareness - Simply Charming - 16 - 31 July 26","2200 | DIA | Awareness | Simply Charming | 16 - 31 July 26  [BKK]",45-54,female,11021,13434,29,,50,THB,3.63108896,,0.37218997,105.30157978,2026-07-01,2026-07-27
"2200 | DIA | Message | Jewel of July | 1 - 15 July 26","Message - Jewel of July - 1 - 15 July 26","2200 | DIA | Message | Jewel of July | 1 - 15 July 26  [BKK]",25-34,male,632,1772,19,3,37,THB,5.48706655,34.75142149,2.08803612,104.25426447,2026-07-01,2026-07-27
"2200 | DIA | Engage | Disney Princess Collection - Album | 8 - 31 July 26","Engage - Disney Princess Collection - Album - 8 - 31 July 26","2200 | DIA | Engage |  Disney Princess Collection - Album | 8 - 31 July 26  [BKK]",35-44,male,912,2063,257,4,351,THB,0.40346986,25.92293832,17.0140572,103.69175327,2026-07-01,2026-07-27
"2200 | DIA | Awareness | Disney Princess Collection | 7 - 31 July 26","Awareness -  Disney Princess Collection - 7 - 31 July 26","2200 | DIA | Awareness |  Disney Princess Collection | 7 - 31 July 26 [Other-Province]",25-34,female,10663,12545,21,,30,THB,4.8004795,,0.2391391,100.81006946,2026-07-01,2026-07-27
"2200 | DIA | Awareness | Disney Princess Collection | 7 - 31 July 26","Awareness -  Disney Princess Collection - 7 - 31 July 26","2200 | DIA | Awareness |  Disney Princess Collection | 7 - 31 July 26 [Other-Province]",65+,female,8586,11808,8,,12,THB,12.56999315,,0.10162602,100.55994523,2026-07-01,2026-07-27
"2200 | DIA | Message | Simply Charming | 16 - 31 July 26","Message - Simply Charming - 16 - 31 July 26","2200 | DIA | Message | Simply Charming | 16 - 31 July 26 [Other-Province]",25-34,female,1322,2745,72,14,174,THB,1.39331514,7.16562073,6.33879781,100.31869026,2026-07-01,2026-07-27
"2200 | DIA | Engage | Disney Princess Collection - Album | 8 - 31 July 26","Engage - Disney Princess Collection - Album - 8 - 31 July 26","2200 | DIA | Engage |  Disney Princess Collection - Album | 8 - 31 July 26 [Other-Province]",45-54,female,604,1194,144,2,197,THB,0.66506212,47.88447263,16.49916248,95.76894527,2026-07-01,2026-07-27
"2200 | DIA | Awareness | Simply Charming | 16 - 31 July 26","Awareness - Simply Charming - 16 - 31 July 26","2200 | DIA | Awareness | Simply Charming | 16 - 31 July 26 [Other-Province]",55-64,male,8504,11122,5,,9,THB,18.83498152,,0.0809207,94.17490759,2026-07-01,2026-07-27
"2200 | Pearl | Awareness |  Lovely in Pearls | 1 - 31 July 26 - Copy","Pearl - Awareness -  Lovely in Pearls - 1 - 31 July 26","2200 | Pearl | Awareness |  Lovely in Pearls | 1 - 31 July 26 [Other-Province]",55-64,female,8585,10850,22,,23,THB,4.27543223,,0.21198157,94.05950904,2026-07-01,2026-07-27
"2200 | Pearl | Awareness |  Lovely in Pearls | 1 - 31 July 26 - Copy","Pearl - Awareness -  Lovely in Pearls - 1 - 31 July 26","2200 | Pearl | Awareness |  Lovely in Pearls | 1 - 31 July 26  [BKK]",18-24,female,8814,10964,20,,26,THB,4.68806214,,0.23713973,93.76124283,2026-07-01,2026-07-27
"2200 | DIA | Awareness | Wedding Package | 4 - 31 July 26","Awareness   - Wedding Package - 4 - 31 July 26","2200 | DIA | Message | Wedding Package | 4 - 31 July 26  [BKK]",35-44,female,9248,10347,58,,71,THB,1.61082112,,0.68618923,93.42762519,2026-07-01,2026-07-27
"2200 | DIA | Message | Disney Princess Collection | 7 - 31 July 26","Message -  Disney Princess Collection - 7 - 31 July 26","2200 | DIA | Message |  Disney Princess Collection | 7 - 31 July 26 [Other-Province]",55-64,female,283,810,30,2,93,THB,3.01274297,45.19114452,11.48148148,90.38228903,2026-07-01,2026-07-27
"2200 | DIA | Awareness | Lovely in Pearls | 1 - 31 July 26","Awareness - Lovely in Pearls - 1 - 31 July 26","2200 | DIA |Awareness | Lovely in Pearls | 1 - 31 July 26  [BKK]",35-44,male,8471,10631,2,,5,THB,44.82539986,,0.04703226,89.65079971,2026-07-01,2026-07-27
"2200 | DIA | Awareness | Disney Princess Collection | 7 - 31 July 26","Awareness -  Disney Princess Collection - 7 - 31 July 26","2200 | DIA | Awareness |  Disney Princess Collection | 7 - 31 July 26  [BKK]",35-44,female,10959,11837,17,,32,THB,5.26376085,,0.27033877,89.4839344,2026-07-01,2026-07-27
"2200 | DIA | Awareness | Lovely in Pearls | 1 - 31 July 26","Awareness - Lovely in Pearls - 1 - 31 July 26","2200 | DIA | Awareness | Lovely in Pearls | 1 - 31 July 26 [Other-Province]",45-54,male,8217,10723,3,,5,THB,29.43126644,,0.04662874,88.29379933,2026-07-01,2026-07-27
"2200 | DIA | Awareness | Wedding Package | 4 - 31 July 26","Awareness  - Wedding Package - 4 - 31 July 26","2200 | DIA | Awareness  | Wedding Package | 4 - 31 July 26 [Other-Province]",35-44,male,7926,9496,17,,17,THB,5.14288516,,0.17902275,87.42904771,2026-07-01,2026-07-27
"2200 | DIA | Awareness | Lovely in Pearls | 1 - 31 July 26","Awareness - Lovely in Pearls - 1 - 31 July 26","2200 | DIA |Awareness | Lovely in Pearls | 1 - 31 July 26  [BKK]",18-24,male,8542,10402,6,,8,THB,14.50655332,,0.07690829,87.03931995,2026-07-01,2026-07-27
"2200 | DIA | Awareness | More Shine This July | 1 - 31 July 26","Awareness - More Shine This July - 1 - 31 July 26","2200 | DIA | Awareness | More Shine This July | 1 - 31 July 26 [Other-Province]",45-54,male,6911,9261,16,,16,THB,5.38986493,,0.17276752,86.23783893,2026-07-01,2026-07-27
"2200 | DIA | Awareness | Disney Princess Collection | 7 - 31 July 26","Awareness -  Disney Princess Collection - 7 - 31 July 26","2200 | DIA | Awareness |  Disney Princess Collection | 7 - 31 July 26  [BKK]",65+,male,7285,10504,12,,18,THB,7.12360929,,0.17136329,85.48331143,2026-07-01,2026-07-27
"2200 | DIA | Awareness | Simply Charming | 16 - 31 July 26","Awareness - Simply Charming - 16 - 31 July 26","2200 | DIA | Awareness | Simply Charming | 16 - 31 July 26 [Other-Province]",25-34,female,8923,10246,33,3,48,THB,2.58640396,28.45044356,0.4684755,85.35133069,2026-07-01,2026-07-27
"2200 | Pearl | Awareness |  Lovely in Pearls | 1 - 31 July 26 - Copy","Pearl - Awareness -  Lovely in Pearls - 1 - 31 July 26","2200 | Pearl | Awareness |  Lovely in Pearls | 1 - 31 July 26  [BKK]",45-54,female,9476,10979,16,1,17,THB,5.18554985,82.96879766,0.15484106,82.96879766,2026-07-01,2026-07-27
"2200 | DIA | Awareness | Disney Princess Collection | 7 - 31 July 26","Awareness -  Disney Princess Collection - 7 - 31 July 26","2200 | DIA | Awareness |  Disney Princess Collection | 7 - 31 July 26  [BKK]",45-54,female,8538,10227,12,,20,THB,6.81189408,,0.19556077,81.74272894,2026-07-01,2026-07-27
"2200 | Pearl | Awareness |  Lovely in Pearls | 1 - 31 July 26 - Copy","Pearl - Awareness -  Lovely in Pearls - 1 - 31 July 26","2200 | Pearl | Awareness |  Lovely in Pearls | 1 - 31 July 26 [Other-Province]",25-34,female,7931,9550,22,,29,THB,3.69746218,,0.30366492,81.34416805,2026-07-01,2026-07-27
"2200 | DIA | Awareness | Simply Charming | 16 - 31 July 26","Awareness - Simply Charming - 16 - 31 July 26","2200 | DIA | Awareness | Simply Charming | 16 - 31 July 26 [Other-Province]",35-44,female,8807,9966,22,,40,THB,3.67929772,,0.40136464,80.94454995,2026-07-01,2026-07-27
"2200 | DIA | Awareness | Lovely in Pearls | 1 - 31 July 26","Awareness - Lovely in Pearls - 1 - 31 July 26","2200 | DIA | Awareness | Lovely in Pearls | 1 - 31 July 26 [Other-Province]",55-64,male,6797,9711,11,,10,THB,7.26550855,,0.10297601,79.92059403,2026-07-01,2026-07-27
"2200 | DIA | Engage | Disney Princess Collection - Album | 8 - 31 July 26","Engage - Disney Princess Collection - Album - 8 - 31 July 26","2200 | DIA | Engage |  Disney Princess Collection - Album | 8 - 31 July 26  [BKK]",55-64,female,352,742,111,3,159,THB,0.7124964,26.36236669,21.42857143,79.08710006,2026-07-01,2026-07-27
"2200 | Pearl | Awareness |  Lovely in Pearls | 1 - 31 July 26 - Copy","Pearl - Awareness -  Lovely in Pearls - 1 - 31 July 26","2200 | Pearl | Awareness |  Lovely in Pearls | 1 - 31 July 26  [BKK]",65+,female,8403,9934,24,,25,THB,3.25615439,,0.25166096,78.14770538,2026-07-01,2026-07-27
"2200 | DIA | Awareness | Disney Princess Collection | 7 - 31 July 26","Awareness -  Disney Princess Collection - 7 - 31 July 26","2200 | DIA | Awareness |  Disney Princess Collection | 7 - 31 July 26 [Other-Province]",35-44,female,8017,9741,9,,18,THB,8.61094347,,0.18478596,77.49849127,2026-07-01,2026-07-27
"2200 | Pearl | Awareness |  Lovely in Pearls | 1 - 31 July 26 - Copy","Pearl - Awareness -  Lovely in Pearls - 1 - 31 July 26","2200 | Pearl | Awareness |  Lovely in Pearls | 1 - 31 July 26  [BKK]",35-44,male,9803,10765,18,,18,THB,4.28652672,,0.16720855,77.15748103,2026-07-01,2026-07-27
"2200 | DIA | Awareness | More Shine This July | 1 - 31 July 26","Awareness - More Shine This July - 1 - 31 July 26","2200 | DIA | Awareness | More Shine This July | 1 - 31 July 26 [Other-Province]",55-64,male,6048,8218,12,,15,THB,6.39548962,,0.18252616,76.74587545,2026-07-01,2026-07-27
"2200 | Pearl | Awareness |  Lovely in Pearls | 1 - 31 July 26 - Copy","Pearl - Awareness -  Lovely in Pearls - 1 - 31 July 26","2200 | Pearl | Awareness |  Lovely in Pearls | 1 - 31 July 26  [BKK]",55-64,male,8939,10020,13,,16,THB,5.88517952,,0.15968064,76.50733373,2026-07-01,2026-07-27
"2200 | DIA | Awareness | Wedding Package | 4 - 31 July 26","Awareness  - Wedding Package - 4 - 31 July 26","2200 | DIA | Awareness  | Wedding Package | 4 - 31 July 26 [Other-Province]",35-44,female,7695,8337,30,,38,THB,2.52812912,,0.45579945,75.84387352,2026-07-01,2026-07-27
"2200 | DIA | Message | Jewel of July | 1 - 15 July 26","Message - Jewel of July - 1 - 15 July 26","2200 | DIA | Message | Jewel of July | 1 - 15 July 26  [BKK]",65+,female,323,851,16,1,32,THB,4.62474557,73.99592913,3.76028202,73.99592913,2026-07-01,2026-07-27
"2200 | Pearl | Awareness |  Lovely in Pearls | 1 - 31 July 26 - Copy","Pearl - Awareness -  Lovely in Pearls - 1 - 31 July 26","2200 | Pearl | Awareness |  Lovely in Pearls | 1 - 31 July 26  [BKK]",35-44,female,9045,9751,24,,25,THB,3.04443976,,0.25638396,73.06655418,2026-07-01,2026-07-27
"2200 | DIA | Awareness | More Shine This July | 1 - 31 July 26","Awareness - More Shine This July - 1 - 31 July 26","2200 | DIA | Awareness | More Shine This July | 1 - 31 July 26  [BKK]",35-44,male,6734,7964,15,,21,THB,4.79463717,,0.26368659,71.91955761,2026-07-01,2026-07-27
"2200 | DIA | Awareness | More Shine This July | 1 - 31 July 26","Awareness - More Shine This July - 1 - 31 July 26","2200 | DIA | Awareness | More Shine This July | 1 - 31 July 26 [Other-Province]",35-44,female,6446,7804,27,,34,THB,2.63313728,,0.43567401,71.09470646,2026-07-01,2026-07-27
"2200 | DIA | Message | Wedding Package | 4 - 31 July 26","Message - Wedding Package - 4 - 31 July 26","2200 | DIA | Message | Wedding Package | 4 - 31 July 26  [BKK]",25-34,male,319,852,76,,101,THB,0.91928479,,11.85446009,69.8656437,2026-07-01,2026-07-27
"2200 | DIA | Awareness | Simply Charming | 16 - 31 July 26","Awareness - Simply Charming - 16 - 31 July 26","2200 | DIA | Awareness | Simply Charming | 16 - 31 July 26 [Other-Province]",45-54,female,7025,8510,17,,25,THB,4.10278357,,0.29377203,69.74732069,2026-07-01,2026-07-27
"2200 | DIA | Awareness | Simply Charming | 16 - 31 July 26","Awareness - Simply Charming - 16 - 31 July 26","2200 | DIA | Awareness | Simply Charming | 16 - 31 July 26 [Other-Province]",55-64,female,6661,8398,10,,18,THB,6.91864577,,0.21433675,69.18645769,2026-07-01,2026-07-27
"2200 | DIA | Message | Disney Princess Collection | 7 - 31 July 26","Message -  Disney Princess Collection - 7 - 31 July 26","2200 | DIA | Message |  Disney Princess Collection | 7 - 31 July 26 [Other-Province]",35-44,male,343,1028,12,,71,THB,5.68056754,,6.90661479,68.16681051,2026-07-01,2026-07-27
"2200 | Pearl | Awareness |  Lovely in Pearls | 1 - 31 July 26 - Copy","Pearl - Awareness -  Lovely in Pearls - 1 - 31 July 26","2200 | Pearl | Awareness |  Lovely in Pearls | 1 - 31 July 26  [BKK]",45-54,male,8374,9285,13,,15,THB,5.2173359,,0.16155089,67.82536672,2026-07-01,2026-07-27
"2200 | DIA | Awareness | Lovely in Pearls | 1 - 31 July 26","Awareness - Lovely in Pearls - 1 - 31 July 26","2200 | DIA |Awareness | Lovely in Pearls | 1 - 31 July 26  [BKK]",45-54,male,6108,7992,,,2,THB,,,0.02502503,67.56828688,2026-07-01,2026-07-27
"2200 | DIA | Awareness | More Shine This July | 1 - 31 July 26","Awareness - More Shine This July - 1 - 31 July 26","2200 | DIA | Awareness | More Shine This July | 1 - 31 July 26  [BKK]",35-44,female,6695,7526,40,,47,THB,1.67642208,,0.62450173,67.05688301,2026-07-01,2026-07-27
"2200 | Pearl | Awareness |  Lovely in Pearls | 1 - 31 July 26 - Copy","Pearl - Awareness -  Lovely in Pearls - 1 - 31 July 26","2200 | Pearl | Awareness |  Lovely in Pearls | 1 - 31 July 26  [BKK]",18-24,male,6627,7880,13,,19,THB,5.09038406,,0.24111675,66.17499281,2026-07-01,2026-07-27
"2200 | DIA | Awareness | Lovely in Pearls | 1 - 31 July 26","Awareness - Lovely in Pearls - 1 - 31 July 26","2200 | DIA |Awareness | Lovely in Pearls | 1 - 31 July 26  [BKK]",55-64,male,5677,7804,1,,5,THB,65.64719832,,0.06406971,65.64719832,2026-07-01,2026-07-27
"2200 | DIA | Awareness | More Shine This July | 1 - 31 July 26","Awareness - More Shine This July - 1 - 31 July 26","2200 | DIA | Awareness | More Shine This July | 1 - 31 July 26 [Other-Province]",55-64,female,5673,7126,22,,20,THB,2.95288355,,0.28066236,64.96343816,2026-07-01,2026-07-27
"2200 | Pearl | Awareness |  Lovely in Pearls | 1 - 31 July 26 - Copy","Pearl - Awareness -  Lovely in Pearls - 1 - 31 July 26","2200 | Pearl | Awareness |  Lovely in Pearls | 1 - 31 July 26 [Other-Province]",18-24,female,5998,7421,22,,26,THB,2.94851123,,0.35035709,64.86724704,2026-07-01,2026-07-27
"2200 | DIA | Awareness | Disney Princess Collection | 7 - 31 July 26","Awareness -  Disney Princess Collection - 7 - 31 July 26","2200 | DIA | Awareness |  Disney Princess Collection | 7 - 31 July 26  [BKK]",65+,female,6159,8137,2,,3,THB,32.38004221,,0.03686862,64.76008441,2026-07-01,2026-07-27
"2200 | Pearl | Awareness |  Lovely in Pearls | 1 - 31 July 26 - Copy","Pearl - Awareness -  Lovely in Pearls - 1 - 31 July 26","2200 | Pearl | Awareness |  Lovely in Pearls | 1 - 31 July 26 [Other-Province]",65+,female,5343,7195,12,,15,THB,5.22719565,,0.20847811,62.72634777,2026-07-01,2026-07-27
"2200 | DIA | Awareness | Simply Charming | 16 - 31 July 26","Awareness - Simply Charming - 16 - 31 July 26","2200 | DIA | Awareness | Simply Charming | 16 - 31 July 26  [BKK]",65+,male,6151,7896,10,,14,THB,6.22968506,,0.17730496,62.29685065,2026-07-01,2026-07-27
"2200 | DIA | Awareness | Simply Charming | 16 - 31 July 26","Awareness - Simply Charming - 16 - 31 July 26","2200 | DIA | Awareness | Simply Charming | 16 - 31 July 26  [BKK]",65+,female,6394,8059,12,,16,THB,5.12306337,,0.1985358,61.47676046,2026-07-01,2026-07-27
"2200 | DIA | Awareness | Lovely in Pearls | 1 - 31 July 26","Awareness - Lovely in Pearls - 1 - 31 July 26","2200 | DIA | Awareness | Lovely in Pearls | 1 - 31 July 26 [Other-Province]",18-24,female,5880,7172,12,,15,THB,5.01441955,,0.20914668,60.17303456,2026-07-01,2026-07-27
"2200 | DIA | Awareness | Lovely in Pearls | 1 - 31 July 26","Awareness - Lovely in Pearls - 1 - 31 July 26","2200 | DIA | Awareness | Lovely in Pearls | 1 - 31 July 26 [Other-Province]",25-34,female,6206,7480,8,1,13,THB,7.25777832,58.06222653,0.17379679,58.06222653,2026-07-01,2026-07-27
"2200 | DIA | Awareness | More Shine This July | 1 - 31 July 26","Awareness - More Shine This July - 1 - 31 July 26","2200 | DIA | Awareness | More Shine This July | 1 - 31 July 26 [Other-Province]",45-54,female,5052,6125,14,,22,THB,4.05012351,,0.35918367,56.70172917,2026-07-01,2026-07-27
"2200 | Pearl | Awareness |  Lovely in Pearls | 1 - 31 July 26 - Copy","Pearl - Awareness -  Lovely in Pearls - 1 - 31 July 26","2200 | Pearl | Awareness |  Lovely in Pearls | 1 - 31 July 26 [Other-Province]",45-54,female,5790,6448,9,,11,THB,6.16481171,,0.17059553,55.48330538,2026-07-01,2026-07-27
"2200 | DIA | Message | More Shine This July | 1 - 31 July 26","Message - More Shine This July - 1 - 31 July 26","2200 | DIA | Message | More Shine This July | 1 - 31 July 26  [BKK]",55-64,female,127,355,35,,42,THB,1.57303767,,11.83098592,55.05631859,2026-07-01,2026-07-27
"2200 | Pearl | Awareness |  Lovely in Pearls | 1 - 31 July 26 - Copy","Pearl - Awareness -  Lovely in Pearls - 1 - 31 July 26","2200 | Pearl | Awareness |  Lovely in Pearls | 1 - 31 July 26  [BKK]",65+,male,5767,6685,8,,11,THB,6.43770855,,0.16454749,51.50166837,2026-07-01,2026-07-27
"2200 | DIA | Awareness | Lovely in Pearls | 1 - 31 July 26","Awareness - Lovely in Pearls - 1 - 31 July 26","2200 | DIA | Awareness | Lovely in Pearls | 1 - 31 July 26 [Other-Province]",55-64,female,4605,5753,7,,11,THB,6.49105624,,0.19120459,45.43739367,2026-07-01,2026-07-27
"2200 | Pearl | Awareness |  Lovely in Pearls | 1 - 31 July 26 - Copy","Pearl - Awareness -  Lovely in Pearls - 1 - 31 July 26","2200 | Pearl | Awareness |  Lovely in Pearls | 1 - 31 July 26 [Other-Province]",35-44,female,4512,5283,14,,16,THB,3.19920094,,0.30285822,44.78881323,2026-07-01,2026-07-27
"2200 | DIA | Awareness | Lovely in Pearls | 1 - 31 July 26","Awareness - Lovely in Pearls - 1 - 31 July 26","2200 | DIA | Awareness | Lovely in Pearls | 1 - 31 July 26 [Other-Province]",65+,male,4020,5412,4,,6,THB,11.09674789,,0.11086475,44.38699158,2026-07-01,2026-07-27
"2200 | DIA | Awareness | More Shine This July | 1 - 31 July 26","Awareness - More Shine This July - 1 - 31 July 26","2200 | DIA | Awareness | More Shine This July | 1 - 31 July 26 [Other-Province]",65+,male,3336,4751,10,,12,THB,4.42491533,,0.2525784,44.24915326,2026-07-01,2026-07-27
"2200 | DIA | Message | Wedding Package | 4 - 31 July 26","Message - Wedding Package - 4 - 31 July 26","2200 | DIA | Message | Wedding Package | 4 - 31 July 26  [BKK]",35-44,male,181,522,38,,50,THB,1.16298868,,9.57854406,44.19356993,2026-07-01,2026-07-27
"2200 | DIA | Message | Lovely in Pearls | 1 - 31 July 26","Message - Lovely in Pearls - 1 - 31 July 26","2200 | DIA | Message | Lovely in Pearls | 1 - 31 July 26  [BKK]",25-34,male,250,599,21,4,30,THB,2.10435294,11.04785294,5.00834725,44.19141177,2026-07-01,2026-07-27
"2200 | DIA | Message | Disney Princess Collection | 7 - 31 July 26","Message -  Disney Princess Collection - 7 - 31 July 26","2200 | DIA | Message |  Disney Princess Collection | 7 - 31 July 26 [Other-Province]",45-54,male,109,338,5,1,38,THB,8.80617168,44.03085838,11.24260355,44.03085838,2026-07-01,2026-07-27
"2200 | DIA | Awareness | Simply Charming | 16 - 31 July 26","Awareness - Simply Charming - 16 - 31 July 26","2200 | DIA | Awareness | Simply Charming | 16 - 31 July 26 [Other-Province]",65+,male,4159,5227,6,,7,THB,7.23279582,,0.13392003,43.39677492,2026-07-01,2026-07-27
"2200 | DIA | Awareness | Lovely in Pearls | 1 - 31 July 26","Awareness - Lovely in Pearls - 1 - 31 July 26","2200 | DIA |Awareness | Lovely in Pearls | 1 - 31 July 26  [BKK]",18-24,female,4449,5133,9,,10,THB,4.7237878,,0.19481785,42.51409018,2026-07-01,2026-07-27
"2200 | DIA | Message | Lovely in Pearls | 1 - 31 July 26","Message - Lovely in Pearls - 1 - 31 July 26","2200 | DIA | Message | Lovely in Pearls | 1 - 31 July 26  [BKK]",18-24,female,355,902,19,3,41,THB,2.20901794,13.99044695,4.54545455,41.97134085,2026-07-01,2026-07-27
"2200 | Pearl | Message |  Lovely in Pearls | 1 - 31 July 26","Pearl - Message -  Lovely in Pearls - 1 - 31 July 26","2200 | Pearl | Message |  Lovely in Pearls | 1 - 31 July 26  [BKK]",35-44,male,243,538,14,5,24,THB,2.93371924,8.21441388,4.46096654,41.07206938,2026-07-01,2026-07-27
"2200 | DIA | Message | Jewel of July | 1 - 15 July 26","Message - Jewel of July - 1 - 15 July 26","2200 | DIA | Message | Jewel of July | 1 - 15 July 26 [Other-Province]",55-64,female,248,485,14,,20,THB,2.92433772,,4.12371134,40.94072814,2026-07-01,2026-07-27
"2200 | Pearl | Awareness |  Lovely in Pearls | 1 - 31 July 26 - Copy","Pearl - Awareness -  Lovely in Pearls - 1 - 31 July 26","2200 | Pearl | Awareness |  Lovely in Pearls | 1 - 31 July 26 [Other-Province]",25-34,male,4766,5334,8,,9,THB,5.09463997,,0.16872891,40.75711975,2026-07-01,2026-07-27
"2200 | DIA | Engage | Disney Princess Collection - Album | 8 - 31 July 26","Engage - Disney Princess Collection - Album - 8 - 31 July 26","2200 | DIA | Engage |  Disney Princess Collection - Album | 8 - 31 July 26 [Other-Province]",25-34,male,480,909,66,1,87,THB,0.59393991,39.20003422,9.5709571,39.20003422,2026-07-01,2026-07-27
"2200 | DIA | Awareness | Lovely in Pearls | 1 - 31 July 26","Awareness - Lovely in Pearls - 1 - 31 July 26","2200 | DIA | Awareness | Lovely in Pearls | 1 - 31 July 26 [Other-Province]",45-54,female,4166,4916,7,,11,THB,5.53497596,,0.22375915,38.74483173,2026-07-01,2026-07-27
"2200 | DIA | Awareness | More Shine This July | 1 - 31 July 26","Awareness - More Shine This July - 1 - 31 July 26","2200 | DIA | Awareness | More Shine This July | 1 - 31 July 26 [Other-Province]",65+,female,3314,4186,5,,9,THB,7.73760058,,0.21500239,38.6880029,2026-07-01,2026-07-27
"2200 | Pearl | Message |  Lovely in Pearls | 1 - 31 July 26","Pearl - Message -  Lovely in Pearls - 1 - 31 July 26","2200 | Pearl | Message |  Lovely in Pearls | 1 - 31 July 26  [BKK]",25-34,male,263,615,24,7,36,THB,1.60008062,5.48599069,5.85365854,38.40193485,2026-07-01,2026-07-27
"2200 | DIA | Awareness | Wedding Package | 4 - 31 July 26","Awareness   - Wedding Package - 4 - 31 July 26","2200 | DIA | Message | Wedding Package | 4 - 31 July 26  [BKK]",45-54,male,3466,4020,11,,12,THB,3.46631242,,0.29850746,38.12943667,2026-07-01,2026-07-27
"2200 | DIA | Message | Simply Charming | 16 - 31 July 26","Message - Simply Charming - 16 - 31 July 26","2200 | DIA | Message | Simply Charming | 16 - 31 July 26 [Other-Province]",45-54,female,374,733,40,8,65,THB,0.94048772,4.70243861,8.86766712,37.61950885,2026-07-01,2026-07-27
"2200 | DIA | Awareness | Lovely in Pearls | 1 - 31 July 26","Awareness - Lovely in Pearls - 1 - 31 July 26","2200 | DIA | Awareness | Lovely in Pearls | 1 - 31 July 26 [Other-Province]",35-44,female,4244,4871,8,,13,THB,4.67428934,,0.26688565,37.39431474,2026-07-01,2026-07-27
"2200 | DIA | Message | Wedding Package | 4 - 31 July 26","Message - Wedding Package - 4 - 31 July 26","2200 | DIA | Message | Wedding Package | 4 - 31 July 26 [Other-Province]",25-34,male,186,491,35,3,49,THB,1.05987376,12.36519382,9.9796334,37.09558146,2026-07-01,2026-07-27
"2200 | DIA | Awareness | Wedding Package | 4 - 31 July 26","Awareness  - Wedding Package - 4 - 31 July 26","2200 | DIA | Awareness  | Wedding Package | 4 - 31 July 26 [Other-Province]",45-54,female,3591,3978,18,,11,THB,2.0531392,,0.27652086,36.95650558,2026-07-01,2026-07-27
"2200 | DIA | Awareness | Lovely in Pearls | 1 - 31 July 26","Awareness - Lovely in Pearls - 1 - 31 July 26","2200 | DIA |Awareness | Lovely in Pearls | 1 - 31 July 26  [BKK]",25-34,female,4056,4641,1,,5,THB,36.55071109,,0.1077354,36.55071109,2026-07-01,2026-07-27
"2200 | DIA | Awareness | Lovely in Pearls | 1 - 31 July 26","Awareness - Lovely in Pearls - 1 - 31 July 26","2200 | DIA |Awareness | Lovely in Pearls | 1 - 31 July 26  [BKK]",65+,male,3204,4529,1,,2,THB,36.4806714,,0.04415986,36.4806714,2026-07-01,2026-07-27
"2200 | DIA | Awareness | Simply Charming | 16 - 31 July 26","Awareness - Simply Charming - 16 - 31 July 26","2200 | DIA | Awareness | Simply Charming | 16 - 31 July 26 [Other-Province]",65+,female,3569,4490,8,,11,THB,4.54449264,,0.24498886,36.35594114,2026-07-01,2026-07-27
"2200 | DIA | Message | More Shine This July | 1 - 31 July 26","Message - More Shine This July - 1 - 31 July 26","2200 | DIA | Message | More Shine This July | 1 - 31 July 26  [BKK]",25-34,male,129,385,22,,23,THB,1.64246123,,5.97402597,36.13414697,2026-07-01,2026-07-27
"2200 | DIA | Awareness | Wedding Package | 4 - 31 July 26","Awareness  - Wedding Package - 4 - 31 July 26","2200 | DIA | Awareness  | Wedding Package | 4 - 31 July 26 [Other-Province]",45-54,male,3120,3790,10,,15,THB,3.56259113,,0.39577836,35.62591131,2026-07-01,2026-07-27
"2200 | DIA | Awareness | More Shine This July | 1 - 31 July 26","Awareness - More Shine This July - 1 - 31 July 26","2200 | DIA | Awareness | More Shine This July | 1 - 31 July 26  [BKK]",45-54,male,3173,3798,6,,8,THB,5.84821667,,0.21063718,35.08930002,2026-07-01,2026-07-27
"2200 | DIA | Message | Disney Princess Collection | 7 - 31 July 26","Message -  Disney Princess Collection - 7 - 31 July 26","2200 | DIA | Message |  Disney Princess Collection | 7 - 31 July 26  [BKK]",55-64,female,103,284,8,1,24,THB,4.38139197,35.05113575,8.45070423,35.05113575,2026-07-01,2026-07-27
"2200 | Pearl | Awareness |  Lovely in Pearls | 1 - 31 July 26 - Copy","Pearl - Awareness -  Lovely in Pearls - 1 - 31 July 26","2200 | Pearl | Awareness |  Lovely in Pearls | 1 - 31 July 26 [Other-Province]",18-24,male,3650,4120,9,,12,THB,3.8894115,,0.29126214,35.00470348,2026-07-01,2026-07-27
"2200 | DIA | Awareness | Wedding Package | 4 - 31 July 26","Awareness   - Wedding Package - 4 - 31 July 26","2200 | DIA | Message | Wedding Package | 4 - 31 July 26  [BKK]",45-54,female,3258,3669,19,,17,THB,1.78248758,,0.46334151,33.867264,2026-07-01,2026-07-27
"2200 | DIA | Engage | Disney Princess Collection - Album | 8 - 31 July 26","Engage - Disney Princess Collection - Album - 8 - 31 July 26","2200 | DIA | Engage |  Disney Princess Collection - Album | 8 - 31 July 26  [BKK]",45-54,male,159,349,38,,59,THB,0.89026704,,16.90544413,33.83014743,2026-07-01,2026-07-27
"2200 | DIA | Message | Jewel of July | 1 - 15 July 26","Message - Jewel of July - 1 - 15 July 26","2200 | DIA | Message | Jewel of July | 1 - 15 July 26  [BKK]",55-64,male,105,308,7,,11,THB,4.81830635,,3.57142857,33.72814445,2026-07-01,2026-07-27
"2200 | DIA | Awareness | Wedding Package | 4 - 31 July 26","Awareness  - Wedding Package - 4 - 31 July 26","2200 | DIA | Awareness  | Wedding Package | 4 - 31 July 26 [Other-Province]",55-64,female,3177,3626,12,,8,THB,2.79208034,,0.22062879,33.50496404,2026-07-01,2026-07-27
"2200 | DIA | Awareness | Lovely in Pearls | 1 - 31 July 26","Awareness - Lovely in Pearls - 1 - 31 July 26","2200 | DIA |Awareness | Lovely in Pearls | 1 - 31 July 26  [BKK]",55-64,female,3104,3960,2,,4,THB,16.20918477,,0.1010101,32.41836954,2026-07-01,2026-07-27
"2200 | DIA | Message | Simply Charming | 16 - 31 July 26","Message - Simply Charming - 16 - 31 July 26","2200 | DIA | Message | Simply Charming | 16 - 31 July 26  [BKK]",55-64,female,273,606,56,7,92,THB,0.57263895,4.5811116,15.18151815,32.0677812,2026-07-01,2026-07-27
"2200 | DIA | Message | More Shine This July | 1 - 31 July 26","Message - More Shine This July - 1 - 31 July 26","2200 | DIA | Message | More Shine This July | 1 - 31 July 26  [BKK]",45-54,male,47,143,30,,42,THB,1.05478772,,29.37062937,31.64363161,2026-07-01,2026-07-27
"2200 | Pearl | Message |  Lovely in Pearls | 1 - 31 July 26","Pearl - Message -  Lovely in Pearls - 1 - 31 July 26","2200 | Pearl | Message |  Lovely in Pearls | 1 - 31 July 26  [BKK]",18-24,female,375,708,11,2,24,THB,2.82105123,15.51578175,3.38983051,31.0315635,2026-07-01,2026-07-27
"2200 | DIA | Message | Lovely in Pearls | 1 - 31 July 26","Message - Lovely in Pearls - 1 - 31 July 26","2200 | DIA | Message | Lovely in Pearls | 1 - 31 July 26  [BKK]",35-44,male,261,528,17,2,35,THB,1.77417433,15.08048177,6.62878788,30.16096354,2026-07-01,2026-07-27
"2200 | DIA | Message | Disney Princess Collection | 7 - 31 July 26","Message -  Disney Princess Collection - 7 - 31 July 26","2200 | DIA | Message |  Disney Princess Collection | 7 - 31 July 26  [BKK]",25-34,male,213,505,6,,11,THB,4.90909461,,2.17821782,29.45456766,2026-07-01,2026-07-27
"2200 | DIA | Message | Lovely in Pearls | 1 - 31 July 26","Message - Lovely in Pearls - 1 - 31 July 26","2200 | DIA | Message | Lovely in Pearls | 1 - 31 July 26 [Other-Province]",55-64,female,236,427,24,4,31,THB,1.21583333,7.295,7.25995316,29.18,2026-07-01,2026-07-27
"2200 | Pearl | Message |  Lovely in Pearls | 1 - 31 July 26","Pearl - Message -  Lovely in Pearls - 1 - 31 July 26","2200 | Pearl | Message |  Lovely in Pearls | 1 - 31 July 26 [Other-Province] - Copy",55-64,female,120,267,8,,9,THB,3.63152039,,3.37078652,29.05216315,2026-07-01,2026-07-27
"2200 | DIA | Awareness | Lovely in Pearls | 1 - 31 July 26","Awareness - Lovely in Pearls - 1 - 31 July 26","2200 | DIA | Awareness | Lovely in Pearls | 1 - 31 July 26 [Other-Province]",65+,female,2827,3603,2,,4,THB,14.35049344,,0.1110186,28.70098689,2026-07-01,2026-07-27
"2200 | DIA | Awareness | More Shine This July | 1 - 31 July 26","Awareness - More Shine This July - 1 - 31 July 26","2200 | DIA | Awareness | More Shine This July | 1 - 31 July 26  [BKK]",45-54,female,2775,3212,9,,14,THB,3.17507971,,0.4358655,28.57571738,2026-07-01,2026-07-27
"2200 | DIA | Awareness | Wedding Package | 4 - 31 July 26","Awareness   - Wedding Package - 4 - 31 July 26","2200 | DIA | Message | Wedding Package | 4 - 31 July 26  [BKK]",55-64,female,2614,3003,8,,7,THB,3.49803314,,0.23310023,27.98426511,2026-07-01,2026-07-27
"2200 | DIA | Message | Lovely in Pearls | 1 - 31 July 26","Message - Lovely in Pearls - 1 - 31 July 26","2200 | DIA | Message | Lovely in Pearls | 1 - 31 July 26  [BKK]",65+,female,162,329,14,3,16,THB,1.99863528,9.32696463,4.86322188,27.9808939,2026-07-01,2026-07-27
"2200 | DIA | Awareness | Wedding Package | 4 - 31 July 26","Awareness   - Wedding Package - 4 - 31 July 26","2200 | DIA | Message | Wedding Package | 4 - 31 July 26  [BKK]",55-64,male,2497,2943,5,,3,THB,5.45277958,,0.1019368,27.2638979,2026-07-01,2026-07-27
"2200 | DIA | Awareness | Wedding Package | 4 - 31 July 26","Awareness  - Wedding Package - 4 - 31 July 26","2200 | DIA | Awareness  | Wedding Package | 4 - 31 July 26 [Other-Province]",55-64,male,2282,2894,11,,8,THB,2.46928465,,0.276434,27.1621312,2026-07-01,2026-07-27
"2200 | DIA | Message | Jewel of July | 1 - 15 July 26","Message - Jewel of July - 1 - 15 July 26","2200 | DIA | Message | Jewel of July | 1 - 15 July 26  [BKK]",65+,male,43,167,5,1,12,THB,5.41370217,27.06851083,7.18562874,27.06851083,2026-07-01,2026-07-27
"2200 | Pearl | Awareness |  Lovely in Pearls | 1 - 31 July 26 - Copy","Pearl - Awareness -  Lovely in Pearls - 1 - 31 July 26","2200 | Pearl | Awareness |  Lovely in Pearls | 1 - 31 July 26 [Other-Province]",55-64,male,2615,3179,2,,3,THB,13.49066666,,0.0943693,26.98133332,2026-07-01,2026-07-27
"2200 | DIA | Awareness | More Shine This July | 1 - 31 July 26","Awareness - More Shine This July - 1 - 31 July 26","2200 | DIA | Awareness | More Shine This July | 1 - 31 July 26  [BKK]",55-64,female,2234,2598,22,,18,THB,1.1583644,,0.69284065,25.48401686,2026-07-01,2026-07-27
"2200 | DIA | Awareness | Lovely in Pearls | 1 - 31 July 26","Awareness - Lovely in Pearls - 1 - 31 July 26","2200 | DIA |Awareness | Lovely in Pearls | 1 - 31 July 26  [BKK]",45-54,female,2468,2951,8,1,13,THB,3.11051254,24.88410032,0.44052863,24.88410032,2026-07-01,2026-07-27
"2200 | Pearl | Awareness |  Lovely in Pearls | 1 - 31 July 26 - Copy","Pearl - Awareness -  Lovely in Pearls - 1 - 31 July 26","2200 | Pearl | Awareness |  Lovely in Pearls | 1 - 31 July 26 [Other-Province]",35-44,male,2677,3095,6,,6,THB,4.13173551,,0.19386107,24.79041304,2026-07-01,2026-07-27
"2200 | DIA | Message | More Shine This July | 1 - 31 July 26","Message - More Shine This July - 1 - 31 July 26","2200 | DIA | Message | More Shine This July | 1 - 31 July 26  [BKK]",35-44,male,112,353,21,,39,THB,1.17823046,,11.04815864,24.74283963,2026-07-01,2026-07-27
"2200 | DIA | Message | Disney Princess Collection | 7 - 31 July 26","Message -  Disney Princess Collection - 7 - 31 July 26","2200 | DIA | Message |  Disney Princess Collection | 7 - 31 July 26  [BKK]",45-54,male,47,130,3,1,11,THB,8.16958777,24.5087633,8.46153846,24.5087633,2026-07-01,2026-07-27
"2200 | DIA | Message | Lovely in Pearls | 1 - 31 July 26","Message - Lovely in Pearls - 1 - 31 July 26","2200 | DIA | Message | Lovely in Pearls | 1 - 31 July 26  [BKK]",45-54,male,132,236,8,1,16,THB,3.0488474,24.3907792,6.77966102,24.3907792,2026-07-01,2026-07-27
"2200 | DIA | Message | Wedding Package | 4 - 31 July 26","Message - Wedding Package - 4 - 31 July 26","2200 | DIA | Message | Wedding Package | 4 - 31 July 26  [BKK]",55-64,female,67,158,11,,13,THB,2.20563272,,8.2278481,24.26195987,2026-07-01,2026-07-27
"2200 | DIA | Awareness | More Shine This July | 1 - 31 July 26","Awareness - More Shine This July - 1 - 31 July 26","2200 | DIA | Awareness | More Shine This July | 1 - 31 July 26  [BKK]",55-64,male,2140,2654,7,,5,THB,3.46333349,,0.18839488,24.24333446,2026-07-01,2026-07-27
"2200 | DIA | Message | Jewel of July | 1 - 15 July 26","Message - Jewel of July - 1 - 15 July 26","2200 | DIA | Message | Jewel of July | 1 - 15 July 26 [Other-Province]",25-34,male,172,395,5,1,13,THB,4.63808249,23.19041245,3.29113924,23.19041245,2026-07-01,2026-07-27
"2200 | DIA | Awareness | Wedding Package | 4 - 31 July 26","Awareness  - Wedding Package - 4 - 31 July 26","2200 | DIA | Awareness  | Wedding Package | 4 - 31 July 26 [Other-Province]",65+,female,1970,2425,6,,9,THB,3.75334299,,0.37113402,22.52005795,2026-07-01,2026-07-27
"2200 | DIA | Message | Disney Princess Collection | 7 - 31 July 26","Message -  Disney Princess Collection - 7 - 31 July 26","2200 | DIA | Message |  Disney Princess Collection | 7 - 31 July 26  [BKK]",35-44,male,142,370,6,1,15,THB,3.72770814,22.36624886,4.05405405,22.36624886,2026-07-01,2026-07-27
"2200 | DIA | Awareness | Wedding Package | 4 - 31 July 26","Awareness   - Wedding Package - 4 - 31 July 26","2200 | DIA | Message | Wedding Package | 4 - 31 July 26  [BKK]",65+,male,1891,2334,7,,5,THB,3.17018745,,0.21422451,22.19131213,2026-07-01,2026-07-27
"2200 | DIA | Message | Jewel of July | 1 - 15 July 26","Message - Jewel of July - 1 - 15 July 26","2200 | DIA | Message | Jewel of July | 1 - 15 July 26 [Other-Province]",45-54,male,72,184,2,1,6,THB,10.84519288,21.69038577,3.26086957,21.69038577,2026-07-01,2026-07-27
"2200 | DIA | Message | Wedding Package | 4 - 31 July 26","Message - Wedding Package - 4 - 31 July 26","2200 | DIA | Message | Wedding Package | 4 - 31 July 26 [Other-Province]",45-54,male,28,63,10,1,10,THB,2.15232384,21.52323842,15.87301587,21.52323842,2026-07-01,2026-07-27
"2200 | DIA | Message | Disney Princess Collection | 7 - 31 July 26","Message -  Disney Princess Collection - 7 - 31 July 26","2200 | DIA | Message |  Disney Princess Collection | 7 - 31 July 26 [Other-Province]",65+,female,72,176,8,,19,THB,2.684412,,10.79545455,21.47529599,2026-07-01,2026-07-27
"2200 | DIA | Engage | Disney Princess Collection - Album | 8 - 31 July 26","Engage - Disney Princess Collection - Album - 8 - 31 July 26","2200 | DIA | Engage |  Disney Princess Collection - Album | 8 - 31 July 26 [Other-Province]",35-44,male,215,427,35,1,54,THB,0.6125988,21.44095797,12.64637002,21.44095797,2026-07-01,2026-07-27
"2200 | DIA | Awareness | Lovely in Pearls | 1 - 31 July 26","Awareness - Lovely in Pearls - 1 - 31 July 26","2200 | DIA |Awareness | Lovely in Pearls | 1 - 31 July 26  [BKK]",35-44,female,2287,2637,2,,2,THB,10.61601546,,0.07584376,21.23203091,2026-07-01,2026-07-27
"2200 | Pearl | Awareness |  Lovely in Pearls | 1 - 31 July 26 - Copy","Pearl - Awareness -  Lovely in Pearls - 1 - 31 July 26","2200 | Pearl | Awareness |  Lovely in Pearls | 1 - 31 July 26 [Other-Province]",45-54,male,2208,2565,1,,1,THB,20.88877418,,0.03898635,20.88877418,2026-07-01,2026-07-27
"2200 | DIA | Message | More Shine This July | 1 - 31 July 26","Message - More Shine This July - 1 - 31 July 26","2200 | DIA | Message | More Shine This July | 1 - 31 July 26 [Other-Province]",55-64,female,60,119,20,,22,THB,1.04174187,,18.48739496,20.83483732,2026-07-01,2026-07-27
"2200 | DIA | Message | Wedding Package | 4 - 31 July 26","Message - Wedding Package - 4 - 31 July 26","2200 | DIA | Message | Wedding Package | 4 - 31 July 26  [BKK]",45-54,male,48,95,12,,17,THB,1.71263835,,17.89473684,20.55166015,2026-07-01,2026-07-27
"2200 | DIA | Awareness | Wedding Package | 4 - 31 July 26","Awareness   - Wedding Package - 4 - 31 July 26","2200 | DIA | Message | Wedding Package | 4 - 31 July 26  [BKK]",65+,female,1890,2215,9,,11,THB,2.26559934,,0.496614,20.3903941,2026-07-01,2026-07-27
"2200 | DIA | Awareness | Lovely in Pearls | 1 - 31 July 26","Awareness - Lovely in Pearls - 1 - 31 July 26","2200 | DIA |Awareness | Lovely in Pearls | 1 - 31 July 26  [BKK]",65+,female,2043,2574,3,1,3,THB,6.76049743,20.2814923,0.11655012,20.2814923,2026-07-01,2026-07-27
"2200 | DIA | Awareness | Wedding Package | 4 - 31 July 26","Awareness  - Wedding Package - 4 - 31 July 26","2200 | DIA | Awareness  | Wedding Package | 4 - 31 July 26 [Other-Province]",65+,male,1753,2151,10,,8,THB,2.02690526,,0.37192004,20.2690526,2026-07-01,2026-07-27
"2200 | Pearl | Message |  Lovely in Pearls | 1 - 31 July 26","Pearl - Message -  Lovely in Pearls - 1 - 31 July 26","2200 | Pearl | Message |  Lovely in Pearls | 1 - 31 July 26  [BKK]",45-54,male,119,248,6,1,10,THB,3.28016527,19.68099161,4.03225806,19.68099161,2026-07-01,2026-07-27
"2200 | DIA | Engage | Disney Princess Collection - Album | 8 - 31 July 26","Engage - Disney Princess Collection - Album - 8 - 31 July 26","2200 | DIA | Engage |  Disney Princess Collection - Album | 8 - 31 July 26  [BKK]",65+,female,164,322,43,1,54,THB,0.43444478,18.68112548,16.77018634,18.68112548,2026-07-01,2026-07-27
"2200 | Pearl | Message |  Lovely in Pearls | 1 - 31 July 26","Pearl - Message -  Lovely in Pearls - 1 - 31 July 26","2200 | Pearl | Message |  Lovely in Pearls | 1 - 31 July 26  [BKK]",65+,female,121,244,6,2,11,THB,2.93014763,8.7904429,4.50819672,17.5808858,2026-07-01,2026-07-27
"2200 | Pearl | Awareness |  Lovely in Pearls | 1 - 31 July 26 - Copy","Pearl - Awareness -  Lovely in Pearls - 1 - 31 July 26","2200 | Pearl | Awareness |  Lovely in Pearls | 1 - 31 July 26 [Other-Province]",65+,male,1749,2087,4,,4,THB,4.3093101,,0.19166267,17.23724038,2026-07-01,2026-07-27
"2200 | DIA | Engage | Disney Princess Collection - Album | 8 - 31 July 26","Engage - Disney Princess Collection - Album - 8 - 31 July 26","2200 | DIA | Engage |  Disney Princess Collection - Album | 8 - 31 July 26 [Other-Province]",55-64,female,83,168,22,1,29,THB,0.76311728,16.78858025,17.26190476,16.78858025,2026-07-01,2026-07-27
"2200 | DIA | Message | Wedding Package | 4 - 31 July 26","Message - Wedding Package - 4 - 31 July 26","2200 | DIA | Message | Wedding Package | 4 - 31 July 26 [Other-Province]",55-64,female,39,76,15,1,16,THB,1.07616192,16.14242882,21.05263158,16.14242882,2026-07-01,2026-07-27
"2200 | DIA | Message | Jewel of July | 1 - 15 July 26","Message - Jewel of July - 1 - 15 July 26","2200 | DIA | Message | Jewel of July | 1 - 15 July 26  [BKK]",35-44,unknown,51,128,4,,5,THB,4.0097794,,3.90625,16.03911761,2026-07-01,2026-07-27
"2200 | DIA | Awareness | More Shine This July | 1 - 31 July 26","Awareness - More Shine This July - 1 - 31 July 26","2200 | DIA | Awareness | More Shine This July | 1 - 31 July 26  [BKK]",65+,male,1320,1620,3,,1,THB,5.11614735,,0.0617284,15.34844204,2026-07-01,2026-07-27
"2200 | DIA | Message | Jewel of July | 1 - 15 July 26","Message - Jewel of July - 1 - 15 July 26","2200 | DIA | Message | Jewel of July | 1 - 15 July 26 [Other-Province]",35-44,male,183,314,7,,9,THB,2.09289437,,2.86624204,14.65026056,2026-07-01,2026-07-27
"2200 | DIA | Message | Lovely in Pearls | 1 - 31 July 26","Message - Lovely in Pearls - 1 - 31 July 26","2200 | DIA | Message | Lovely in Pearls | 1 - 31 July 26 [Other-Province]",18-24,female,123,257,4,2,12,THB,3.6325,7.265,4.6692607,14.53,2026-07-01,2026-07-27
"2200 | DIA | Awareness | More Shine This July | 1 - 31 July 26","Awareness - More Shine This July - 1 - 31 July 26","2200 | DIA | Awareness | More Shine This July | 1 - 31 July 26  [BKK]",65+,female,1331,1570,5,,7,THB,2.83956183,,0.44585987,14.19780916,2026-07-01,2026-07-27
"2200 | DIA | Engage | Disney Princess Collection - Album | 8 - 31 July 26","Engage - Disney Princess Collection - Album - 8 - 31 July 26","2200 | DIA | Engage |  Disney Princess Collection - Album | 8 - 31 July 26  [BKK]",35-44,unknown,81,160,19,,29,THB,0.73464804,,18.125,13.95831283,2026-07-01,2026-07-27
"2200 | DIA | Engage | Disney Princess Collection - Album | 8 - 31 July 26","Engage - Disney Princess Collection - Album - 8 - 31 July 26","2200 | DIA | Engage |  Disney Princess Collection - Album | 8 - 31 July 26 [Other-Province]",45-54,male,42,78,9,,12,THB,1.46074655,,15.38461538,13.14671898,2026-07-01,2026-07-27
"2200 | DIA | Message | Lovely in Pearls | 1 - 31 July 26","Message - Lovely in Pearls - 1 - 31 July 26","2200 | DIA | Message | Lovely in Pearls | 1 - 31 July 26 [Other-Province]",65+,female,64,138,9,3,14,THB,1.45333333,4.36,10.14492754,13.08,2026-07-01,2026-07-27
"2200 | DIA | Message | Simply Charming | 16 - 31 July 26","Message - Simply Charming - 16 - 31 July 26","2200 | DIA | Message | Simply Charming | 16 - 31 July 26  [BKK]",35-44,male,146,392,10,1,31,THB,1.25469571,12.54695714,7.90816327,12.54695714,2026-07-01,2026-07-27
"2200 | DIA | Message | Wedding Package | 4 - 31 July 26","Message - Wedding Package - 4 - 31 July 26","2200 | DIA | Message | Wedding Package | 4 - 31 July 26 [Other-Province]",35-44,male,111,196,21,,30,THB,0.57961102,,15.30612245,12.17183139,2026-07-01,2026-07-27
"2200 | DIA | Message | Jewel of July | 1 - 15 July 26","Message - Jewel of July - 1 - 15 July 26","2200 | DIA | Message | Jewel of July | 1 - 15 July 26 [Other-Province]",65+,female,71,133,3,,3,THB,3.91673633,,2.2556391,11.75020898,2026-07-01,2026-07-27
"2200 | DIA | Message | Simply Charming | 16 - 31 July 26","Message - Simply Charming - 16 - 31 July 26","2200 | DIA | Message | Simply Charming | 16 - 31 July 26  [BKK]",45-54,male,62,154,23,2,34,THB,0.50636773,5.82322891,22.07792208,11.64645782,2026-07-01,2026-07-27
"2200 | DIA | Message | More Shine This July | 1 - 31 July 26","Message - More Shine This July - 1 - 31 July 26","2200 | DIA | Message | More Shine This July | 1 - 31 July 26 [Other-Province]",25-34,male,57,172,3,,4,THB,3.83088944,,2.3255814,11.49266831,2026-07-01,2026-07-27
"2200 | Pearl | Message |  Lovely in Pearls | 1 - 31 July 26","Pearl - Message -  Lovely in Pearls - 1 - 31 July 26","2200 | Pearl | Message |  Lovely in Pearls | 1 - 31 July 26 [Other-Province] - Copy",35-44,male,57,96,2,,3,THB,5.59734342,,3.125,11.19468684,2026-07-01,2026-07-27
"2200 | DIA | Message | Disney Princess Collection | 7 - 31 July 26","Message -  Disney Princess Collection - 7 - 31 July 26","2200 | DIA | Message |  Disney Princess Collection | 7 - 31 July 26  [BKK]",65+,female,40,97,,,3,THB,,,3.09278351,11.17311268,2026-07-01,2026-07-27
"2200 | DIA | Engage | Disney Princess Collection - Album | 8 - 31 July 26","Engage - Disney Princess Collection - Album - 8 - 31 July 26","2200 | DIA | Engage |  Disney Princess Collection - Album | 8 - 31 July 26  [BKK]",55-64,male,23,87,12,,16,THB,0.91721291,,18.3908046,11.00655492,2026-07-01,2026-07-27
"2200 | DIA | Message | More Shine This July | 1 - 31 July 26","Message - More Shine This July - 1 - 31 July 26","2200 | DIA | Message | More Shine This July | 1 - 31 July 26  [BKK]",65+,female,33,77,4,,5,THB,2.72281249,,6.49350649,10.89124994,2026-07-01,2026-07-27
"2200 | DIA | Message | Disney Princess Collection | 7 - 31 July 26","Message -  Disney Princess Collection - 7 - 31 July 26","2200 | DIA | Message |  Disney Princess Collection | 7 - 31 July 26 [Other-Province]",55-64,male,19,97,7,1,14,THB,1.55181126,10.86267883,14.43298969,10.86267883,2026-07-01,2026-07-27
"2200 | DIA | Message | More Shine This July | 1 - 31 July 26","Message - More Shine This July - 1 - 31 July 26","2200 | DIA | Message | More Shine This July | 1 - 31 July 26 [Other-Province]",45-54,male,17,45,8,,9,THB,1.31530538,,20,10.52244305,2026-07-01,2026-07-27
"2200 | DIA | Message | Lovely in Pearls | 1 - 31 July 26","Message - Lovely in Pearls - 1 - 31 July 26","2200 | DIA | Message | Lovely in Pearls | 1 - 31 July 26 [Other-Province]",45-54,male,46,71,4,,5,THB,2.595,,7.04225352,10.38,2026-07-01,2026-07-27
"2200 | DIA | Message | Disney Princess Collection | 7 - 31 July 26","Message -  Disney Princess Collection - 7 - 31 July 26","2200 | DIA | Message |  Disney Princess Collection | 7 - 31 July 26 [Other-Province]",35-44,unknown,25,92,2,1,9,THB,5.12126295,10.24252589,9.7826087,10.24252589,2026-07-01,2026-07-27
"2200 | DIA | Message | Simply Charming | 16 - 31 July 26","Message - Simply Charming - 16 - 31 July 26","2200 | DIA | Message | Simply Charming | 16 - 31 July 26  [BKK]",25-34,male,122,283,7,,19,THB,1.34360215,,6.71378092,9.40521508,2026-07-01,2026-07-27
"2200 | DIA | Message | More Shine This July | 1 - 31 July 26","Message - More Shine This July - 1 - 31 July 26","2200 | DIA | Message | More Shine This July | 1 - 31 July 26  [BKK]",35-44,unknown,8,26,,,0,THB,,,0,9.0610399,2026-07-01,2026-07-27
"2200 | DIA | Message | Jewel of July | 1 - 15 July 26","Message - Jewel of July - 1 - 15 July 26","2200 | DIA | Message | Jewel of July | 1 - 15 July 26  [BKK]",45-54,unknown,30,81,2,,6,THB,4.51475162,,7.40740741,9.02950324,2026-07-01,2026-07-27
"2200 | Pearl | Message |  Lovely in Pearls | 1 - 31 July 26","Pearl - Message -  Lovely in Pearls - 1 - 31 July 26","2200 | Pearl | Message |  Lovely in Pearls | 1 - 31 July 26 [Other-Province] - Copy",25-34,male,70,118,1,,1,THB,8.92373607,,0.84745763,8.92373607,2026-07-01,2026-07-27
"2200 | DIA | Message | Jewel of July | 1 - 15 July 26","Message - Jewel of July - 1 - 15 July 26","2200 | DIA | Message | Jewel of July | 1 - 15 July 26 [Other-Province]",55-64,male,21,73,1,,2,THB,8.74015545,,2.73972603,8.74015545,2026-07-01,2026-07-27
"2200 | DIA | Message | More Shine This July | 1 - 31 July 26","Message - More Shine This July - 1 - 31 July 26","2200 | DIA | Message | More Shine This July | 1 - 31 July 26 [Other-Province]",35-44,male,51,107,9,1,14,THB,0.90354311,8.13188802,13.08411215,8.13188802,2026-07-01,2026-07-27
"2200 | DIA | Message | Lovely in Pearls | 1 - 31 July 26","Message - Lovely in Pearls - 1 - 31 July 26","2200 | DIA | Message | Lovely in Pearls | 1 - 31 July 26 [Other-Province]",25-34,male,74,141,5,,7,THB,1.606,,4.96453901,8.03,2026-07-01,2026-07-27
"2200 | DIA | Message | More Shine This July | 1 - 31 July 26","Message - More Shine This July - 1 - 31 July 26","2200 | DIA | Message | More Shine This July | 1 - 31 July 26 [Other-Province]",65+,female,19,33,4,,4,THB,1.98296039,,12.12121212,7.93184157,2026-07-01,2026-07-27
"2200 | DIA | Engage | Disney Princess Collection - Album | 8 - 31 July 26","Engage - Disney Princess Collection - Album - 8 - 31 July 26","2200 | DIA | Engage |  Disney Princess Collection - Album | 8 - 31 July 26  [BKK]",25-34,unknown,97,194,36,,41,THB,0.2117928,,21.13402062,7.62454077,2026-07-01,2026-07-27
"2200 | DIA | Message | Lovely in Pearls | 1 - 31 July 26","Message - Lovely in Pearls - 1 - 31 July 26","2200 | DIA | Message | Lovely in Pearls | 1 - 31 July 26  [BKK]",45-54,unknown,28,82,4,,9,THB,1.88256014,,10.97560976,7.53024057,2026-07-01,2026-07-27
"2200 | DIA | Message | Wedding Package | 4 - 31 July 26","Message - Wedding Package - 4 - 31 July 26","2200 | DIA | Message | Wedding Package | 4 - 31 July 26  [BKK]",35-44,unknown,12,35,11,,13,THB,0.67278162,,37.14285714,7.40059782,2026-07-01,2026-07-27
"2200 | DIA | Message | More Shine This July | 1 - 31 July 26","Message - More Shine This July - 1 - 31 July 26","2200 | DIA | Message | More Shine This July | 1 - 31 July 26  [BKK]",65+,male,9,15,,,0,THB,,,0,7.0108046,2026-07-01,2026-07-27
"2200 | DIA | Message | Disney Princess Collection | 7 - 31 July 26","Message -  Disney Princess Collection - 7 - 31 July 26","2200 | DIA | Message |  Disney Princess Collection | 7 - 31 July 26  [BKK]",55-64,male,11,69,3,1,4,THB,2.19591044,6.58773131,5.79710145,6.58773131,2026-07-01,2026-07-27
"2200 | DIA | Message | Wedding Package | 4 - 31 July 26","Message - Wedding Package - 4 - 31 July 26","2200 | DIA | Message | Wedding Package | 4 - 31 July 26  [BKK]",55-64,male,15,60,9,,16,THB,0.70005655,,26.66666667,6.30050895,2026-07-01,2026-07-27
"2200 | DIA | Message | Simply Charming | 16 - 31 July 26","Message - Simply Charming - 16 - 31 July 26","2200 | DIA | Message | Simply Charming | 16 - 31 July 26 [Other-Province]",55-64,female,74,105,11,,19,THB,0.56999256,,18.0952381,6.26991814,2026-07-01,2026-07-27
"2200 | DIA | Message | More Shine This July | 1 - 31 July 26","Message - More Shine This July - 1 - 31 July 26","2200 | DIA | Message | More Shine This July | 1 - 31 July 26  [BKK]",55-64,male,11,39,4,,6,THB,1.55517848,,15.38461538,6.22071393,2026-07-01,2026-07-27
"2200 | Pearl | Message |  Lovely in Pearls | 1 - 31 July 26","Pearl - Message -  Lovely in Pearls - 1 - 31 July 26","2200 | Pearl | Message |  Lovely in Pearls | 1 - 31 July 26 [Other-Province] - Copy",18-24,female,95,135,3,1,6,THB,1.85077486,5.55232457,4.44444444,5.55232457,2026-07-01,2026-07-27
"2200 | DIA | Message | Disney Princess Collection | 7 - 31 July 26","Message -  Disney Princess Collection - 7 - 31 July 26","2200 | DIA | Message |  Disney Princess Collection | 7 - 31 July 26  [BKK]",35-44,unknown,18,55,1,,4,THB,5.2561686,,7.27272727,5.2561686,2026-07-01,2026-07-27
"2200 | DIA | Message | Wedding Package | 4 - 31 July 26","Message - Wedding Package - 4 - 31 July 26","2200 | DIA | Message | Wedding Package | 4 - 31 July 26 [Other-Province]",35-44,unknown,11,29,6,1,7,THB,0.86179633,5.170778,24.13793103,5.170778,2026-07-01,2026-07-27
"2200 | DIA | Message | Lovely in Pearls | 1 - 31 July 26","Message - Lovely in Pearls - 1 - 31 July 26","2200 | DIA | Message | Lovely in Pearls | 1 - 31 July 26  [BKK]",35-44,unknown,36,56,5,1,7,THB,1.02403271,5.12016357,12.5,5.12016357,2026-07-01,2026-07-27
"2200 | DIA | Message | Wedding Package | 4 - 31 July 26","Message - Wedding Package - 4 - 31 July 26","2200 | DIA | Message | Wedding Package | 4 - 31 July 26 [Other-Province]",55-64,male,12,36,5,,6,THB,1.02215379,,16.66666667,5.11076897,2026-07-01,2026-07-27
"2200 | DIA | Message | Disney Princess Collection | 7 - 31 July 26","Message -  Disney Princess Collection - 7 - 31 July 26","2200 | DIA | Message |  Disney Princess Collection | 7 - 31 July 26 [Other-Province]",25-34,unknown,29,87,,,5,THB,,,5.74712644,5.01123581,2026-07-01,2026-07-27
"2200 | Pearl | Message |  Lovely in Pearls | 1 - 31 July 26","Pearl - Message -  Lovely in Pearls - 1 - 31 July 26","2200 | Pearl | Message |  Lovely in Pearls | 1 - 31 July 26 [Other-Province] - Copy",45-54,male,20,50,4,,5,THB,1.25052355,,10,5.00209421,2026-07-01,2026-07-27
"2200 | DIA | Message | Lovely in Pearls | 1 - 31 July 26","Message - Lovely in Pearls - 1 - 31 July 26","2200 | DIA | Message | Lovely in Pearls | 1 - 31 July 26 [Other-Province]",35-44,male,66,109,3,,5,THB,1.6,,4.58715596,4.8,2026-07-01,2026-07-27
"2200 | DIA | Message | More Shine This July | 1 - 31 July 26","Message - More Shine This July - 1 - 31 July 26","2200 | DIA | Message | More Shine This July | 1 - 31 July 26 [Other-Province]",55-64,male,10,27,5,,7,THB,0.95222108,,25.92592593,4.76110541,2026-07-01,2026-07-27
"2200 | Pearl | Message |  Lovely in Pearls | 1 - 31 July 26","Pearl - Message -  Lovely in Pearls - 1 - 31 July 26","2200 | Pearl | Message |  Lovely in Pearls | 1 - 31 July 26  [BKK]",45-54,unknown,15,31,,,1,THB,,,3.22580645,4.58023077,2026-07-01,2026-07-27
"2200 | DIA | Message | Simply Charming | 16 - 31 July 26","Message - Simply Charming - 16 - 31 July 26","2200 | DIA | Message | Simply Charming | 16 - 31 July 26  [BKK]",65+,female,51,112,10,,12,THB,0.44524688,,10.71428571,4.45246884,2026-07-01,2026-07-27
"2200 | DIA | Message | Simply Charming | 16 - 31 July 26","Message - Simply Charming - 16 - 31 July 26","2200 | DIA | Message | Simply Charming | 16 - 31 July 26 [Other-Province]",45-54,male,17,23,2,1,2,THB,2.19847769,4.39695537,8.69565217,4.39695537,2026-07-01,2026-07-27
"2200 | DIA | Engage | Disney Princess Collection - Album | 8 - 31 July 26","Engage - Disney Princess Collection - Album - 8 - 31 July 26","2200 | DIA | Engage |  Disney Princess Collection - Album | 8 - 31 July 26 [Other-Province]",65+,female,46,67,6,,8,THB,0.71203057,,11.94029851,4.27218341,2026-07-01,2026-07-27
"2200 | DIA | Message | Simply Charming | 16 - 31 July 26","Message - Simply Charming - 16 - 31 July 26","2200 | DIA | Message | Simply Charming | 16 - 31 July 26 [Other-Province]",25-34,male,53,107,2,1,6,THB,2.07828756,4.15657513,5.60747664,4.15657513,2026-07-01,2026-07-27
"2200 | Pearl | Message |  Lovely in Pearls | 1 - 31 July 26","Pearl - Message -  Lovely in Pearls - 1 - 31 July 26","2200 | Pearl | Message |  Lovely in Pearls | 1 - 31 July 26 [Other-Province] - Copy",65+,female,34,51,5,1,5,THB,0.79233172,3.96165861,9.80392157,3.96165861,2026-07-01,2026-07-27
"2200 | Pearl | Message |  Lovely in Pearls | 1 - 31 July 26","Pearl - Message -  Lovely in Pearls - 1 - 31 July 26","2200 | Pearl | Message |  Lovely in Pearls | 1 - 31 July 26  [BKK]",55-64,male,24,41,3,,7,THB,1.3000655,,17.07317073,3.90019651,2026-07-01,2026-07-27
"2200 | DIA | Message | Simply Charming | 16 - 31 July 26","Message - Simply Charming - 16 - 31 July 26","2200 | DIA | Message | Simply Charming | 16 - 31 July 26 [Other-Province]",65+,female,19,42,2,1,3,THB,1.93305783,3.86611566,7.14285714,3.86611566,2026-07-01,2026-07-27
"2200 | DIA | Message | Lovely in Pearls | 1 - 31 July 26","Message - Lovely in Pearls - 1 - 31 July 26","2200 | DIA | Message | Lovely in Pearls | 1 - 31 July 26  [BKK]",25-34,unknown,24,46,3,1,4,THB,1.22670586,3.68011757,8.69565217,3.68011757,2026-07-01,2026-07-27
"2200 | DIA | Message | Simply Charming | 16 - 31 July 26","Message - Simply Charming - 16 - 31 July 26","2200 | DIA | Message | Simply Charming | 16 - 31 July 26 [Other-Province]",35-44,male,55,82,4,,9,THB,0.91895366,,10.97560976,3.67581463,2026-07-01,2026-07-27
"2200 | DIA | Engage | Disney Princess Collection - Album | 8 - 31 July 26","Engage - Disney Princess Collection - Album - 8 - 31 July 26","2200 | DIA | Engage |  Disney Princess Collection - Album | 8 - 31 July 26  [BKK]",45-54,unknown,24,54,10,,16,THB,0.35421095,,29.62962963,3.54210949,2026-07-01,2026-07-27
"2200 | DIA | Engage | Disney Princess Collection - Album | 8 - 31 July 26","Engage - Disney Princess Collection - Album - 8 - 31 July 26","2200 | DIA | Engage |  Disney Princess Collection - Album | 8 - 31 July 26 [Other-Province]",55-64,male,9,27,2,,3,THB,1.72588206,,11.11111111,3.45176412,2026-07-01,2026-07-27
"2200 | DIA | Message | Lovely in Pearls | 1 - 31 July 26","Message - Lovely in Pearls - 1 - 31 July 26","2200 | DIA | Message | Lovely in Pearls | 1 - 31 July 26  [BKK]",55-64,male,29,57,2,,3,THB,1.71505479,,5.26315789,3.43010958,2026-07-01,2026-07-27
"2200 | DIA | Message | Wedding Package | 4 - 31 July 26","Message - Wedding Package - 4 - 31 July 26","2200 | DIA | Message | Wedding Package | 4 - 31 July 26  [BKK]",65+,female,17,39,4,,6,THB,0.84756847,,15.38461538,3.39027386,2026-07-01,2026-07-27
"2200 | DIA | Message | Lovely in Pearls | 1 - 31 July 26","Message - Lovely in Pearls - 1 - 31 July 26","2200 | DIA | Message | Lovely in Pearls | 1 - 31 July 26 [Other-Province]",35-44,unknown,9,59,4,1,2,THB,0.735,2.94,3.38983051,2.94,2026-07-01,2026-07-27
"2200 | Pearl | Message |  Lovely in Pearls | 1 - 31 July 26","Pearl - Message -  Lovely in Pearls - 1 - 31 July 26","2200 | Pearl | Message |  Lovely in Pearls | 1 - 31 July 26  [BKK]",25-34,unknown,24,48,1,,2,THB,2.78014007,,4.16666667,2.78014007,2026-07-01,2026-07-27
"2200 | DIA | Message | Wedding Package | 4 - 31 July 26","Message - Wedding Package - 4 - 31 July 26","2200 | DIA | Message | Wedding Package | 4 - 31 July 26  [BKK]",65+,male,4,18,2,,0,THB,1.37011068,,0,2.74022135,2026-07-01,2026-07-27
"2200 | DIA | Message | Disney Princess Collection | 7 - 31 July 26","Message -  Disney Princess Collection - 7 - 31 July 26","2200 | DIA | Message |  Disney Princess Collection | 7 - 31 July 26 [Other-Province]",45-54,unknown,12,23,1,,3,THB,2.69066354,,13.04347826,2.69066354,2026-07-01,2026-07-27
"2200 | DIA | Message | More Shine This July | 1 - 31 July 26","Message - More Shine This July - 1 - 31 July 26","2200 | DIA | Message | More Shine This July | 1 - 31 July 26  [BKK]",45-54,unknown,3,6,,,0,THB,,,0,2.65030416,2026-07-01,2026-07-27
"2200 | DIA | Message | Jewel of July | 1 - 15 July 26","Message - Jewel of July - 1 - 15 July 26","2200 | DIA | Message | Jewel of July | 1 - 15 July 26  [BKK]",25-34,unknown,23,59,1,,2,THB,2.62985532,,3.38983051,2.62985532,2026-07-01,2026-07-27
"2200 | DIA | Message | Wedding Package | 4 - 31 July 26","Message - Wedding Package - 4 - 31 July 26","2200 | DIA | Message | Wedding Package | 4 - 31 July 26 [Other-Province]",65+,female,11,14,1,,1,THB,2.56038524,,7.14285714,2.56038524,2026-07-01,2026-07-27
"2200 | DIA | Message | Simply Charming | 16 - 31 July 26","Message - Simply Charming - 16 - 31 July 26","2200 | DIA | Message | Simply Charming | 16 - 31 July 26 [Other-Province]",35-44,unknown,5,17,3,,2,THB,0.80126749,,11.76470588,2.40380248,2026-07-01,2026-07-27
"2200 | DIA | Awareness | Wedding Package | 4 - 31 July 26","Awareness   - Wedding Package - 4 - 31 July 26","2200 | DIA | Message | Wedding Package | 4 - 31 July 26  [BKK]",25-34,unknown,216,237,,,1,THB,,,0.42194093,2.39121894,2026-07-01,2026-07-27
"2200 | Pearl | Message |  Lovely in Pearls | 1 - 31 July 26","Pearl - Message -  Lovely in Pearls - 1 - 31 July 26","2200 | Pearl | Message |  Lovely in Pearls | 1 - 31 July 26  [BKK]",18-24,male,47,80,,,0,THB,,,0,2.38011992,2026-07-01,2026-07-27
"2200 | DIA | Engage | Disney Princess Collection - Album | 8 - 31 July 26","Engage - Disney Princess Collection - Album - 8 - 31 July 26","2200 | DIA | Engage |  Disney Princess Collection - Album | 8 - 31 July 26 [Other-Province]",35-44,unknown,32,47,3,,3,THB,0.78706892,,6.38297872,2.36120676,2026-07-01,2026-07-27
"2200 | DIA | Awareness | Disney Princess Collection | 7 - 31 July 26","Awareness -  Disney Princess Collection - 7 - 31 July 26","2200 | DIA | Awareness |  Disney Princess Collection | 7 - 31 July 26 [Other-Province]",25-34,unknown,213,265,,,0,THB,,,0,2.271128,2026-07-01,2026-07-27
"2200 | DIA | Message | More Shine This July | 1 - 31 July 26","Message - More Shine This July - 1 - 31 July 26","2200 | DIA | Message | More Shine This July | 1 - 31 July 26 [Other-Province]",35-44,unknown,7,21,2,,2,THB,1.13026242,,9.52380952,2.26052484,2026-07-01,2026-07-27
"2200 | DIA | Message | Simply Charming | 16 - 31 July 26","Message - Simply Charming - 16 - 31 July 26","2200 | DIA | Message | Simply Charming | 16 - 31 July 26  [BKK]",55-64,male,21,49,4,,6,THB,0.56031069,,12.24489796,2.24124274,2026-07-01,2026-07-27
"2200 | Pearl | Message |  Lovely in Pearls | 1 - 31 July 26","Pearl - Message -  Lovely in Pearls - 1 - 31 July 26","2200 | Pearl | Message |  Lovely in Pearls | 1 - 31 July 26 [Other-Province] - Copy",18-24,male,24,41,,,0,THB,,,0,2.12088794,2026-07-01,2026-07-27
"2200 | DIA | Awareness | More Shine This July | 1 - 31 July 26","Awareness - More Shine This July - 1 - 31 July 26","2200 | DIA | Awareness | More Shine This July | 1 - 31 July 26 [Other-Province]",25-34,unknown,185,223,,,0,THB,,,0,2.05042415,2026-07-01,2026-07-27
"2200 | DIA | Message | Lovely in Pearls | 1 - 31 July 26","Message - Lovely in Pearls - 1 - 31 July 26","2200 | DIA | Message | Lovely in Pearls | 1 - 31 July 26  [BKK]",18-24,male,42,60,,,0,THB,,,0,2.01006421,2026-07-01,2026-07-27
"2200 | DIA | Message | Wedding Package | 4 - 31 July 26","Message - Wedding Package - 4 - 31 July 26","2200 | DIA | Message | Wedding Package | 4 - 31 July 26  [BKK]",25-34,unknown,8,12,,,2,THB,,,16.66666667,1.94015672,2026-07-01,2026-07-27
"2200 | Pearl | Message |  Lovely in Pearls | 1 - 31 July 26","Pearl - Message -  Lovely in Pearls - 1 - 31 July 26","2200 | Pearl | Message |  Lovely in Pearls | 1 - 31 July 26  [BKK]",35-44,unknown,16,34,2,,3,THB,0.93504711,,8.82352941,1.87009422,2026-07-01,2026-07-27
"2200 | DIA | Message | Lovely in Pearls | 1 - 31 July 26","Message - Lovely in Pearls - 1 - 31 July 26","2200 | DIA | Message | Lovely in Pearls | 1 - 31 July 26 [Other-Province]",55-64,male,11,32,1,,2,THB,1.82,,6.25,1.82,2026-07-01,2026-07-27
"2200 | DIA | Message | Disney Princess Collection | 7 - 31 July 26","Message -  Disney Princess Collection - 7 - 31 July 26","2200 | DIA | Message |  Disney Princess Collection | 7 - 31 July 26  [BKK]",25-34,unknown,19,48,,,0,THB,,,0,1.74204445,2026-07-01,2026-07-27
"2200 | DIA | Engage | Disney Princess Collection - Album | 8 - 31 July 26","Engage - Disney Princess Collection - Album - 8 - 31 July 26","2200 | DIA | Engage |  Disney Princess Collection - Album | 8 - 31 July 26 [Other-Province]",25-34,unknown,27,55,2,,4,THB,0.79540651,,7.27272727,1.59081303,2026-07-01,2026-07-27
"2200 | DIA | Awareness | Disney Princess Collection | 7 - 31 July 26","Awareness -  Disney Princess Collection - 7 - 31 July 26","2200 | DIA | Awareness |  Disney Princess Collection | 7 - 31 July 26  [BKK]",25-34,unknown,169,211,,,0,THB,,,0,1.58024608,2026-07-01,2026-07-27
"2200 | DIA | Awareness | Wedding Package | 4 - 31 July 26","Awareness  - Wedding Package - 4 - 31 July 26","2200 | DIA | Awareness  | Wedding Package | 4 - 31 July 26 [Other-Province]",25-34,unknown,153,173,2,,0,THB,0.77034405,,0,1.5406881,2026-07-01,2026-07-27
"2200 | DIA | Awareness | Simply Charming | 16 - 31 July 26","Awareness - Simply Charming - 16 - 31 July 26","2200 | DIA | Awareness | Simply Charming | 16 - 31 July 26  [BKK]",25-34,unknown,150,184,,,0,THB,,,0,1.52016717,2026-07-01,2026-07-27
"2200 | DIA | Message | Jewel of July | 1 - 15 July 26","Message - Jewel of July - 1 - 15 July 26","2200 | DIA | Message | Jewel of July | 1 - 15 July 26 [Other-Province]",65+,male,14,21,,,0,THB,,,0,1.4000249,2026-07-01,2026-07-27
"2200 | DIA | Awareness | Disney Princess Collection | 7 - 31 July 26","Awareness -  Disney Princess Collection - 7 - 31 July 26","2200 | DIA | Awareness |  Disney Princess Collection | 7 - 31 July 26 [Other-Province]",45-54,unknown,108,155,,,0,THB,,,0,1.35067084,2026-07-01,2026-07-27
"2200 | Pearl | Awareness |  Lovely in Pearls | 1 - 31 July 26 - Copy","Pearl - Awareness -  Lovely in Pearls - 1 - 31 July 26","2200 | Pearl | Awareness |  Lovely in Pearls | 1 - 31 July 26  [BKK]",18-24,unknown,133,166,,,0,THB,,,0,1.34030366,2026-07-01,2026-07-27
"2200 | DIA | Awareness | More Shine This July | 1 - 31 July 26","Awareness - More Shine This July - 1 - 31 July 26","2200 | DIA | Awareness | More Shine This July | 1 - 31 July 26  [BKK]",25-34,unknown,135,146,,,0,THB,,,0,1.29070992,2026-07-01,2026-07-27
"2200 | Pearl | Awareness |  Lovely in Pearls | 1 - 31 July 26 - Copy","Pearl - Awareness -  Lovely in Pearls - 1 - 31 July 26","2200 | Pearl | Awareness |  Lovely in Pearls | 1 - 31 July 26  [BKK]",25-34,unknown,121,154,,,0,THB,,,0,1.28029007,2026-07-01,2026-07-27
"2200 | DIA | Awareness | Simply Charming | 16 - 31 July 26","Awareness - Simply Charming - 16 - 31 July 26","2200 | DIA | Awareness | Simply Charming | 16 - 31 July 26 [Other-Province]",25-34,unknown,112,139,,,0,THB,,,0,1.27195717,2026-07-01,2026-07-27
"2200 | DIA | Awareness | Lovely in Pearls | 1 - 31 July 26","Awareness - Lovely in Pearls - 1 - 31 July 26","2200 | DIA | Awareness | Lovely in Pearls | 1 - 31 July 26 [Other-Province]",18-24,unknown,123,150,,,0,THB,,,0,1.26048252,2026-07-01,2026-07-27
"2200 | DIA | Awareness | Disney Princess Collection | 7 - 31 July 26","Awareness -  Disney Princess Collection - 7 - 31 July 26","2200 | DIA | Awareness |  Disney Princess Collection | 7 - 31 July 26 [Other-Province]",35-44,unknown,115,152,,,0,THB,,,0,1.23061121,2026-07-01,2026-07-27
"2200 | DIA | Awareness | Lovely in Pearls | 1 - 31 July 26","Awareness - Lovely in Pearls - 1 - 31 July 26","2200 | DIA |Awareness | Lovely in Pearls | 1 - 31 July 26  [BKK]",18-24,unknown,115,138,,,0,THB,,,0,1.21068602,2026-07-01,2026-07-27
"2200 | DIA | Message | More Shine This July | 1 - 31 July 26","Message - More Shine This July - 1 - 31 July 26","2200 | DIA | Message | More Shine This July | 1 - 31 July 26  [BKK]",25-34,unknown,9,15,4,,5,THB,0.29503386,,33.33333333,1.18013544,2026-07-01,2026-07-27
"2200 | DIA | Message | Lovely in Pearls | 1 - 31 July 26","Message - Lovely in Pearls - 1 - 31 July 26","2200 | DIA | Message | Lovely in Pearls | 1 - 31 July 26  [BKK]",65+,unknown,3,14,3,1,4,THB,0.3933459,1.1800377,28.57142857,1.1800377,2026-07-01,2026-07-27
"2200 | DIA | Awareness | Simply Charming | 16 - 31 July 26","Awareness - Simply Charming - 16 - 31 July 26","2200 | DIA | Awareness | Simply Charming | 16 - 31 July 26  [BKK]",35-44,unknown,116,146,1,,2,THB,1.17012868,,1.36986301,1.17012868,2026-07-01,2026-07-27
"2200 | DIA | Awareness | Lovely in Pearls | 1 - 31 July 26","Awareness - Lovely in Pearls - 1 - 31 July 26","2200 | DIA |Awareness | Lovely in Pearls | 1 - 31 July 26  [BKK]",25-34,unknown,98,124,,,0,THB,,,0,1.16065767,2026-07-01,2026-07-27
"2200 | DIA | Message | Jewel of July | 1 - 15 July 26","Message - Jewel of July - 1 - 15 July 26","2200 | DIA | Message | Jewel of July | 1 - 15 July 26 [Other-Province]",35-44,unknown,13,28,2,,2,THB,0.57001014,,7.14285714,1.14002028,2026-07-01,2026-07-27
"2200 | DIA | Message | Simply Charming | 16 - 31 July 26","Message - Simply Charming - 16 - 31 July 26","2200 | DIA | Message | Simply Charming | 16 - 31 July 26 [Other-Province]",55-64,male,7,14,,,0,THB,,,0,1.09172696,2026-07-01,2026-07-27
"2200 | DIA | Message | Wedding Package | 4 - 31 July 26","Message - Wedding Package - 4 - 31 July 26","2200 | DIA | Message | Wedding Package | 4 - 31 July 26  [BKK]",65+,unknown,2,2,,,0,THB,,,0,1.06008563,2026-07-01,2026-07-27
"2200 | DIA | Awareness | Lovely in Pearls | 1 - 31 July 26","Awareness - Lovely in Pearls - 1 - 31 July 26","2200 | DIA | Awareness | Lovely in Pearls | 1 - 31 July 26 [Other-Province]",25-34,unknown,101,124,,,0,THB,,,0,1.04039827,2026-07-01,2026-07-27
"2200 | DIA | Awareness | Disney Princess Collection | 7 - 31 July 26","Awareness -  Disney Princess Collection - 7 - 31 July 26","2200 | DIA | Awareness |  Disney Princess Collection | 7 - 31 July 26 [Other-Province]",55-64,unknown,82,121,,,0,THB,,,0,1.03051183,2026-07-01,2026-07-27
"2200 | DIA | Awareness | Wedding Package | 4 - 31 July 26","Awareness   - Wedding Package - 4 - 31 July 26","2200 | DIA | Message | Wedding Package | 4 - 31 July 26  [BKK]",35-44,unknown,102,117,2,,2,THB,0.49525246,,1.70940171,0.99050491,2026-07-01,2026-07-27
"2200 | DIA | Awareness | Disney Princess Collection | 7 - 31 July 26","Awareness -  Disney Princess Collection - 7 - 31 July 26","2200 | DIA | Awareness |  Disney Princess Collection | 7 - 31 July 26  [BKK]",35-44,unknown,99,122,,,0,THB,,,0,0.99015419,2026-07-01,2026-07-27
"2200 | Pearl | Awareness |  Lovely in Pearls | 1 - 31 July 26 - Copy","Pearl - Awareness -  Lovely in Pearls - 1 - 31 July 26","2200 | Pearl | Awareness |  Lovely in Pearls | 1 - 31 July 26 [Other-Province]",18-24,unknown,87,112,1,,1,THB,0.98041182,,0.89285714,0.98041182,2026-07-01,2026-07-27
"2200 | DIA | Awareness | Wedding Package | 4 - 31 July 26","Awareness  - Wedding Package - 4 - 31 July 26","2200 | DIA | Awareness  | Wedding Package | 4 - 31 July 26 [Other-Province]",35-44,unknown,88,95,,,0,THB,,,0,0.92041108,2026-07-01,2026-07-27
"2200 | Pearl | Message |  Lovely in Pearls | 1 - 31 July 26","Pearl - Message -  Lovely in Pearls - 1 - 31 July 26","2200 | Pearl | Message |  Lovely in Pearls | 1 - 31 July 26 [Other-Province] - Copy",35-44,unknown,8,15,,,1,THB,,,6.66666667,0.92038533,2026-07-01,2026-07-27
"2200 | DIA | Message | Jewel of July | 1 - 15 July 26","Message - Jewel of July - 1 - 15 July 26","2200 | DIA | Message | Jewel of July | 1 - 15 July 26  [BKK]",65+,unknown,2,12,,,0,THB,,,0,0.91994939,2026-07-01,2026-07-27
"2200 | DIA | Awareness | Simply Charming | 16 - 31 July 26","Awareness - Simply Charming - 16 - 31 July 26","2200 | DIA | Awareness | Simply Charming | 16 - 31 July 26 [Other-Province]",35-44,unknown,95,114,,,0,THB,,,0,0.89137156,2026-07-01,2026-07-27
"2200 | DIA | Awareness | More Shine This July | 1 - 31 July 26","Awareness - More Shine This July - 1 - 31 July 26","2200 | DIA | Awareness | More Shine This July | 1 - 31 July 26 [Other-Province]",35-44,unknown,81,99,,,0,THB,,,0,0.89018414,2026-07-01,2026-07-27
"2200 | DIA | Awareness | Disney Princess Collection | 7 - 31 July 26","Awareness -  Disney Princess Collection - 7 - 31 July 26","2200 | DIA | Awareness |  Disney Princess Collection | 7 - 31 July 26  [BKK]",45-54,unknown,82,102,,,0,THB,,,0,0.85013238,2026-07-01,2026-07-27
"2200 | Pearl | Awareness |  Lovely in Pearls | 1 - 31 July 26 - Copy","Pearl - Awareness -  Lovely in Pearls - 1 - 31 July 26","2200 | Pearl | Awareness |  Lovely in Pearls | 1 - 31 July 26 [Other-Province]",25-34,unknown,80,101,,,0,THB,,,0,0.83034878,2026-07-01,2026-07-27
"2200 | DIA | Awareness | Disney Princess Collection | 7 - 31 July 26","Awareness -  Disney Princess Collection - 7 - 31 July 26","2200 | DIA | Awareness |  Disney Princess Collection | 7 - 31 July 26  [BKK]",55-64,unknown,66,93,,,0,THB,,,0,0.78012148,2026-07-01,2026-07-27
"2200 | DIA | Awareness | More Shine This July | 1 - 31 July 26","Awareness - More Shine This July - 1 - 31 July 26","2200 | DIA | Awareness | More Shine This July | 1 - 31 July 26  [BKK]",35-44,unknown,70,81,,,1,THB,,,1.2345679,0.73040174,2026-07-01,2026-07-27
"2200 | DIA | Awareness | Lovely in Pearls | 1 - 31 July 26","Awareness - Lovely in Pearls - 1 - 31 July 26","2200 | DIA | Awareness | Lovely in Pearls | 1 - 31 July 26 [Other-Province]",35-44,unknown,67,92,,,0,THB,,,0,0.73027955,2026-07-01,2026-07-27
"2200 | DIA | Awareness | Simply Charming | 16 - 31 July 26","Awareness - Simply Charming - 16 - 31 July 26","2200 | DIA | Awareness | Simply Charming | 16 - 31 July 26  [BKK]",45-54,unknown,80,89,,,0,THB,,,0,0.73008029,2026-07-01,2026-07-27
"2200 | DIA | Message | Simply Charming | 16 - 31 July 26","Message - Simply Charming - 16 - 31 July 26","2200 | DIA | Message | Simply Charming | 16 - 31 July 26  [BKK]",35-44,unknown,13,18,,,0,THB,,,0,0.72039945,2026-07-01,2026-07-27
"2200 | DIA | Awareness | Disney Princess Collection | 7 - 31 July 26","Awareness -  Disney Princess Collection - 7 - 31 July 26","2200 | DIA | Awareness |  Disney Princess Collection | 7 - 31 July 26 [Other-Province]",65+,unknown,54,76,,,0,THB,,,0,0.64031803,2026-07-01,2026-07-27
"2200 | DIA | Message | More Shine This July | 1 - 31 July 26","Message - More Shine This July - 1 - 31 July 26","2200 | DIA | Message | More Shine This July | 1 - 31 July 26  [BKK]",65+,unknown,1,3,,,0,THB,,,0,0.63007231,2026-07-01,2026-07-27
"2200 | Pearl | Awareness |  Lovely in Pearls | 1 - 31 July 26 - Copy","Pearl - Awareness -  Lovely in Pearls - 1 - 31 July 26","2200 | Pearl | Awareness |  Lovely in Pearls | 1 - 31 July 26  [BKK]",35-44,unknown,70,82,,,0,THB,,,0,0.6201405,2026-07-01,2026-07-27
"2200 | DIA | Awareness | Lovely in Pearls | 1 - 31 July 26","Awareness - Lovely in Pearls - 1 - 31 July 26","2200 | DIA | Awareness | Lovely in Pearls | 1 - 31 July 26 [Other-Province]",45-54,unknown,44,59,,,0,THB,,,0,0.57021828,2026-07-01,2026-07-27
"2200 | DIA | Message | Jewel of July | 1 - 15 July 26","Message - Jewel of July - 1 - 15 July 26","2200 | DIA | Message | Jewel of July | 1 - 15 July 26 [Other-Province]",25-34,unknown,9,15,,,0,THB,,,0,0.57001014,2026-07-01,2026-07-27
"2200 | DIA | Message | Lovely in Pearls | 1 - 31 July 26","Message - Lovely in Pearls - 1 - 31 July 26","2200 | DIA | Message | Lovely in Pearls | 1 - 31 July 26 [Other-Province]",18-24,male,14,17,,,0,THB,,,0,0.57,2026-07-01,2026-07-27
"2200 | DIA | Awareness | Lovely in Pearls | 1 - 31 July 26","Awareness - Lovely in Pearls - 1 - 31 July 26","2200 | DIA |Awareness | Lovely in Pearls | 1 - 31 July 26  [BKK]",35-44,unknown,61,76,,,0,THB,,,0,0.54030616,2026-07-01,2026-07-27
"2200 | DIA | Awareness | Simply Charming | 16 - 31 July 26","Awareness - Simply Charming - 16 - 31 July 26","2200 | DIA | Awareness | Simply Charming | 16 - 31 July 26 [Other-Province]",45-54,unknown,49,61,,,0,THB,,,0,0.52080136,2026-07-01,2026-07-27
"2200 | DIA | Message | Disney Princess Collection | 7 - 31 July 26","Message -  Disney Princess Collection - 7 - 31 July 26","2200 | DIA | Message |  Disney Princess Collection | 7 - 31 July 26 [Other-Province]",65+,unknown,1,3,,,0,THB,,,0,0.52012827,2026-07-01,2026-07-27
"2200 | DIA | Message | Disney Princess Collection | 7 - 31 July 26","Message -  Disney Princess Collection - 7 - 31 July 26","2200 | DIA | Message |  Disney Princess Collection | 7 - 31 July 26 [Other-Province]",65+,male,5,14,,,0,THB,,,0,0.50012333,2026-07-01,2026-07-27
"2200 | DIA | Engage | Disney Princess Collection - Album | 8 - 31 July 26","Engage - Disney Princess Collection - Album - 8 - 31 July 26","2200 | DIA | Engage |  Disney Princess Collection - Album | 8 - 31 July 26  [BKK]",65+,unknown,3,6,,,0,THB,,,0,0.49029199,2026-07-01,2026-07-27
"2200 | DIA | Awareness | Simply Charming | 16 - 31 July 26","Awareness - Simply Charming - 16 - 31 July 26","2200 | DIA | Awareness | Simply Charming | 16 - 31 July 26  [BKK]",55-64,unknown,41,56,,,0,THB,,,0,0.49005389,2026-07-01,2026-07-27
"2200 | DIA | Message | Simply Charming | 16 - 31 July 26","Message - Simply Charming - 16 - 31 July 26","2200 | DIA | Message | Simply Charming | 16 - 31 July 26  [BKK]",25-34,unknown,8,19,,,1,THB,,,5.26315789,0.4802663,2026-07-01,2026-07-27
"2200 | DIA | Message | Wedding Package | 4 - 31 July 26","Message - Wedding Package - 4 - 31 July 26","2200 | DIA | Message | Wedding Package | 4 - 31 July 26 [Other-Province]",25-34,unknown,6,7,,,0,THB,,,0,0.48007223,2026-07-01,2026-07-27
"2200 | DIA | Message | Disney Princess Collection | 7 - 31 July 26","Message -  Disney Princess Collection - 7 - 31 July 26","2200 | DIA | Message |  Disney Princess Collection | 7 - 31 July 26  [BKK]",45-54,unknown,3,4,,,0,THB,,,0,0.47055224,2026-07-01,2026-07-27
"2200 | DIA | Awareness | More Shine This July | 1 - 31 July 26","Awareness - More Shine This July - 1 - 31 July 26","2200 | DIA | Awareness | More Shine This July | 1 - 31 July 26 [Other-Province]",45-54,unknown,38,48,,,0,THB,,,0,0.45009311,2026-07-01,2026-07-27
"2200 | DIA | Awareness | Disney Princess Collection | 7 - 31 July 26","Awareness -  Disney Princess Collection - 7 - 31 July 26","2200 | DIA | Awareness |  Disney Princess Collection | 7 - 31 July 26  [BKK]",65+,unknown,38,56,,,0,THB,,,0,0.43006697,2026-07-01,2026-07-27
"2200 | DIA | Message | Disney Princess Collection | 7 - 31 July 26","Message -  Disney Princess Collection - 7 - 31 July 26","2200 | DIA | Message |  Disney Princess Collection | 7 - 31 July 26  [BKK]",65+,male,8,13,,,0,THB,,,0,0.41048174,2026-07-01,2026-07-27
"2200 | DIA | Message | Jewel of July | 1 - 15 July 26","Message - Jewel of July - 1 - 15 July 26","2200 | DIA | Message | Jewel of July | 1 - 15 July 26  [BKK]",55-64,unknown,5,5,,,0,THB,,,0,0.399978,2026-07-01,2026-07-27
"2200 | DIA | Awareness | Lovely in Pearls | 1 - 31 July 26","Awareness - Lovely in Pearls - 1 - 31 July 26","2200 | DIA |Awareness | Lovely in Pearls | 1 - 31 July 26  [BKK]",55-64,unknown,35,49,,,0,THB,,,0,0.39022111,2026-07-01,2026-07-27
"2200 | Pearl | Message |  Lovely in Pearls | 1 - 31 July 26","Pearl - Message -  Lovely in Pearls - 1 - 31 July 26","2200 | Pearl | Message |  Lovely in Pearls | 1 - 31 July 26 [Other-Province] - Copy",25-34,unknown,3,8,,,0,THB,,,0,0.39016335,2026-07-01,2026-07-27
"2200 | DIA | Awareness | Wedding Package | 4 - 31 July 26","Awareness   - Wedding Package - 4 - 31 July 26","2200 | DIA | Message | Wedding Package | 4 - 31 July 26  [BKK]",45-54,unknown,33,40,,,0,THB,,,0,0.37018871,2026-07-01,2026-07-27
"2200 | DIA | Awareness | Simply Charming | 16 - 31 July 26","Awareness - Simply Charming - 16 - 31 July 26","2200 | DIA | Awareness | Simply Charming | 16 - 31 July 26 [Other-Province]",55-64,unknown,30,40,,,0,THB,,,0,0.35053938,2026-07-01,2026-07-27
"2200 | DIA | Awareness | Lovely in Pearls | 1 - 31 July 26","Awareness - Lovely in Pearls - 1 - 31 July 26","2200 | DIA | Awareness | Lovely in Pearls | 1 - 31 July 26 [Other-Province]",55-64,unknown,35,43,,,0,THB,,,0,0.35013403,2026-07-01,2026-07-27
"2200 | DIA | Message | Lovely in Pearls | 1 - 31 July 26","Message - Lovely in Pearls - 1 - 31 July 26","2200 | DIA | Message | Lovely in Pearls | 1 - 31 July 26  [BKK]",65+,male,9,12,,,0,THB,,,0,0.35001118,2026-07-01,2026-07-27
"2200 | Pearl | Message |  Lovely in Pearls | 1 - 31 July 26","Pearl - Message -  Lovely in Pearls - 1 - 31 July 26","2200 | Pearl | Message |  Lovely in Pearls | 1 - 31 July 26 [Other-Province] - Copy",45-54,unknown,4,5,,,0,THB,,,0,0.34014241,2026-07-01,2026-07-27
"2200 | Pearl | Awareness |  Lovely in Pearls | 1 - 31 July 26 - Copy","Pearl - Awareness -  Lovely in Pearls - 1 - 31 July 26","2200 | Pearl | Awareness |  Lovely in Pearls | 1 - 31 July 26  [BKK]",45-54,unknown,38,43,,,0,THB,,,0,0.34007705,2026-07-01,2026-07-27
"2200 | DIA | Awareness | More Shine This July | 1 - 31 July 26","Awareness - More Shine This July - 1 - 31 July 26","2200 | DIA | Awareness | More Shine This July | 1 - 31 July 26 [Other-Province]",55-64,unknown,24,30,,,0,THB,,,0,0.31006414,2026-07-01,2026-07-27
"2200 | Pearl | Message |  Lovely in Pearls | 1 - 31 July 26","Pearl - Message -  Lovely in Pearls - 1 - 31 July 26","2200 | Pearl | Message |  Lovely in Pearls | 1 - 31 July 26  [BKK]",65+,male,4,5,,,0,THB,,,0,0.31001562,2026-07-01,2026-07-27
"2200 | DIA | Awareness | Lovely in Pearls | 1 - 31 July 26","Awareness - Lovely in Pearls - 1 - 31 July 26","2200 | DIA |Awareness | Lovely in Pearls | 1 - 31 July 26  [BKK]",45-54,unknown,26,34,,,0,THB,,,0,0.30017009,2026-07-01,2026-07-27
"2200 | DIA | Awareness | More Shine This July | 1 - 31 July 26","Awareness - More Shine This July - 1 - 31 July 26","2200 | DIA | Awareness | More Shine This July | 1 - 31 July 26 [Other-Province]",65+,unknown,25,32,,,0,THB,,,0,0.29006,2026-07-01,2026-07-27
"2200 | DIA | Message | Lovely in Pearls | 1 - 31 July 26","Message - Lovely in Pearls - 1 - 31 July 26","2200 | DIA | Message | Lovely in Pearls | 1 - 31 July 26 [Other-Province]",45-54,unknown,5,6,,,0,THB,,,0,0.28,2026-07-01,2026-07-27
"2200 | DIA | Message | Lovely in Pearls | 1 - 31 July 26","Message - Lovely in Pearls - 1 - 31 July 26","2200 | DIA | Message | Lovely in Pearls | 1 - 31 July 26  [BKK]",55-64,unknown,4,4,,,0,THB,,,0,0.27000863,2026-07-01,2026-07-27
"2200 | DIA | Message | Jewel of July | 1 - 15 July 26","Message - Jewel of July - 1 - 15 July 26","2200 | DIA | Message | Jewel of July | 1 - 15 July 26 [Other-Province]",45-54,unknown,3,6,1,,1,THB,0.2700048,,16.66666667,0.2700048,2026-07-01,2026-07-27
"2200 | DIA | Engage | Disney Princess Collection - Album | 8 - 31 July 26","Engage - Disney Princess Collection - Album - 8 - 31 July 26","2200 | DIA | Engage |  Disney Princess Collection - Album | 8 - 31 July 26 [Other-Province]",45-54,unknown,5,5,2,,2,THB,0.13006647,,40,0.26013295,2026-07-01,2026-07-27
"2200 | DIA | Message | Wedding Package | 4 - 31 July 26","Message - Wedding Package - 4 - 31 July 26","2200 | DIA | Message | Wedding Package | 4 - 31 July 26  [BKK]",45-54,unknown,2,2,,,0,THB,,,0,0.260021,2026-07-01,2026-07-27
"2200 | DIA | Awareness | More Shine This July | 1 - 31 July 26","Awareness - More Shine This July - 1 - 31 July 26","2200 | DIA | Awareness | More Shine This July | 1 - 31 July 26  [BKK]",45-54,unknown,24,29,,,0,THB,,,0,0.25013758,2026-07-01,2026-07-27
"2200 | Pearl | Awareness |  Lovely in Pearls | 1 - 31 July 26 - Copy","Pearl - Awareness -  Lovely in Pearls - 1 - 31 July 26","2200 | Pearl | Awareness |  Lovely in Pearls | 1 - 31 July 26 [Other-Province]",35-44,unknown,24,27,,,0,THB,,,0,0.25010505,2026-07-01,2026-07-27
"2200 | DIA | Awareness | Lovely in Pearls | 1 - 31 July 26","Awareness - Lovely in Pearls - 1 - 31 July 26","2200 | DIA |Awareness | Lovely in Pearls | 1 - 31 July 26  [BKK]",65+,unknown,23,28,,,0,THB,,,0,0.24013607,2026-07-01,2026-07-27
"2200 | DIA | Awareness | Wedding Package | 4 - 31 July 26","Awareness  - Wedding Package - 4 - 31 July 26","2200 | DIA | Awareness  | Wedding Package | 4 - 31 July 26 [Other-Province]",45-54,unknown,23,29,1,,1,THB,0.24010724,,3.44827586,0.24010724,2026-07-01,2026-07-27
"2200 | Pearl | Awareness |  Lovely in Pearls | 1 - 31 July 26 - Copy","Pearl - Awareness -  Lovely in Pearls - 1 - 31 July 26","2200 | Pearl | Awareness |  Lovely in Pearls | 1 - 31 July 26  [BKK]",55-64,unknown,27,34,,,0,THB,,,0,0.24005439,2026-07-01,2026-07-27
"2200 | DIA | Message | Lovely in Pearls | 1 - 31 July 26","Message - Lovely in Pearls - 1 - 31 July 26","2200 | DIA | Message | Lovely in Pearls | 1 - 31 July 26 [Other-Province]",25-34,unknown,5,6,,,0,THB,,,0,0.24,2026-07-01,2026-07-27
"2200 | DIA | Awareness | Lovely in Pearls | 1 - 31 July 26","Awareness - Lovely in Pearls - 1 - 31 July 26","2200 | DIA | Awareness | Lovely in Pearls | 1 - 31 July 26 [Other-Province]",65+,unknown,24,28,,,0,THB,,,0,0.23008808,2026-07-01,2026-07-27
"2200 | DIA | Message | Simply Charming | 16 - 31 July 26","Message - Simply Charming - 16 - 31 July 26","2200 | DIA | Message | Simply Charming | 16 - 31 July 26  [BKK]",45-54,unknown,8,10,,,0,THB,,,0,0.22012206,2026-07-01,2026-07-27
"2200 | DIA | Message | Simply Charming | 16 - 31 July 26","Message - Simply Charming - 16 - 31 July 26","2200 | DIA | Message | Simply Charming | 16 - 31 July 26  [BKK]",65+,unknown,1,2,,,0,THB,,,0,0.22012206,2026-07-01,2026-07-27
"2200 | DIA | Awareness | Simply Charming | 16 - 31 July 26","Awareness - Simply Charming - 16 - 31 July 26","2200 | DIA | Awareness | Simply Charming | 16 - 31 July 26  [BKK]",65+,unknown,28,30,,,0,THB,,,0,0.2200242,2026-07-01,2026-07-27
"2200 | Pearl | Awareness |  Lovely in Pearls | 1 - 31 July 26 - Copy","Pearl - Awareness -  Lovely in Pearls - 1 - 31 July 26","2200 | Pearl | Awareness |  Lovely in Pearls | 1 - 31 July 26  [BKK]",65+,unknown,27,32,,,0,THB,,,0,0.21004759,2026-07-01,2026-07-27
"2200 | DIA | Message | Lovely in Pearls | 1 - 31 July 26","Message - Lovely in Pearls - 1 - 31 July 26","2200 | DIA | Message | Lovely in Pearls | 1 - 31 July 26 [Other-Province]",65+,male,2,2,,,0,THB,,,0,0.21,2026-07-01,2026-07-27
"2200 | Pearl | Message |  Lovely in Pearls | 1 - 31 July 26","Pearl - Message -  Lovely in Pearls - 1 - 31 July 26","2200 | Pearl | Message |  Lovely in Pearls | 1 - 31 July 26 [Other-Province] - Copy",55-64,male,5,6,,,0,THB,,,0,0.20008377,2026-07-01,2026-07-27
"2200 | DIA | Awareness | Simply Charming | 16 - 31 July 26","Awareness - Simply Charming - 16 - 31 July 26","2200 | DIA | Awareness | Simply Charming | 16 - 31 July 26 [Other-Province]",65+,unknown,16,20,,,0,THB,,,0,0.1902928,2026-07-01,2026-07-27
"2200 | DIA | Awareness | More Shine This July | 1 - 31 July 26","Awareness - More Shine This July - 1 - 31 July 26","2200 | DIA | Awareness | More Shine This July | 1 - 31 July 26  [BKK]",55-64,unknown,17,19,,,0,THB,,,0,0.18009906,2026-07-01,2026-07-27
"2200 | DIA | Message | More Shine This July | 1 - 31 July 26","Message - More Shine This July - 1 - 31 July 26","2200 | DIA | Message | More Shine This July | 1 - 31 July 26 [Other-Province]",25-34,unknown,1,5,,,0,THB,,,0,0.1800418,2026-07-01,2026-07-27
"2200 | DIA | Awareness | Wedding Package | 4 - 31 July 26","Awareness  - Wedding Package - 4 - 31 July 26","2200 | DIA | Awareness  | Wedding Package | 4 - 31 July 26 [Other-Province]",65+,unknown,15,18,,,0,THB,,,0,0.17007596,2026-07-01,2026-07-27
"2200 | DIA | Message | Simply Charming | 16 - 31 July 26","Message - Simply Charming - 16 - 31 July 26","2200 | DIA | Message | Simply Charming | 16 - 31 July 26 [Other-Province]",25-34,unknown,5,8,,,0,THB,,,0,0.1602535,2026-07-01,2026-07-27
"2200 | DIA | Awareness | More Shine This July | 1 - 31 July 26","Awareness - More Shine This July - 1 - 31 July 26","2200 | DIA | Awareness | More Shine This July | 1 - 31 July 26  [BKK]",65+,unknown,15,16,,,0,THB,,,0,0.16008805,2026-07-01,2026-07-27
"2200 | Pearl | Awareness |  Lovely in Pearls | 1 - 31 July 26 - Copy","Pearl - Awareness -  Lovely in Pearls - 1 - 31 July 26","2200 | Pearl | Awareness |  Lovely in Pearls | 1 - 31 July 26 [Other-Province]",45-54,unknown,18,20,,,0,THB,,,0,0.16006724,2026-07-01,2026-07-27
"2200 | DIA | Awareness | Wedding Package | 4 - 31 July 26","Awareness   - Wedding Package - 4 - 31 July 26","2200 | DIA | Message | Wedding Package | 4 - 31 July 26  [BKK]",55-64,unknown,15,15,,,0,THB,,,0,0.1400714,2026-07-01,2026-07-27
"2200 | DIA | Engage | Disney Princess Collection - Album | 8 - 31 July 26","Engage - Disney Princess Collection - Album - 8 - 31 July 26","2200 | DIA | Engage |  Disney Princess Collection - Album | 8 - 31 July 26  [BKK]",65+,male,6,6,,,0,THB,,,0,0.12007151,2026-07-01,2026-07-27
"2200 | DIA | Awareness | Wedding Package | 4 - 31 July 26","Awareness  - Wedding Package - 4 - 31 July 26","2200 | DIA | Awareness  | Wedding Package | 4 - 31 July 26 [Other-Province]",55-64,unknown,11,11,,,0,THB,,,0,0.11004915,2026-07-01,2026-07-27
"2200 | Pearl | Awareness |  Lovely in Pearls | 1 - 31 July 26 - Copy","Pearl - Awareness -  Lovely in Pearls - 1 - 31 July 26","2200 | Pearl | Awareness |  Lovely in Pearls | 1 - 31 July 26 [Other-Province]",55-64,unknown,11,14,,,0,THB,,,0,0.11004622,2026-07-01,2026-07-27
"2200 | Pearl | Awareness |  Lovely in Pearls | 1 - 31 July 26 - Copy","Pearl - Awareness -  Lovely in Pearls - 1 - 31 July 26","2200 | Pearl | Awareness |  Lovely in Pearls | 1 - 31 July 26 [Other-Province]",65+,unknown,13,15,,,0,THB,,,0,0.11004622,2026-07-01,2026-07-27
"2200 | DIA | Message | Simply Charming | 16 - 31 July 26","Message - Simply Charming - 16 - 31 July 26","2200 | DIA | Message | Simply Charming | 16 - 31 July 26  [BKK]",65+,male,3,4,1,,1,THB,0.08004438,,25,0.08004438,2026-07-01,2026-07-27
"2200 | DIA | Awareness | Wedding Package | 4 - 31 July 26","Awareness   - Wedding Package - 4 - 31 July 26","2200 | DIA | Message | Wedding Package | 4 - 31 July 26  [BKK]",65+,unknown,10,10,,,0,THB,,,0,0.0800408,2026-07-01,2026-07-27
"2200 | DIA | Engage | Disney Princess Collection - Album | 8 - 31 July 26","Engage - Disney Princess Collection - Album - 8 - 31 July 26","2200 | DIA | Engage |  Disney Princess Collection - Album | 8 - 31 July 26 [Other-Province]",65+,male,2,9,1,,1,THB,0.07003579,,11.11111111,0.07003579,2026-07-01,2026-07-27
"2200 | DIA | Message | Jewel of July | 1 - 15 July 26","Message - Jewel of July - 1 - 15 July 26","2200 | DIA | Message | Jewel of July | 1 - 15 July 26 [Other-Province]",65+,unknown,1,2,,,0,THB,,,0,0.07000124,2026-07-01,2026-07-27
"2200 | Pearl | Message |  Lovely in Pearls | 1 - 31 July 26","Pearl - Message -  Lovely in Pearls - 1 - 31 July 26","2200 | Pearl | Message |  Lovely in Pearls | 1 - 31 July 26  [BKK]",18-24,unknown,3,6,,,0,THB,,,0,0.06000302,2026-07-01,2026-07-27
"2200 | DIA | Message | More Shine This July | 1 - 31 July 26","Message - More Shine This July - 1 - 31 July 26","2200 | DIA | Message | More Shine This July | 1 - 31 July 26 [Other-Province]",65+,male,2,7,,,0,THB,,,0,0.05001161,2026-07-01,2026-07-27
"2200 | Pearl | Message |  Lovely in Pearls | 1 - 31 July 26","Pearl - Message -  Lovely in Pearls - 1 - 31 July 26","2200 | Pearl | Message |  Lovely in Pearls | 1 - 31 July 26  [BKK]",65+,unknown,1,1,,,0,THB,,,0,0.05000252,2026-07-01,2026-07-27
"2200 | DIA | Message | Simply Charming | 16 - 31 July 26","Message - Simply Charming - 16 - 31 July 26","2200 | DIA | Message | Simply Charming | 16 - 31 July 26 [Other-Province]",65+,male,2,3,,,0,THB,,,0,0.04006337,2026-07-01,2026-07-27
"2200 | DIA | Message | Lovely in Pearls | 1 - 31 July 26","Message - Lovely in Pearls - 1 - 31 July 26","2200 | DIA | Message | Lovely in Pearls | 1 - 31 July 26  [BKK]",18-24,unknown,2,3,,,0,THB,,,0,0.04000128,2026-07-01,2026-07-27
"2200 | DIA | Message | Lovely in Pearls | 1 - 31 July 26","Message - Lovely in Pearls - 1 - 31 July 26","2200 | DIA | Message | Lovely in Pearls | 1 - 31 July 26 [Other-Province]",18-24,unknown,2,3,,,0,THB,,,0,0.04,2026-07-01,2026-07-27
"2200 | DIA | Message | More Shine This July | 1 - 31 July 26","Message - More Shine This July - 1 - 31 July 26","2200 | DIA | Message | More Shine This July | 1 - 31 July 26 [Other-Province]",45-54,unknown,1,1,,,0,THB,,,0,0.01000232,2026-07-01,2026-07-27
"2200 | DIA | Message | Wedding Package | 4 - 31 July 26","Message - Wedding Package - 4 - 31 July 26","2200 | DIA | Message | Wedding Package | 4 - 31 July 26 [Other-Province]",65+,male,1,2,,,0,THB,,,0,0.0100015,2026-07-01,2026-07-27
"2200 | DIA | Message | Best Seller - สร้อยข้อมือเพชร | 12 - 30 June 26","Message | Best Seller - สร้อยข้อมือเพชร | 12 - 30 June 26","2200 | DIA | Message | Best Seller - สร้อยข้อมือเพชร | 12 - 30 June 26  [BKK]",35-44,female,0,0,,1,0,THB,,0,0,0,2026-07-01,2026-07-27
"2200 | DIA | Message | Pearl with Pride | 1 - 30 June 26","Message  | Pearl with Pride | 1 - 30 June 26","2200 | DIA | Message | Pearl with Pride | 1 - 30 June 26 [Other-Province]",45-54,female,0,0,,1,0,THB,,0,0,0,2026-07-01,2026-07-27
"2200 | DIA | Message | Simply Charming | 16 - 31 July 26","Message - Simply Charming - 16 - 31 July 26","2200 | DIA | Message | Simply Charming | 16 - 31 July 26 [Other-Province]",45-54,unknown,1,1,,,0,THB,,,0,0,2026-07-01,2026-07-27
"2200 | DIA | Awareness | Simply Charming | 16 - 31 July 26","Awareness - Simply Charming - 16 - 31 July 26","2200 | DIA | Awareness | Simply Charming | 16 - 31 July 26 [Other-Province]",Unknown,unknown,0,0,1,,0,THB,0,,0,0,2026-07-01,2026-07-27
